assignment_id,faculty_id,course_code,section_id,semester_id,room_id,component_type,day _of_week,start_time,end_time,status
20241-00001,FA-000,COMP 011,18,20241,S508,Laboratory,Tuesday,3:00 PM,6:00 PM,Completed
20241-00002,FA-029,COMP 001,15,20241,S511,Laboratory,Friday,1:30 PM,4:30 PM,Completed
20241-00003,FA-032,COMP 037,49,20241,S504,Laboratory,Thursday,12:00 PM,3:00 PM,Completed
20241-00004,FA-035,INTE 202,13,20241,S510,Laboratory,Monday,10:30 AM,1:30 PM,Completed
20241-00005,FA-037,COMP 037,21,20241,S508,Laboratory,Saturday,10:30 AM,1:30 PM,Completed
20241-00006,FA-039,COSC 303,3,20241,S502,Laboratory,Saturday,9:00 AM,12:00 PM,Completed
20241-00007,FA-044,COMP 033,36,20241,S502,Laboratory,Friday,1:30 PM,4:30 PM,Completed
20241-00008,FA-045,COMP 025,52,20241,S508,Laboratory,Wednesday,3:00 PM,6:00 PM,Completed
20241-00009,FA-047,COMP 007,18,20241,S502,Laboratory,Wednesday,1:30 PM,4:30 PM,Completed
20241-00010,FA-048,COMP 025,2,20241,S510,Laboratory,Thursday,1:30 PM,4:30 PM,Completed
20241-00011,FA-028,COMP 033,13,20241,S503,Laboratory,Tuesday,7:30 AM,10:30 AM,Completed
20241-00012,FA-049,COMP 018,24,20241,S504,Laboratory,Friday,7:30 PM,10:30 PM,Completed
20241-00013,FA-054,COMP 008,17,20241,S502,Laboratory,Thursday,10:30 AM,1:30 PM,Completed
20241-00014,FA-000,COMP 025,34,20241,S504,Laboratory,Thursday,4:30 PM,7:30 PM,Completed
20241-00015,FA-007,COMP 008,29,20241,S508,Laboratory,Saturday,1:30 PM,4:30 PM,Completed
20241-00016,FA-008,COMP 011,50,20241,S503,Laboratory,Monday,6:00 PM,9:00 PM,Completed
20241-00017,FA-010,COMP 035,9,20241,S508,Laboratory,Tuesday,6:00 PM,9:00 PM,Completed
20241-00018,FA-011,COMP 013,40,20241,S503,Laboratory,Thursday,4:30 PM,7:30 PM,Completed
20241-00019,FA-013,COMP 008,6,20241,S502,Laboratory,Saturday,3:00 PM,6:00 PM,Completed
20241-00020,FA-018,COMP 001,23,20241,S511,Laboratory,Tuesday,3:00 PM,6:00 PM,Completed
20241-00021,FA-019,COSC 203,16,20241,S504,Laboratory,Thursday,9:00 AM,12:00 PM,Completed
20241-00022,FA-051,INTE 403,17,20241,S501,Laboratory,Saturday,12:00 PM,3:00 PM,Completed
20241-00023,FA-021,COSC 203,25,20241,S508,Laboratory,Friday,12:00 PM,3:00 PM,Completed
20241-00024,FA-026,COMP 022,46,20241,S504,Laboratory,Tuesday,9:00 AM,12:00 PM,Completed
20241-00025,FA-016,INTE 403,11,20241,S502,Laboratory,Monday,7:30 PM,10:30 PM,Completed
20241-00026,FA-009,COMP 008,27,20241,S510,Laboratory,Monday,7:30 AM,10:30 AM,Completed
20241-00027,FA-015,INTE 202,15,20241,S503,Laboratory,Monday,1:30 PM,4:30 PM,Completed
20241-00028,FA-016,COMP 001,21,20241,S503,Laboratory,Monday,10:30 AM,1:30 PM,Completed
20241-00029,FA-020,COMP 002,7,20241,S501,Laboratory,Saturday,7:30 AM,10:30 AM,Completed
20241-00030,FA-021,COMP 004,11,20241,S510,Laboratory,Friday,7:30 AM,10:30 AM,Completed
20241-00031,FA-022,COMP 007,3,20241,S504,Laboratory,Friday,10:30 AM,1:30 PM,Completed
20241-00032,FA-024,COSC 303,46,20241,S511,Laboratory,Saturday,7:30 AM,10:30 AM,Completed
20241-00033,FA-028,COMP 035,31,20241,S502,Laboratory,Monday,9:00 AM,12:00 PM,Completed
20241-00034,FA-032,COMP 034,32,20241,S502,Laboratory,Friday,9:00 AM,12:00 PM,Completed
20241-00035,FA-019,COMP 010,8,20241,S503,Laboratory,Saturday,1:30 PM,4:30 PM,Completed
20241-00036,FA-035,INTE 403,41,20241,S510,Laboratory,Thursday,7:30 AM,10:30 AM,Completed
20241-00037,FA-037,COMP 022,16,20241,S503,Laboratory,Wednesday,12:00 PM,3:00 PM,Completed
20241-00038,FA-042,COMP 010,14,20241,S503,Laboratory,Wednesday,4:30 PM,7:30 PM,Completed
20241-00039,FA-043,COMP 033,42,20241,S501,Laboratory,Friday,1:30 PM,4:30 PM,Completed
20241-00040,FA-046,COMP 013,6,20241,S504,Laboratory,Monday,1:30 PM,4:30 PM,Completed
20241-00041,FA-000,COMP 025,24,20241,S511,Laboratory,Thursday,10:30 AM,1:30 PM,Completed
20241-00042,FA-002,COMP 014,35,20241,S501,Laboratory,Tuesday,7:30 AM,10:30 AM,Completed
20241-00043,FA-003,COMP 011,11,20241,S508,Laboratory,Saturday,7:30 PM,10:30 PM,Completed
20241-00044,FA-008,COMP 008,47,20241,S503,Laboratory,Thursday,12:00 PM,3:00 PM,Completed
20241-00045,FA-011,COMP 010,35,20241,S510,Laboratory,Saturday,7:30 PM,10:30 PM,Completed
20241-00046,FA-036,COMP 025,49,20241,S501,Laboratory,Wednesday,4:30 PM,7:30 PM,Completed
20241-00047,FA-006,COMP 014,23,20241,S511,Laboratory,Friday,7:30 AM,10:30 AM,Completed
20241-00048,FA-030,COMP 006,2,20241,S501,Laboratory,Monday,6:00 PM,9:00 PM,Completed
20241-00049,FA-039,INTE 202,37,20241,S504,Laboratory,Friday,1:30 PM,4:30 PM,Completed
20241-00050,FA-036,COMP 010,17,20241,S501,Laboratory,Tuesday,4:30 PM,7:30 PM,Completed
20241-00051,FA-037,COMP 034,36,20241,S511,Laboratory,Monday,6:00 PM,9:00 PM,Completed
20241-00052,FA-039,INTE 202,26,20241,S511,Laboratory,Monday,12:00 PM,3:00 PM,Completed
20241-00053,FA-040,COMP 019,44,20241,S502,Laboratory,Thursday,7:30 PM,10:30 PM,Completed
20241-00054,FA-041,INTE 403,37,20241,S501,Laboratory,Saturday,6:00 PM,9:00 PM,Completed
20241-00055,FA-042,COMP 010,37,20241,S503,Laboratory,Tuesday,6:00 PM,9:00 PM,Completed
20241-00056,FA-044,COMP 018,30,20241,S508,Laboratory,Friday,6:00 PM,9:00 PM,Completed
20241-00057,FA-050,COSC 301,10,20241,S510,Laboratory,Saturday,12:00 PM,3:00 PM,Completed
20241-00058,FA-053,COMP 022,13,20241,S508,Laboratory,Thursday,12:00 PM,3:00 PM,Completed
20241-00059,FA-034,COMP 035,52,20241,S504,Laboratory,Friday,4:30 PM,7:30 PM,Completed
20241-00060,FA-000,COMP 001,19,20241,S502,Laboratory,Thursday,7:30 AM,10:30 AM,Completed
20241-00061,FA-003,COMP 013,20,20241,S508,Laboratory,Monday,3:00 PM,6:00 PM,Completed
20241-00062,FA-005,COMP 019,35,20241,S508,Laboratory,Friday,9:00 AM,12:00 PM,Completed
20241-00063,FA-006,COMP 032,27,20241,S503,Laboratory,Friday,1:30 PM,4:30 PM,Completed
20241-00064,FA-009,COMP 022,35,20241,S504,Laboratory,Saturday,4:30 PM,7:30 PM,Completed
20241-00065,FA-012,COSC 351,36,20241,S503,Laboratory,Wednesday,9:00 AM,12:00 PM,Completed
20241-00066,FA-014,COMP 010,12,20241,S511,Laboratory,Monday,9:00 AM,12:00 PM,Completed
20241-00067,FA-015,INTE 403,44,20241,S510,Laboratory,Tuesday,4:30 PM,7:30 PM,Completed
20241-00068,FA-017,COMP 006,9,20241,S502,Laboratory,Thursday,1:30 PM,4:30 PM,Completed
20241-00069,FA-018,COMP 010,48,20241,S502,Laboratory,Monday,3:00 PM,6:00 PM,Completed
20241-00070,FA-001,COMP 010,10,20241,S503,Laboratory,Saturday,4:30 PM,7:30 PM,Completed
20241-00071,FA-034,COMP 025,20,20241,S510,Laboratory,Monday,7:30 PM,10:30 PM,Completed
20241-00072,FA-030,COMP 011,43,20241,S504,Laboratory,Wednesday,6:00 PM,9:00 PM,Completed
20241-00073,FA-024,COMP 013,30,20241,S501,Laboratory,Wednesday,9:00 AM,12:00 PM,Completed
20241-00074,FA-040,INTE 202,21,20241,S501,Laboratory,Tuesday,12:00 PM,3:00 PM,Completed
20241-00075,FA-044,COMP 038,30,20241,S510,Laboratory,Thursday,7:30 PM,10:30 PM,Completed
20241-00076,FA-046,COMP 013,43,20241,S508,Laboratory,Wednesday,12:00 PM,3:00 PM,Completed
20241-00077,FA-048,COMP 022,36,20241,S503,Laboratory,Tuesday,3:00 PM,6:00 PM,Completed
20241-00078,FA-049,COMP 035,33,20241,S504,Laboratory,Friday,7:30 AM,10:30 AM,Completed
20241-00079,FA-051,INTE 202,47,20241,S511,Laboratory,Monday,3:00 PM,6:00 PM,Completed
20241-00080,FA-053,COSC 303,40,20241,S511,Laboratory,Wednesday,7:30 PM,10:30 PM,Completed
20241-00081,FA-054,INTE 403,5,20241,S511,Laboratory,Saturday,6:00 PM,9:00 PM,Completed
20241-00082,FA-000,COMP 022,32,20241,S504,Laboratory,Saturday,9:00 AM,12:00 PM,Completed
20241-00083,FA-028,COSC 301,47,20241,S510,Laboratory,Friday,1:30 PM,4:30 PM,Completed
20241-00084,FA-002,COMP 001,39,20241,S510,Laboratory,Thursday,10:30 AM,1:30 PM,Completed
20241-00085,FA-007,COMP 010,2,20241,S508,Laboratory,Thursday,7:30 AM,10:30 AM,Completed
20241-00086,FA-008,COMP 011,8,20241,S503,Laboratory,Saturday,9:00 AM,12:00 PM,Completed
20241-00087,FA-010,COMP 038,35,20241,S501,Laboratory,Thursday,7:30 AM,10:30 AM,Completed
20241-00088,FA-012,COMP 011,34,20241,S504,Laboratory,Monday,7:30 AM,10:30 AM,Completed
20241-00089,FA-015,COSC 351,7,20241,S511,Laboratory,Friday,4:30 PM,7:30 PM,Completed
20241-00090,FA-017,COMP 032,37,20241,S508,Laboratory,Monday,7:30 AM,10:30 AM,Completed
20241-00091,FA-019,COSC 301,39,20241,S501,Laboratory,Wednesday,12:00 PM,3:00 PM,Completed
20241-00092,FA-022,COMP 032,51,20241,S511,Laboratory,Saturday,3:00 PM,6:00 PM,Completed
20241-00093,FA-023,INTE 403,31,20241,S504,Laboratory,Wednesday,10:30 AM,1:30 PM,Completed
20241-00094,FA-003,COMP 032,1,20241,S508,Laboratory,Saturday,4:30 PM,7:30 PM,Completed
20241-00095,FA-005,COSC 203,48,20241,S510,Laboratory,Saturday,9:00 AM,12:00 PM,Completed
20241-00096,FA-018,COMP 034,19,20241,S511,Laboratory,Wednesday,10:30 AM,1:30 PM,Completed
20241-00097,FA-000,COMP 035,42,20241,S510,Laboratory,Wednesday,10:30 AM,1:30 PM,Completed
20241-00098,FA-042,COMP 034,3,20241,S501,Laboratory,Friday,6:00 PM,9:00 PM,Completed
20241-00099,FA-006,COMP 011,10,20241,S508,Laboratory,Monday,7:30 PM,10:30 PM,Completed
20241-00100,FA-040,COSC 301,45,20241,S503,Laboratory,Friday,6:00 PM,9:00 PM,Completed
20241-00101,FA-028,COMP 007,4,20241,S502,Laboratory,Friday,6:00 PM,9:00 PM,Completed
20241-00102,FA-011,COMP 038,25,20241,S501,Laboratory,Thursday,12:00 PM,3:00 PM,Completed
20241-00103,FA-015,COMP 037,44,20241,S510,Laboratory,Saturday,4:30 PM,7:30 PM,Completed
20241-00104,FA-014,COMP 025,41,20241,S504,Laboratory,Tuesday,7:30 PM,10:30 PM,Completed
20241-00105,FA-033,COMP 035,48,20241,S510,Laboratory,Friday,4:30 PM,7:30 PM,Completed
20241-00106,FA-017,COMP 035,32,20241,S503,Laboratory,Thursday,9:00 AM,12:00 PM,Completed
20241-00107,FA-046,COMP 001,41,20241,S511,Laboratory,Friday,7:30 PM,10:30 PM,Completed
20241-00108,FA-045,COMP 007,27,20241,S511,Laboratory,Tuesday,7:30 PM,10:30 PM,Completed
20241-00109,FA-043,COMP 033,47,20241,S504,Laboratory,Saturday,1:30 PM,4:30 PM,Completed
20241-00110,FA-032,COMP 011,21,20241,S504,Laboratory,Monday,6:00 PM,9:00 PM,Completed
20241-00111,FA-042,COMP 032,12,20241,S502,Laboratory,Wednesday,10:30 AM,1:30 PM,Completed
20241-00112,FA-023,COSC 351,21,20241,S510,Laboratory,Wednesday,7:30 AM,10:30 AM,Completed
20241-00113,FA-039,COMP 038,11,20241,S504,Laboratory,Tuesday,3:00 PM,6:00 PM,Completed
20241-00114,FA-028,INTE 302,43,20241,S502,Laboratory,Tuesday,1:30 PM,4:30 PM,Completed
20241-00115,FA-037,COMP 019,39,20241,S502,Laboratory,Wednesday,7:30 AM,10:30 AM,Completed
20241-00116,FA-033,COMP 007,19,20241,S510,Laboratory,Tuesday,1:30 PM,4:30 PM,Completed
20241-00117,FA-023,COMP 033,46,20241,S511,Laboratory,Thursday,3:00 PM,6:00 PM,Completed
20241-00118,FA-026,COMP 037,41,20241,S502,Laboratory,Tuesday,4:30 PM,7:30 PM,Completed
20241-00119,FA-024,COMP 008,43,20241,S501,Laboratory,Saturday,3:00 PM,6:00 PM,Completed
20241-00120,FA-026,COMP 014,28,20241,S510,Laboratory,Monday,1:30 PM,4:30 PM,Completed
20241-00121,FA-027,COMP 007,23,20241,S511,Laboratory,Tuesday,10:30 AM,1:30 PM,Completed
20241-00122,FA-025,COSC 203,7,20241,S510,Laboratory,Tuesday,10:30 AM,1:30 PM,Completed
20241-00123,FA-047,COSC 203,28,20241,S502,Laboratory,Wednesday,7:30 PM,10:30 PM,Completed
20241-00124,FA-005,COSC 303,33,20241,S502,Laboratory,Saturday,6:00 PM,9:00 PM,Completed
20241-00125,FA-009,COSC 203,19,20241,S503,Laboratory,Wednesday,7:30 PM,10:30 PM,Completed
20241-00126,FA-046,COMP 034,2,20241,S504,Laboratory,Wednesday,7:30 AM,10:30 AM,Completed
20241-00127,FA-050,COMP 001,49,20241,S511,Laboratory,Friday,10:30 AM,1:30 PM,Completed
20241-00128,FA-039,COMP 038,4,20241,S511,Laboratory,Saturday,12:00 PM,3:00 PM,Completed
20241-00129,FA-054,COMP 037,48,20241,S501,Laboratory,Thursday,7:30 PM,10:30 PM,Completed
20241-00130,FA-052,COMP 006,39,20241,S508,Laboratory,Thursday,7:30 PM,10:30 PM,Completed
20241-00131,FA-005,COMP 035,12,20241,S510,Laboratory,Monday,4:30 PM,7:30 PM,Completed
20241-00132,FA-000,COSC 303,23,20241,S508,Laboratory,Friday,3:00 PM,6:00 PM,Completed
20241-00133,FA-004,COMP 018,4,20241,S511,Laboratory,Thursday,7:30 AM,10:30 AM,Completed
20241-00134,FA-009,COMP 019,1,20241,S503,Laboratory,Friday,9:00 AM,12:00 PM,Completed
20241-00135,FA-049,COMP 025,18,20241,S502,Laboratory,Tuesday,10:30 AM,1:30 PM,Completed
20241-00136,FA-007,COMP 032,44,20241,S508,Laboratory,Monday,12:00 PM,3:00 PM,Completed
20241-00137,FA-004,COMP 032,39,20241,S501,Laboratory,Monday,1:30 PM,4:30 PM,Completed
20241-00138,FA-006,COMP 002,36,20241,S511,Laboratory,Thursday,6:00 PM,9:00 PM,Completed
20241-00139,FA-033,COMP 019,28,20241,S501,Laboratory,Friday,10:30 AM,1:30 PM,Completed
20241-00140,FA-001,COSC 351,19,20241,S502,Laboratory,Monday,12:00 PM,3:00 PM,Completed
20241-00141,FA-027,COMP 002,9,20241,E403,Lecture,Saturday,6:00 PM,8:00 PM,Completed
20241-00142,FA-026,COMP 025,14,20241,E409,Lecture,Friday,1:30 PM,3:30 PM,Completed
20241-00143,FA-001,GEED 013,5,20241,E401,Lecture,Friday,12:00 PM,2:00 PM,Completed
20241-00144,FA-037,COMP 032,41,20241,E405,Lecture,Friday,3:00 PM,5:00 PM,Completed
20241-00145,FA-004,GEED 013,38,20241,E413,Lecture,Wednesday,6:00 PM,8:00 PM,Completed
20241-00146,FA-024,COMP 023,39,20241,E403,Lecture,Saturday,12:00 PM,2:00 PM,Completed
20241-00147,FA-005,COSC 303,22,20241,E408,Lecture,Tuesday,6:00 PM,8:00 PM,Completed
20241-00148,FA-023,COMP 035,35,20241,E412,Lecture,Friday,7:30 PM,9:30 PM,Completed
20241-00149,FA-022,COSC 305,15,20241,E411,Lecture,Saturday,10:30 AM,12:30 PM,Completed
20241-00150,FA-006,COMP 015,40,20241,E406,Lecture,Thursday,7:30 AM,9:30 AM,Completed
20241-00151,FA-025,COSC 401,14,20241,E415,Lecture,Saturday,6:00 PM,8:00 PM,Completed
20241-00152,FA-040,COMP 019,51,20241,E412,Lecture,Monday,10:30 AM,12:30 PM,Completed
20241-00153,FA-029,COMP 037,26,20241,E418,Lecture,Tuesday,10:30 AM,12:30 PM,Completed
20241-00154,FA-052,COMP 019,27,20241,E406,Lecture,Saturday,12:00 PM,2:00 PM,Completed
20241-00155,FA-038,COSC 301,12,20241,E415,Lecture,Friday,9:00 AM,11:00 AM,Completed
20241-00156,FA-048,GEED 014,25,20241,E404,Lecture,Friday,6:00 PM,8:00 PM,Completed
20241-00157,FA-036,GEED 014,27,20241,E406,Lecture,Thursday,4:30 PM,6:30 PM,Completed
20241-00158,FA-035,COSC 305,14,20241,E406,Lecture,Tuesday,3:00 PM,5:00 PM,Completed
20241-00159,FA-033,INTE 402,29,20241,E406,Lecture,Monday,10:30 AM,12:30 PM,Completed
20241-00160,FA-032,COMP 033,1,20241,E411,Lecture,Wednesday,7:30 AM,9:30 AM,Completed
20241-00161,FA-041,COMP 038,16,20241,E415,Lecture,Monday,9:00 AM,11:00 AM,Completed
20241-00162,FA-042,COMP 015,22,20241,E401,Lecture,Friday,9:00 AM,11:00 AM,Completed
20241-00163,FA-043,COMP 011,35,20241,E404,Lecture,Monday,7:30 AM,9:30 AM,Completed
20241-00164,FA-031,COMP 035,15,20241,E406,Lecture,Tuesday,10:30 AM,12:30 PM,Completed
20241-00165,FA-045,INTE 402,44,20241,E418,Lecture,Friday,9:00 AM,11:00 AM,Completed
20241-00166,FA-047,COMP 035,8,20241,E416,Lecture,Tuesday,7:30 AM,9:30 AM,Completed
20241-00167,FA-044,GEED 013,1,20241,E409,Lecture,Tuesday,6:00 PM,8:00 PM,Completed
20241-00168,FA-050,COMP 008,5,20241,E414,Lecture,Tuesday,12:00 PM,2:00 PM,Completed
20241-00169,FA-028,GEED 013,10,20241,E416,Lecture,Wednesday,6:00 PM,8:00 PM,Completed
20241-00170,FA-041,COMP 007,33,20241,E411,Lecture,Monday,12:00 PM,2:00 PM,Completed
20241-00171,FA-030,INTE 403,22,20241,E413,Lecture,Tuesday,1:30 PM,3:30 PM,Completed
20241-00172,FA-018,COSC 401,50,20241,E409,Lecture,Monday,12:00 PM,2:00 PM,Completed
20241-00173,FA-009,COSC 401,48,20241,E405,Lecture,Wednesday,10:30 AM,12:30 PM,Completed
20241-00174,FA-045,COMP 023,49,20241,E408,Lecture,Thursday,7:30 PM,9:30 PM,Completed
20241-00175,FA-046,COMP 106,17,20241,E411,Lecture,Saturday,7:30 AM,9:30 AM,Completed
20241-00176,FA-047,COMP 034,38,20241,E415,Lecture,Thursday,12:00 PM,2:00 PM,Completed
20241-00177,FA-048,COMP 033,40,20241,E406,Lecture,Wednesday,10:30 AM,12:30 PM,Completed
20241-00178,FA-049,COMP 005,42,20241,E408,Lecture,Wednesday,6:00 PM,8:00 PM,Completed
20241-00179,FA-051,COMP 004,49,20241,E414,Lecture,Friday,6:00 PM,8:00 PM,Completed
20241-00180,FA-052,INTE 302,34,20241,E411,Lecture,Friday,12:00 PM,2:00 PM,Completed
20241-00181,FA-001,COSC 351,37,20241,E412,Lecture,Tuesday,10:30 AM,12:30 PM,Completed
20241-00182,FA-054,COMP 013,38,20241,E409,Lecture,Thursday,4:30 PM,6:30 PM,Completed
20241-00183,FA-044,COMP 037,21,20241,E405,Lecture,Tuesday,7:30 AM,9:30 AM,Completed
20241-00184,FA-043,GEED 013,5,20241,E405,Lecture,Monday,3:00 PM,5:00 PM,Completed
20241-00185,FA-002,COMP 035,22,20241,E415,Lecture,Thursday,4:30 PM,6:30 PM,Completed
20241-00186,FA-004,COSC 203,14,20241,E406,Lecture,Tuesday,7:30 PM,9:30 PM,Completed
20241-00187,FA-037,INTE 402,23,20241,E401,Lecture,Saturday,7:30 PM,9:30 PM,Completed
20241-00188,FA-007,COSC 303,51,20241,E411,Lecture,Tuesday,4:30 PM,6:30 PM,Completed
20241-00189,FA-008,GEED 014,41,20241,E417,Lecture,Wednesday,12:00 PM,2:00 PM,Completed
20241-00190,FA-010,COMP 014,26,20241,E415,Lecture,Wednesday,3:00 PM,5:00 PM,Completed
20241-00191,FA-011,COMP 014,50,20241,E404,Lecture,Friday,10:30 AM,12:30 PM,Completed
20241-00192,FA-013,COSC 201,9,20241,E412,Lecture,Monday,3:00 PM,5:00 PM,Completed
20241-00193,FA-006,COMP 106,4,20241,E401,Lecture,Monday,4:30 PM,6:30 PM,Completed
20241-00194,FA-016,INTE 403,11,20241,E410,Lecture,Wednesday,3:00 PM,5:00 PM,Completed
20241-00195,FA-004,COMP 106,22,20241,E404,Lecture,Saturday,6:00 PM,8:00 PM,Completed
20241-00196,FA-040,COMP 033,31,20241,E413,Lecture,Thursday,9:00 AM,11:00 AM,Completed
20241-00197,FA-014,COMP 006,16,20241,E417,Lecture,Wednesday,9:00 AM,11:00 AM,Completed
20241-00198,FA-038,COSC 303,11,20241,E415,Lecture,Tuesday,10:30 AM,12:30 PM,Completed
20241-00199,FA-016,COMP 106,16,20241,E409,Lecture,Thursday,1:30 PM,3:30 PM,Completed
20241-00200,FA-011,COMP 023,2,20241,E414,Lecture,Saturday,3:00 PM,5:00 PM,Completed
20241-00201,FA-013,GEED 013,17,20241,E409,Lecture,Monday,6:00 PM,8:00 PM,Completed
20241-00202,FA-014,COMP 007,7,20241,E407,Lecture,Thursday,3:00 PM,5:00 PM,Completed
20241-00203,FA-016,INTE 402,20,20241,E409,Lecture,Friday,9:00 AM,11:00 AM,Completed
20241-00204,FA-025,COMP 005,13,20241,E413,Lecture,Thursday,3:00 PM,5:00 PM,Completed
20241-00205,FA-051,COMP 013,29,20241,E416,Lecture,Friday,10:30 AM,12:30 PM,Completed
20241-00206,FA-024,COSC 351,42,20241,E403,Lecture,Tuesday,1:30 PM,3:30 PM,Completed
20241-00207,FA-020,COMP 013,32,20241,E418,Lecture,Monday,3:00 PM,5:00 PM,Completed
20241-00208,FA-021,COMP 006,47,20241,E410,Lecture,Monday,6:00 PM,8:00 PM,Completed
20241-00209,FA-022,INTE 402,51,20241,E416,Lecture,Friday,7:30 AM,9:30 AM,Completed
20241-00210,FA-021,COMP 022,20,20241,E404,Lecture,Tuesday,12:00 PM,2:00 PM,Completed
20241-00211,FA-025,COMP 032,22,20241,E408,Lecture,Friday,1:30 PM,3:30 PM,Completed
20241-00212,FA-026,COSC 203,6,20241,E415,Lecture,Wednesday,12:00 PM,2:00 PM,Completed
20241-00213,FA-027,COSC 301,44,20241,E404,Lecture,Saturday,9:00 AM,11:00 AM,Completed
20241-00214,FA-020,COMP 013,23,20241,E410,Lecture,Monday,9:00 AM,11:00 AM,Completed
20241-00215,FA-029,COSC 201,34,20241,E412,Lecture,Wednesday,7:30 AM,9:30 AM,Completed
20241-00216,FA-019,COMP 005,18,20241,E406,Lecture,Monday,4:30 PM,6:30 PM,Completed
20241-00217,FA-031,COMP 020,31,20241,E405,Lecture,Wednesday,6:00 PM,8:00 PM,Completed
20241-00218,FA-032,COMP 002,29,20241,E401,Lecture,Monday,7:30 AM,9:30 AM,Completed
20241-00219,FA-033,COSC 401,28,20241,E405,Lecture,Tuesday,6:00 PM,8:00 PM,Completed
20241-00220,FA-018,INTE 302,14,20241,E401,Lecture,Friday,6:00 PM,8:00 PM,Completed
20241-00221,FA-035,COMP 035,30,20241,E417,Lecture,Wednesday,3:00 PM,5:00 PM,Completed
20241-00222,FA-017,COMP 014,18,20241,E410,Lecture,Saturday,7:30 PM,9:30 PM,Completed
20241-00223,FA-029,COMP 015,12,20241,E407,Lecture,Wednesday,1:30 PM,3:30 PM,Completed
20241-00224,FA-020,INTE 202,41,20241,E414,Lecture,Thursday,12:00 PM,2:00 PM,Completed
20241-00225,FA-000,COMP 038,24,20241,E416,Lecture,Tuesday,10:30 AM,12:30 PM,Completed
20241-00226,FA-053,COSC 401,18,20241,E412,Lecture,Saturday,10:30 AM,12:30 PM,Completed
20241-00227,FA-043,COMP 020,5,20241,E409,Lecture,Saturday,9:00 AM,11:00 AM,Completed
20241-00228,FA-033,COMP 037,10,20241,E409,Lecture,Wednesday,3:00 PM,5:00 PM,Completed
20241-00229,FA-034,COMP 034,24,20241,E406,Lecture,Wednesday,1:30 PM,3:30 PM,Completed
20241-00230,FA-041,COSC 401,6,20241,E412,Lecture,Tuesday,4:30 PM,6:30 PM,Completed
20241-00231,FA-039,GEED 013,45,20241,E404,Lecture,Wednesday,12:00 PM,2:00 PM,Completed
20241-00232,FA-040,COSC 401,45,20241,E403,Lecture,Wednesday,6:00 PM,8:00 PM,Completed
20241-00233,FA-041,COMP 023,38,20241,E412,Lecture,Wednesday,1:30 PM,3:30 PM,Completed
20241-00234,FA-039,COMP 035,39,20241,E412,Lecture,Saturday,4:30 PM,6:30 PM,Completed
20241-00235,FA-037,COSC 203,3,20241,E417,Lecture,Wednesday,6:00 PM,8:00 PM,Completed
20241-00236,FA-044,COMP 032,9,20241,E411,Lecture,Thursday,10:30 AM,12:30 PM,Completed
20241-00237,FA-045,INTE 302,38,20241,E413,Lecture,Friday,1:30 PM,3:30 PM,Completed
20241-00238,FA-047,COMP 013,33,20241,E407,Lecture,Friday,12:00 PM,2:00 PM,Completed
20241-00239,FA-048,COMP 002,51,20241,E410,Lecture,Saturday,10:30 AM,12:30 PM,Completed
20241-00240,FA-049,COMP 020,24,20241,E418,Lecture,Tuesday,1:30 PM,3:30 PM,Completed
20241-00241,FA-050,GEED 013,13,20241,E416,Lecture,Friday,3:00 PM,5:00 PM,Completed
20241-00242,FA-051,COMP 038,5,20241,E416,Lecture,Thursday,3:00 PM,5:00 PM,Completed
20241-00243,FA-052,INTE 202,29,20241,E412,Lecture,Thursday,4:30 PM,6:30 PM,Completed
20241-00244,FA-053,COMP 018,52,20241,E417,Lecture,Monday,9:00 AM,11:00 AM,Completed
20241-00245,FA-054,COMP 013,11,20241,E407,Lecture,Friday,6:00 PM,8:00 PM,Completed
20241-00246,FA-001,INTE 403,46,20241,E411,Lecture,Monday,4:30 PM,6:30 PM,Completed
20241-00247,FA-030,COSC 201,1,20241,E416,Lecture,Saturday,7:30 AM,9:30 AM,Completed
20241-00248,FA-029,COMP 106,30,20241,E411,Lecture,Thursday,1:30 PM,3:30 PM,Completed
20241-00249,FA-004,COMP 018,26,20241,E413,Lecture,Monday,4:30 PM,6:30 PM,Completed
20241-00250,FA-031,COMP 022,30,20241,E407,Lecture,Saturday,7:30 AM,9:30 AM,Completed
20241-00251,FA-030,COMP 022,38,20241,E407,Lecture,Thursday,7:30 AM,9:30 AM,Completed
20241-00252,FA-029,GEED 013,26,20241,E406,Lecture,Friday,7:30 PM,9:30 PM,Completed
20241-00253,FA-044,INTE 403,2,20241,E414,Lecture,Monday,12:00 PM,2:00 PM,Completed
20241-00254,FA-001,COMP 005,9,20241,E401,Lecture,Saturday,12:00 PM,2:00 PM,Completed
20241-00255,FA-003,INTE 202,36,20241,E407,Lecture,Tuesday,6:00 PM,8:00 PM,Completed
20241-00256,FA-004,COMP 032,33,20241,E403,Lecture,Tuesday,9:00 AM,11:00 AM,Completed
20241-00257,FA-053,COMP 033,27,20241,E401,Lecture,Tuesday,12:00 PM,2:00 PM,Completed
20241-00258,FA-007,COMP 023,50,20241,E416,Lecture,Wednesday,7:30 AM,9:30 AM,Completed
20241-00259,FA-008,COMP 022,42,20241,E405,Lecture,Friday,6:00 PM,8:00 PM,Completed
20241-00260,FA-051,COMP 022,50,20241,E403,Lecture,Friday,1:30 PM,3:30 PM,Completed
20241-00261,FA-010,COMP 023,44,20241,E416,Lecture,Friday,6:00 PM,8:00 PM,Completed
20241-00262,FA-011,COMP 008,3,20241,E404,Lecture,Saturday,12:00 PM,2:00 PM,Completed
20241-00263,FA-012,COMP 032,12,20241,E415,Lecture,Friday,12:00 PM,2:00 PM,Completed
20241-00264,FA-013,COMP 002,30,20241,E401,Lecture,Monday,12:00 PM,2:00 PM,Completed
20241-00265,FA-005,INTE 402,25,20241,E401,Lecture,Tuesday,7:30 AM,9:30 AM,Completed
20241-00266,FA-014,COSC 203,5,20241,E412,Lecture,Thursday,10:30 AM,12:30 PM,Completed
20241-00267,FA-049,COMP 005,3,20241,E414,Lecture,Monday,6:00 PM,8:00 PM,Completed
20241-00268,FA-017,COMP 023,23,20241,E407,Lecture,Monday,6:00 PM,8:00 PM,Completed
20241-00269,FA-018,COMP 106,10,20241,E407,Lecture,Tuesday,9:00 AM,11:00 AM,Completed
20241-00270,FA-019,COMP 020,33,20241,E414,Lecture,Tuesday,4:30 PM,6:30 PM,Completed
20241-00271,FA-048,INTE 403,32,20241,E403,Lecture,Tuesday,6:00 PM,8:00 PM,Completed
20241-00272,FA-047,INTE 402,34,20241,E414,Lecture,Saturday,10:30 AM,12:30 PM,Completed
20241-00273,FA-023,INTE 402,4,20241,E417,Lecture,Tuesday,7:30 AM,9:30 AM,Completed
20241-00274,FA-045,COMP 025,15,20241,E403,Lecture,Monday,6:00 PM,8:00 PM,Completed
20241-00275,FA-025,INTE 202,40,20241,E418,Lecture,Monday,7:30 AM,9:30 AM,Completed
20241-00276,FA-026,COMP 019,20,20241,E408,Lecture,Friday,7:30 PM,9:30 PM,Completed
20241-00277,FA-027,COSC 305,43,20241,E406,Lecture,Friday,9:00 AM,11:00 AM,Completed
20241-00278,FA-050,COMP 022,6,20241,E410,Lecture,Friday,7:30 PM,9:30 PM,Completed
20241-00279,FA-006,COSC 305,24,20241,E416,Lecture,Saturday,12:00 PM,2:00 PM,Completed
20241-00280,FA-007,COMP 014,12,20241,E417,Lecture,Thursday,7:30 PM,9:30 PM,Completed
20241-00281,FA-009,COMP 023,48,20241,E414,Lecture,Tuesday,9:00 AM,11:00 AM,Completed
20241-00282,FA-042,COSC 305,48,20241,E414,Lecture,Monday,7:30 AM,9:30 AM,Completed
20241-00283,FA-043,COSC 305,26,20241,E410,Lecture,Wednesday,6:00 PM,8:00 PM,Completed
20241-00284,FA-016,COSC 201,47,20241,E417,Lecture,Saturday,7:30 AM,9:30 AM,Completed
20241-00285,FA-046,COMP 014,16,20241,E410,Lecture,Friday,9:00 AM,11:00 AM,Completed
20241-00286,FA-015,COMP 007,13,20241,E405,Lecture,Monday,6:00 PM,8:00 PM,Completed
20241-00287,FA-050,COMP 008,8,20241,E408,Lecture,Monday,1:30 PM,3:30 PM,Completed
20241-00288,FA-009,COMP 005,49,20241,E406,Lecture,Wednesday,7:30 AM,9:30 AM,Completed
20241-00289,FA-052,COMP 038,52,20241,E417,Lecture,Thursday,1:30 PM,3:30 PM,Completed
20241-00290,FA-053,COMP 034,8,20241,E416,Lecture,Thursday,9:00 AM,11:00 AM,Completed
20241-00291,FA-001,COMP 020,32,20241,E409,Lecture,Wednesday,7:30 PM,9:30 PM,Completed
20241-00292,FA-002,COMP 106,40,20241,E413,Lecture,Friday,10:30 AM,12:30 PM,Completed
20241-00293,FA-041,COMP 019,8,20241,E411,Lecture,Wednesday,10:30 AM,12:30 PM,Completed
20241-00294,FA-003,INTE 403,15,20241,E408,Lecture,Tuesday,1:30 PM,3:30 PM,Completed
20241-00295,FA-005,INTE 403,28,20241,E403,Lecture,Monday,9:00 AM,11:00 AM,Completed
20241-00296,FA-006,COSC 203,31,20241,E413,Lecture,Monday,1:30 PM,3:30 PM,Completed
20241-00297,FA-005,COMP 015,29,20241,E404,Lecture,Thursday,7:30 PM,9:30 PM,Completed
20241-00298,FA-009,COMP 037,46,20241,E412,Lecture,Saturday,7:30 PM,9:30 PM,Completed
20241-00299,FA-001,COMP 010,43,20241,E409,Lecture,Tuesday,7:30 AM,9:30 AM,Completed
20241-00300,FA-012,COMP 034,22,20241,E417,Lecture,Thursday,9:00 AM,11:00 AM,Completed
20241-00301,FA-054,COSC 401,1,20241,E405,Lecture,Tuesday,1:30 PM,3:30 PM,Completed
20241-00302,FA-014,COMP 010,34,20241,E411,Lecture,Wednesday,7:30 PM,9:30 PM,Completed
20241-00303,FA-015,COMP 005,45,20241,E414,Lecture,Thursday,9:00 AM,11:00 AM,Completed
20241-00304,FA-016,COMP 025,37,20241,E405,Lecture,Wednesday,7:30 AM,9:30 AM,Completed
20241-00305,FA-017,COMP 015,46,20241,E414,Lecture,Wednesday,10:30 AM,12:30 PM,Completed
20241-00306,FA-004,COMP 022,1,20241,E416,Lecture,Monday,10:30 AM,12:30 PM,Completed
20241-00307,FA-052,COMP 022,52,20241,E415,Lecture,Wednesday,6:00 PM,8:00 PM,Completed
20241-00308,FA-040,COMP 035,17,20241,E408,Lecture,Wednesday,10:30 AM,12:30 PM,Completed
20241-00309,FA-038,COSC 201,42,20241,E416,Lecture,Thursday,7:30 PM,9:30 PM,Completed
20241-00310,FA-010,COSC 401,25,20241,E414,Lecture,Thursday,3:00 PM,5:00 PM,Completed
20241-00311,FA-027,COSC 303,33,20241,E418,Lecture,Wednesday,3:00 PM,5:00 PM,Completed
20241-00312,FA-012,COSC 201,50,20241,E406,Lecture,Saturday,7:30 AM,9:30 AM,Completed
20241-00313,FA-013,COMP 005,31,20241,E410,Lecture,Friday,1:30 PM,3:30 PM,Completed
20241-00314,FA-014,COMP 015,4,20241,E407,Lecture,Tuesday,3:00 PM,5:00 PM,Completed
20241-00315,FA-015,GEED 013,24,20241,E411,Lecture,Monday,9:00 AM,11:00 AM,Completed
20241-00316,FA-017,COMP 023,26,20241,E408,Lecture,Saturday,1:30 PM,3:30 PM,Completed
20241-00317,FA-019,INTE 402,52,20241,E413,Lecture,Tuesday,7:30 AM,9:30 AM,Completed
20241-00318,FA-020,COMP 011,17,20241,E401,Lecture,Wednesday,3:00 PM,5:00 PM,Completed
20241-00319,FA-021,COSC 201,28,20241,E409,Lecture,Wednesday,12:00 PM,2:00 PM,Completed
20241-00320,FA-022,GEED 014,7,20241,E418,Lecture,Friday,7:30 PM,9:30 PM,Completed
20241-00321,FA-018,GEED 014,9,20241,E414,Lecture,Friday,10:30 AM,12:30 PM,Completed
20241-00322,FA-023,COMP 106,45,20241,E405,Lecture,Monday,9:00 AM,11:00 AM,Completed
20241-00323,FA-025,COMP 005,2,20241,E403,Lecture,Saturday,7:30 AM,9:30 AM,Completed
20241-00324,FA-027,COMP 007,14,20241,E413,Lecture,Wednesday,7:30 AM,9:30 AM,Completed
20241-00325,FA-022,COMP 015,19,20241,E408,Lecture,Thursday,4:30 PM,6:30 PM,Completed
20241-00326,FA-030,COSC 401,52,20241,E409,Lecture,Tuesday,10:30 AM,12:30 PM,Completed
20241-00327,FA-031,COSC 401,7,20241,E415,Lecture,Monday,12:00 PM,2:00 PM,Completed
20241-00328,FA-021,COMP 008,45,20241,E405,Lecture,Monday,12:00 PM,2:00 PM,Completed
20241-00329,FA-033,COMP 023,25,20241,E414,Lecture,Wednesday,7:30 AM,9:30 AM,Completed
20241-00330,FA-034,COMP 007,47,20241,E405,Lecture,Thursday,6:00 PM,8:00 PM,Completed
20241-00331,FA-020,COMP 038,10,20241,E403,Lecture,Thursday,6:00 PM,8:00 PM,Completed
20241-00332,FA-036,COSC 201,31,20241,E408,Lecture,Friday,9:00 AM,11:00 AM,Completed
20241-00333,FA-019,GEED 013,20,20241,E405,Lecture,Saturday,7:30 PM,9:30 PM,Completed
20241-00334,FA-024,COMP 011,6,20241,E415,Lecture,Friday,3:00 PM,5:00 PM,Completed
20241-00335,FA-020,COMP 011,51,20241,E404,Lecture,Tuesday,9:00 AM,11:00 AM,Completed
20242-00001,FA-000,GEED 012,40,20242,S508,Laboratory,Tuesday,9:00 AM,12:00 PM,Completed
20242-00002,FA-042,COMP 016,34,20242,S504,Laboratory,Monday,10:30 AM,1:30 PM,Completed
20242-00003,FA-043,GEED 012,42,20242,S504,Laboratory,Friday,12:00 PM,3:00 PM,Completed
20242-00004,FA-047,COMP 021,11,20242,S510,Laboratory,Saturday,10:30 AM,1:30 PM,Completed
20242-00005,FA-048,GEED 012,30,20242,S510,Laboratory,Friday,4:30 PM,7:30 PM,Completed
20242-00006,FA-049,COMP 021,21,20242,S501,Laboratory,Wednesday,6:00 PM,9:00 PM,Completed
20242-00007,FA-004,INTE 201,26,20242,S510,Laboratory,Tuesday,6:00 PM,9:00 PM,Completed
20242-00008,FA-011,COMP 016,11,20242,S510,Laboratory,Monday,10:30 AM,1:30 PM,Completed
20242-00009,FA-039,COMP 012,20,20242,S501,Laboratory,Saturday,4:30 PM,7:30 PM,Completed
20242-00010,FA-013,INTE 362,37,20242,S510,Laboratory,Tuesday,3:00 PM,6:00 PM,Completed
20242-00011,FA-015,INTE 303,10,20242,S503,Laboratory,Thursday,4:30 PM,7:30 PM,Completed
20242-00012,FA-019,COMP 016,38,20242,S504,Laboratory,Thursday,1:30 PM,4:30 PM,Completed
20242-00013,FA-020,COMP 021,13,20242,S504,Laboratory,Thursday,7:30 AM,10:30 AM,Completed
20242-00014,FA-032,COMP 021,42,20242,S503,Laboratory,Saturday,6:00 PM,9:00 PM,Completed
20242-00015,FA-035,GEED 012,41,20242,S511,Laboratory,Saturday,7:30 AM,10:30 AM,Completed
20242-00016,FA-037,INTE 303,8,20242,S511,Laboratory,Tuesday,12:00 PM,3:00 PM,Completed
20242-00017,FA-038,COMP 003,48,20242,S508,Laboratory,Friday,6:00 PM,9:00 PM,Completed
20242-00018,FA-014,COMP 003,34,20242,S501,Laboratory,Tuesday,7:30 PM,10:30 PM,Completed
20242-00019,FA-032,GEED 012,49,20242,S510,Laboratory,Monday,4:30 PM,7:30 PM,Completed
20242-00020,FA-030,GEED 012,46,20242,S502,Laboratory,Saturday,6:00 PM,9:00 PM,Completed
20242-00021,FA-028,COSC 304,4,20242,S501,Laboratory,Thursday,3:00 PM,6:00 PM,Completed
20242-00022,FA-044,COMP 041,47,20242,S502,Laboratory,Saturday,10:30 AM,1:30 PM,Completed
20242-00023,FA-045,COMP 021,31,20242,S501,Laboratory,Saturday,12:00 PM,3:00 PM,Completed
20242-00024,FA-046,GEED 012,29,20242,S511,Laboratory,Wednesday,6:00 PM,9:00 PM,Completed
20242-00025,FA-048,COMP 041,29,20242,S511,Laboratory,Monday,6:00 PM,9:00 PM,Completed
20242-00026,FA-000,COMP 017,9,20242,S502,Laboratory,Friday,7:30 AM,10:30 AM,Completed
20242-00027,FA-003,COMP 016,20,20242,S501,Laboratory,Tuesday,3:00 PM,6:00 PM,Completed
20242-00028,FA-005,GEED 012,2,20242,S504,Laboratory,Friday,9:00 AM,12:00 PM,Completed
20242-00029,FA-006,INTE 303,39,20242,S511,Laboratory,Saturday,6:00 PM,9:00 PM,Completed
20242-00030,FA-007,COMP 041,19,20242,S508,Laboratory,Saturday,12:00 PM,3:00 PM,Completed
20242-00031,FA-009,COMP 012,44,20242,S501,Laboratory,Monday,3:00 PM,6:00 PM,Completed
20242-00032,FA-010,COMP 017,38,20242,S503,Laboratory,Friday,7:30 AM,10:30 AM,Completed
20242-00033,FA-011,COSC 202,10,20242,S501,Laboratory,Wednesday,3:00 PM,6:00 PM,Completed
20242-00034,FA-015,COMP 016,15,20242,S504,Laboratory,Saturday,6:00 PM,9:00 PM,Completed
20242-00035,FA-020,COMP 003,43,20242,S504,Laboratory,Saturday,10:30 AM,1:30 PM,Completed
20242-00036,FA-023,INTE 303,47,20242,S504,Laboratory,Tuesday,7:30 PM,10:30 PM,Completed
20242-00037,FA-024,COMP 012,14,20242,S508,Laboratory,Monday,3:00 PM,6:00 PM,Completed
20242-00038,FA-025,COMP 040,41,20242,S503,Laboratory,Saturday,10:30 AM,1:30 PM,Completed
20242-00039,FA-042,INTE 303,43,20242,S501,Laboratory,Wednesday,12:00 PM,3:00 PM,Completed
20242-00040,FA-051,GEED 012,50,20242,S501,Laboratory,Saturday,7:30 AM,10:30 AM,Completed
20242-00041,FA-052,COMP 009,31,20242,S501,Laboratory,Wednesday,9:00 AM,12:00 PM,Completed
20242-00042,FA-053,COMP 041,31,20242,S510,Laboratory,Tuesday,7:30 AM,10:30 AM,Completed
20242-00043,FA-019,COMP 021,16,20242,S508,Laboratory,Saturday,9:00 AM,12:00 PM,Completed
20242-00044,FA-020,INTE 303,21,20242,S501,Laboratory,Saturday,7:30 PM,10:30 PM,Completed
20242-00045,FA-023,COMP 040,45,20242,S508,Laboratory,Thursday,7:30 PM,10:30 PM,Completed
20242-00046,FA-026,COMP 016,33,20242,S511,Laboratory,Friday,6:00 PM,9:00 PM,Completed
20242-00047,FA-031,COSC 202,32,20242,S511,Laboratory,Thursday,1:30 PM,4:30 PM,Completed
20242-00048,FA-034,COMP 016,1,20242,S511,Laboratory,Monday,7:30 AM,10:30 AM,Completed
20242-00049,FA-036,INTE 303,13,20242,S510,Laboratory,Monday,1:30 PM,4:30 PM,Completed
20242-00050,FA-037,COMP 017,1,20242,S502,Laboratory,Monday,3:00 PM,6:00 PM,Completed
20242-00051,FA-038,COMP 021,15,20242,S502,Laboratory,Thursday,6:00 PM,9:00 PM,Completed
20242-00052,FA-042,COSC 304,10,20242,S503,Laboratory,Wednesday,7:30 AM,10:30 AM,Completed
20242-00053,FA-043,COMP 012,28,20242,S510,Laboratory,Thursday,1:30 PM,4:30 PM,Completed
20242-00054,FA-045,INTE 362,5,20242,S510,Laboratory,Saturday,6:00 PM,9:00 PM,Completed
20242-00055,FA-047,COMP 021,30,20242,S508,Laboratory,Monday,12:00 PM,3:00 PM,Completed
20242-00056,FA-049,COSC 304,35,20242,S502,Laboratory,Monday,9:00 AM,12:00 PM,Completed
20242-00057,FA-052,COMP 012,29,20242,S504,Laboratory,Tuesday,3:00 PM,6:00 PM,Completed
20242-00058,FA-054,COMP 040,33,20242,S508,Laboratory,Saturday,4:30 PM,7:30 PM,Completed
20242-00059,FA-000,COMP 009,37,20242,S511,Laboratory,Saturday,10:30 AM,1:30 PM,Completed
20242-00060,FA-016,COMP 016,32,20242,S504,Laboratory,Tuesday,10:30 AM,1:30 PM,Completed
20242-00061,FA-043,COMP 003,26,20242,S502,Laboratory,Wednesday,3:00 PM,6:00 PM,Completed
20242-00062,FA-015,COMP 003,45,20242,S501,Laboratory,Thursday,12:00 PM,3:00 PM,Completed
20242-00063,FA-009,COMP 021,43,20242,S508,Laboratory,Friday,1:30 PM,4:30 PM,Completed
20242-00064,FA-000,COMP 041,24,20242,S503,Laboratory,Thursday,1:30 PM,4:30 PM,Completed
20242-00065,FA-007,COSC 202,40,20242,S502,Laboratory,Tuesday,6:00 PM,9:00 PM,Completed
20242-00066,FA-009,COMP 016,21,20242,S510,Laboratory,Thursday,10:30 AM,1:30 PM,Completed
20242-00067,FA-010,INTE 201,19,20242,S510,Laboratory,Wednesday,9:00 AM,12:00 PM,Completed
20242-00068,FA-014,INTE 201,50,20242,S504,Laboratory,Friday,3:00 PM,6:00 PM,Completed
20242-00069,FA-022,COMP 017,21,20242,S503,Laboratory,Monday,9:00 AM,12:00 PM,Completed
20242-00070,FA-024,GEED 012,52,20242,S508,Laboratory,Thursday,4:30 PM,7:30 PM,Completed
20242-00071,FA-025,COMP 040,27,20242,S511,Laboratory,Monday,12:00 PM,3:00 PM,Completed
20242-00072,FA-030,COMP 012,33,20242,S501,Laboratory,Thursday,9:00 AM,12:00 PM,Completed
20242-00073,FA-035,COMP 012,24,20242,S510,Laboratory,Monday,7:30 AM,10:30 AM,Completed
20242-00074,FA-036,COSC 202,17,20242,S504,Laboratory,Thursday,4:30 PM,7:30 PM,Completed
20242-00075,FA-041,GEED 012,51,20242,S502,Laboratory,Friday,6:00 PM,9:00 PM,Completed
20242-00076,FA-045,COMP 009,24,20242,S503,Laboratory,Friday,4:30 PM,7:30 PM,Completed
20242-00077,FA-049,COMP 021,45,20242,S511,Laboratory,Friday,12:00 PM,3:00 PM,Completed
20242-00078,FA-054,COMP 017,12,20242,S511,Laboratory,Saturday,1:30 PM,4:30 PM,Completed
20242-00079,FA-001,GEED 012,36,20242,S510,Laboratory,Wednesday,4:30 PM,7:30 PM,Completed
20242-00080,FA-002,COMP 009,48,20242,S503,Laboratory,Thursday,9:00 AM,12:00 PM,Completed
20242-00081,FA-014,COMP 040,22,20242,S504,Laboratory,Wednesday,4:30 PM,7:30 PM,Completed
20242-00082,FA-042,COMP 021,17,20242,S502,Laboratory,Friday,12:00 PM,3:00 PM,Completed
20242-00083,FA-009,COMP 040,42,20242,S502,Laboratory,Monday,6:00 PM,9:00 PM,Completed
20242-00084,FA-040,COMP 003,40,20242,S503,Laboratory,Monday,3:00 PM,6:00 PM,Completed
20242-00085,FA-001,COMP 012,43,20242,S510,Laboratory,Friday,9:00 AM,12:00 PM,Completed
20242-00086,FA-047,INTE 201,1,20242,S503,Laboratory,Tuesday,6:00 PM,9:00 PM,Completed
20242-00087,FA-029,COMP 040,52,20242,S501,Laboratory,Friday,9:00 AM,12:00 PM,Completed
20242-00088,FA-006,COSC 202,34,20242,S501,Laboratory,Tuesday,10:30 AM,1:30 PM,Completed
20242-00089,FA-016,COMP 016,36,20242,S501,Laboratory,Friday,1:30 PM,4:30 PM,Completed
20242-00090,FA-026,COSC 304,12,20242,S510,Laboratory,Friday,1:30 PM,4:30 PM,Completed
20242-00091,FA-024,INTE 201,37,20242,S511,Laboratory,Friday,3:00 PM,6:00 PM,Completed
20242-00092,FA-018,COMP 040,49,20242,S501,Laboratory,Friday,6:00 PM,9:00 PM,Completed
20242-00093,FA-052,COMP 009,22,20242,S502,Laboratory,Tuesday,12:00 PM,3:00 PM,Completed
20242-00094,FA-053,COMP 009,10,20242,S503,Laboratory,Monday,12:00 PM,3:00 PM,Completed
20242-00095,FA-006,COMP 017,47,20242,S508,Laboratory,Wednesday,4:30 PM,7:30 PM,Completed
20242-00096,FA-004,COMP 017,33,20242,S510,Laboratory,Thursday,4:30 PM,7:30 PM,Completed
20242-00097,FA-019,COMP 041,20,20242,S511,Laboratory,Thursday,7:30 PM,10:30 PM,Completed
20242-00098,FA-021,COMP 016,13,20242,S511,Laboratory,Wednesday,9:00 AM,12:00 PM,Completed
20242-00099,FA-007,COMP 003,51,20242,S503,Laboratory,Wednesday,4:30 PM,7:30 PM,Completed
20242-00100,FA-026,COMP 009,28,20242,S511,Laboratory,Friday,7:30 AM,10:30 AM,Completed
20242-00101,FA-005,INTE 362,25,20242,S510,Laboratory,Saturday,1:30 PM,4:30 PM,Completed
20242-00102,FA-001,COMP 003,18,20242,S501,Laboratory,Monday,9:00 AM,12:00 PM,Completed
20242-00103,FA-043,INTE 303,45,20242,S503,Laboratory,Tuesday,1:30 PM,4:30 PM,Completed
20242-00104,FA-044,COMP 009,44,20242,S510,Laboratory,Friday,7:30 PM,10:30 PM,Completed
20242-00105,FA-042,GEED 012,18,20242,S504,Laboratory,Saturday,3:00 PM,6:00 PM,Completed
20242-00106,FA-041,COMP 009,8,20242,S511,Laboratory,Thursday,4:30 PM,7:30 PM,Completed
20242-00107,FA-004,COSC 202,25,20242,S508,Laboratory,Tuesday,1:30 PM,4:30 PM,Completed
20242-00108,FA-037,INTE 201,12,20242,S511,Laboratory,Thursday,10:30 AM,1:30 PM,Completed
20242-00109,FA-032,COMP 012,51,20242,S502,Laboratory,Friday,3:00 PM,6:00 PM,Completed
20242-00110,FA-006,GEED 012,14,20242,S508,Laboratory,Friday,7:30 AM,10:30 AM,Completed
20242-00111,FA-001,COMP 012,3,20242,S508,Laboratory,Wednesday,9:00 AM,12:00 PM,Completed
20242-00112,FA-028,GEED 012,39,20242,S502,Laboratory,Wednesday,7:30 PM,10:30 PM,Completed
20242-00113,FA-037,COSC 304,9,20242,S504,Laboratory,Friday,7:30 PM,10:30 PM,Completed
20242-00114,FA-037,INTE 401,18,20242,E401,Lecture,Wednesday,12:00 PM,2:00 PM,Completed
20242-00115,FA-038,COMP 101,8,20242,E415,Lecture,Wednesday,10:30 AM,12:30 PM,Completed
20242-00116,FA-039,COSC 304,6,20242,E409,Lecture,Friday,1:30 PM,3:30 PM,Completed
20242-00117,FA-048,COMP 101,17,20242,E409,Lecture,Monday,1:30 PM,3:30 PM,Completed
20242-00118,FA-040,COSC 302,29,20242,E408,Lecture,Friday,3:00 PM,5:00 PM,Completed
20242-00119,FA-047,INTE 303,6,20242,E416,Lecture,Saturday,3:00 PM,5:00 PM,Completed
20242-00120,FA-044,COSC 302,35,20242,E401,Lecture,Saturday,3:00 PM,5:00 PM,Completed
20242-00121,FA-040,COMP 012,25,20242,E407,Lecture,Wednesday,4:30 PM,6:30 PM,Completed
20242-00122,FA-006,INTE 362,5,20242,E405,Lecture,Friday,10:30 AM,12:30 PM,Completed
20242-00123,FA-025,INTE 201,34,20242,E406,Lecture,Thursday,7:30 AM,9:30 AM,Completed
20242-00124,FA-042,INTE 362,42,20242,E416,Lecture,Thursday,9:00 AM,11:00 AM,Completed
20242-00125,FA-046,COMP 012,30,20242,E406,Lecture,Thursday,3:00 PM,5:00 PM,Completed
20242-00126,FA-043,COSC 202,23,20242,E416,Lecture,Friday,7:30 PM,9:30 PM,Completed
20242-00127,FA-023,COSC 302,38,20242,E411,Lecture,Thursday,10:30 AM,12:30 PM,Completed
20242-00128,FA-008,COMP 009,14,20242,E418,Lecture,Saturday,6:00 PM,8:00 PM,Completed
20242-00129,FA-024,COMP 101,36,20242,E418,Lecture,Friday,6:00 PM,8:00 PM,Completed
20242-00130,FA-011,COMP 016,52,20242,E406,Lecture,Friday,4:30 PM,6:30 PM,Completed
20242-00131,FA-033,INTE 301,34,20242,E412,Lecture,Monday,4:30 PM,6:30 PM,Completed
20242-00132,FA-013,COMP 036,2,20242,E401,Lecture,Saturday,9:00 AM,11:00 AM,Completed
20242-00133,FA-033,COMP 012,6,20242,E413,Lecture,Tuesday,12:00 PM,2:00 PM,Completed
20242-00134,FA-015,INTE 201,6,20242,E413,Lecture,Friday,10:30 AM,12:30 PM,Completed
20242-00135,FA-016,COMP 101,39,20242,E413,Lecture,Monday,7:30 AM,9:30 AM,Completed
20242-00136,FA-017,INTE 301,39,20242,E412,Lecture,Thursday,9:00 AM,11:00 AM,Completed
20242-00137,FA-018,GEED 012,4,20242,E417,Lecture,Friday,3:00 PM,5:00 PM,Completed
20242-00138,FA-019,INTE 201,2,20242,E409,Lecture,Tuesday,12:00 PM,2:00 PM,Completed
20242-00139,FA-020,INTE 303,16,20242,E405,Lecture,Monday,1:30 PM,3:30 PM,Completed
20242-00140,FA-039,COMP 003,18,20242,E414,Lecture,Friday,9:00 AM,11:00 AM,Completed
20242-00141,FA-021,INTE 362,21,20242,E405,Lecture,Friday,4:30 PM,6:30 PM,Completed
20242-00142,FA-030,COMP 101,49,20242,E404,Lecture,Friday,7:30 AM,9:30 AM,Completed
20242-00143,FA-023,COSC 304,12,20242,E412,Lecture,Wednesday,10:30 AM,12:30 PM,Completed
20242-00144,FA-028,INTE 401,50,20242,E410,Lecture,Tuesday,9:00 AM,11:00 AM,Completed
20242-00145,FA-022,COMP 040,41,20242,E411,Lecture,Monday,7:30 PM,9:30 PM,Completed
20242-00146,FA-026,COMP 017,14,20242,E404,Lecture,Tuesday,10:30 AM,12:30 PM,Completed
20242-00147,FA-027,INTE 301,8,20242,E414,Lecture,Monday,9:00 AM,11:00 AM,Completed
20242-00148,FA-028,INTE 401,8,20242,E415,Lecture,Thursday,12:00 PM,2:00 PM,Completed
20242-00149,FA-029,COSC 302,18,20242,E407,Lecture,Saturday,7:30 PM,9:30 PM,Completed
20242-00150,FA-027,COMP 017,3,20242,E403,Lecture,Thursday,12:00 PM,2:00 PM,Completed
20242-00151,FA-031,COMP 016,5,20242,E409,Lecture,Saturday,3:00 PM,5:00 PM,Completed
20242-00152,FA-012,COMP 101,40,20242,E418,Lecture,Monday,7:30 PM,9:30 PM,Completed
20242-00153,FA-034,COMP 021,23,20242,E406,Lecture,Wednesday,1:30 PM,3:30 PM,Completed
20242-00154,FA-032,COMP 101,27,20242,E413,Lecture,Wednesday,4:30 PM,6:30 PM,Completed
20242-00155,FA-003,COMP 041,28,20242,E410,Lecture,Wednesday,6:00 PM,8:00 PM,Completed
20242-00156,FA-051,INTE 201,25,20242,E407,Lecture,Wednesday,10:30 AM,12:30 PM,Completed
20242-00157,FA-029,INTE 401,40,20242,E409,Lecture,Saturday,12:00 PM,2:00 PM,Completed
20242-00158,FA-030,COMP 009,33,20242,E414,Lecture,Monday,7:30 PM,9:30 PM,Completed
20242-00159,FA-004,COMP 016,43,20242,E404,Lecture,Saturday,4:30 PM,6:30 PM,Completed
20242-00160,FA-032,COMP 009,45,20242,E406,Lecture,Monday,7:30 AM,9:30 AM,Completed
20242-00161,FA-033,COMP 040,1,20242,E407,Lecture,Tuesday,7:30 AM,9:30 AM,Completed
20242-00162,FA-035,COMP 101,26,20242,E411,Lecture,Monday,4:30 PM,6:30 PM,Completed
20242-00163,FA-000,COSC 302,31,20242,E418,Lecture,Friday,3:00 PM,5:00 PM,Completed
20242-00164,FA-044,COMP 012,27,20242,E408,Lecture,Wednesday,10:30 AM,12:30 PM,Completed
20242-00165,FA-040,COMP 101,1,20242,E404,Lecture,Wednesday,12:00 PM,2:00 PM,Completed
20242-00166,FA-039,COMP 003,45,20242,E415,Lecture,Wednesday,7:30 PM,9:30 PM,Completed
20242-00167,FA-040,INTE 401,41,20242,E414,Lecture,Tuesday,7:30 AM,9:30 AM,Completed
20242-00168,FA-041,GEED 012,35,20242,E406,Lecture,Monday,1:30 PM,3:30 PM,Completed
20242-00169,FA-039,COMP 041,29,20242,E404,Lecture,Monday,1:30 PM,3:30 PM,Completed
20242-00170,FA-037,COMP 017,45,20242,E404,Lecture,Monday,7:30 PM,9:30 PM,Completed
20242-00171,FA-044,INTE 301,5,20242,E408,Lecture,Monday,1:30 PM,3:30 PM,Completed
20242-00172,FA-033,COSC 302,7,20242,E404,Lecture,Friday,6:00 PM,8:00 PM,Completed
20242-00173,FA-046,COMP 017,24,20242,E411,Lecture,Saturday,1:30 PM,3:30 PM,Completed
20242-00174,FA-009,COMP 101,12,20242,E401,Lecture,Thursday,1:30 PM,3:30 PM,Completed
20242-00175,FA-048,INTE 201,4,20242,E401,Lecture,Friday,7:30 PM,9:30 PM,Completed
20242-00176,FA-050,COMP 003,23,20242,E411,Lecture,Friday,3:00 PM,5:00 PM,Completed
20242-00177,FA-051,COMP 041,31,20242,E406,Lecture,Tuesday,12:00 PM,2:00 PM,Completed
20242-00178,FA-005,INTE 201,47,20242,E410,Lecture,Saturday,6:00 PM,8:00 PM,Completed
20242-00179,FA-053,INTE 201,7,20242,E416,Lecture,Wednesday,3:00 PM,5:00 PM,Completed
20242-00180,FA-028,COSC 202,37,20242,E416,Lecture,Friday,10:30 AM,12:30 PM,Completed
20242-00181,FA-050,COSC 304,43,20242,E407,Lecture,Thursday,1:30 PM,3:30 PM,Completed
20242-00182,FA-027,COMP 036,9,20242,E409,Lecture,Wednesday,10:30 AM,12:30 PM,Completed
20242-00183,FA-024,COSC 202,14,20242,E411,Lecture,Saturday,10:30 AM,12:30 PM,Completed
20242-00184,FA-052,COMP 101,11,20242,E408,Lecture,Thursday,10:30 AM,12:30 PM,Completed
20242-00185,FA-053,COMP 016,35,20242,E403,Lecture,Wednesday,9:00 AM,11:00 AM,Completed
20242-00186,FA-000,INTE 362,3,20242,E415,Lecture,Friday,10:30 AM,12:30 PM,Completed
20242-00187,FA-020,COMP 009,48,20242,E406,Lecture,Saturday,3:00 PM,5:00 PM,Completed
20242-00188,FA-005,INTE 303,48,20242,E414,Lecture,Monday,1:30 PM,3:30 PM,Completed
20242-00189,FA-004,INTE 301,50,20242,E409,Lecture,Thursday,7:30 AM,9:30 AM,Completed
20242-00190,FA-005,COMP 021,48,20242,E416,Lecture,Tuesday,4:30 PM,6:30 PM,Completed
20242-00191,FA-006,COSC 202,13,20242,E412,Lecture,Friday,6:00 PM,8:00 PM,Completed
20242-00192,FA-007,COMP 036,8,20242,E404,Lecture,Friday,3:00 PM,5:00 PM,Completed
20242-00193,FA-008,INTE 362,34,20242,E418,Lecture,Thursday,7:30 PM,9:30 PM,Completed
20242-00194,FA-010,COMP 017,42,20242,E411,Lecture,Monday,12:00 PM,2:00 PM,Completed
20242-00195,FA-011,INTE 301,17,20242,E416,Lecture,Monday,4:30 PM,6:30 PM,Completed
20242-00196,FA-012,INTE 401,22,20242,E415,Lecture,Friday,6:00 PM,8:00 PM,Completed
20242-00197,FA-013,INTE 201,20,20242,E407,Lecture,Wednesday,7:30 PM,9:30 PM,Completed
20242-00198,FA-017,COSC 304,47,20242,E417,Lecture,Tuesday,1:30 PM,3:30 PM,Completed
20242-00199,FA-016,COSC 302,32,20242,E417,Lecture,Saturday,6:00 PM,8:00 PM,Completed
20242-00200,FA-015,INTE 401,25,20242,E417,Lecture,Tuesday,9:00 AM,11:00 AM,Completed
20242-00201,FA-017,INTE 303,44,20242,E411,Lecture,Wednesday,9:00 AM,11:00 AM,Completed
20242-00202,FA-018,INTE 401,32,20242,E418,Lecture,Tuesday,4:30 PM,6:30 PM,Completed
20242-00203,FA-014,COSC 302,42,20242,E411,Lecture,Tuesday,9:00 AM,11:00 AM,Completed
20242-00204,FA-009,INTE 362,23,20242,E408,Lecture,Saturday,3:00 PM,5:00 PM,Completed
20242-00205,FA-021,COSC 304,5,20242,E412,Lecture,Tuesday,7:30 AM,9:30 AM,Completed
20242-00206,FA-022,COMP 009,17,20242,E404,Lecture,Thursday,7:30 AM,9:30 AM,Completed
20242-00207,FA-025,INTE 301,15,20242,E403,Lecture,Monday,9:00 AM,11:00 AM,Completed
20242-00208,FA-004,GEED 012,19,20242,E417,Lecture,Wednesday,1:30 PM,3:30 PM,Completed
20242-00209,FA-050,COMP 003,26,20242,E412,Lecture,Monday,1:30 PM,3:30 PM,Completed
20242-00210,FA-002,INTE 401,22,20242,E407,Lecture,Monday,7:30 AM,9:30 AM,Completed
20242-00211,FA-021,INTE 362,32,20242,E414,Lecture,Thursday,9:00 AM,11:00 AM,Completed
20242-00212,FA-022,INTE 301,42,20242,E403,Lecture,Tuesday,4:30 PM,6:30 PM,Completed
20242-00213,FA-019,COMP 021,7,20242,E403,Lecture,Saturday,7:30 PM,9:30 PM,Completed
20242-00214,FA-018,INTE 303,9,20242,E413,Lecture,Tuesday,9:00 AM,11:00 AM,Completed
20242-00215,FA-017,COSC 302,30,20242,E411,Lecture,Tuesday,6:00 PM,8:00 PM,Completed
20242-00216,FA-026,INTE 362,10,20242,E405,Lecture,Saturday,6:00 PM,8:00 PM,Completed
20242-00217,FA-027,INTE 301,30,20242,E403,Lecture,Tuesday,10:30 AM,12:30 PM,Completed
20242-00218,FA-029,COMP 041,32,20242,E407,Lecture,Friday,12:00 PM,2:00 PM,Completed
20242-00219,FA-015,INTE 401,36,20242,E417,Lecture,Tuesday,4:30 PM,6:30 PM,Completed
20242-00220,FA-031,COMP 021,28,20242,E405,Lecture,Thursday,9:00 AM,11:00 AM,Completed
20242-00221,FA-014,COMP 101,4,20242,E418,Lecture,Monday,12:00 PM,2:00 PM,Completed
20242-00222,FA-033,INTE 301,51,20242,E407,Lecture,Wednesday,7:30 AM,9:30 AM,Completed
20242-00223,FA-034,COMP 009,50,20242,E414,Lecture,Saturday,12:00 PM,2:00 PM,Completed
20242-00224,FA-035,COSC 202,6,20242,E417,Lecture,Monday,7:30 PM,9:30 PM,Completed
20242-00225,FA-036,COMP 003,38,20242,E403,Lecture,Wednesday,7:30 PM,9:30 PM,Completed
20242-00226,FA-037,COMP 003,44,20242,E413,Lecture,Monday,12:00 PM,2:00 PM,Completed
20242-00227,FA-011,COMP 012,16,20242,E407,Lecture,Saturday,4:30 PM,6:30 PM,Completed
20242-00228,FA-040,INTE 201,40,20242,E404,Lecture,Thursday,10:30 AM,12:30 PM,Completed
20242-00229,FA-041,GEED 012,5,20242,E411,Lecture,Monday,9:00 AM,11:00 AM,Completed
20242-00230,FA-009,COMP 021,9,20242,E401,Lecture,Thursday,7:30 AM,9:30 AM,Completed
20242-00231,FA-044,COMP 040,25,20242,E412,Lecture,Friday,3:00 PM,5:00 PM,Completed
20242-00232,FA-045,COMP 101,15,20242,E410,Lecture,Wednesday,10:30 AM,12:30 PM,Completed
20242-00233,FA-046,INTE 301,39,20242,E401,Lecture,Friday,10:30 AM,12:30 PM,Completed
20242-00234,FA-020,COMP 021,12,20242,E409,Lecture,Wednesday,1:30 PM,3:30 PM,Completed
20242-00235,FA-005,COSC 302,24,20242,E403,Lecture,Friday,12:00 PM,2:00 PM,Completed
20242-00236,FA-019,COSC 304,51,20242,E413,Lecture,Tuesday,3:00 PM,5:00 PM,Completed
20242-00237,FA-017,INTE 303,41,20242,E403,Lecture,Wednesday,1:30 PM,3:30 PM,Completed
20242-00238,FA-039,INTE 362,7,20242,E408,Lecture,Tuesday,7:30 AM,9:30 AM,Completed
20242-00239,FA-033,COMP 040,38,20242,E406,Lecture,Tuesday,3:00 PM,5:00 PM,Completed
20242-00240,FA-047,COSC 302,49,20242,E418,Lecture,Thursday,10:30 AM,12:30 PM,Completed
20242-00241,FA-030,INTE 301,37,20242,E405,Lecture,Wednesday,4:30 PM,6:30 PM,Completed
20242-00242,FA-049,INTE 401,47,20242,E410,Lecture,Thursday,1:30 PM,3:30 PM,Completed
20242-00243,FA-050,COMP 101,11,20242,E417,Lecture,Tuesday,7:30 PM,9:30 PM,Completed
20242-00244,FA-051,INTE 303,15,20242,E414,Lecture,Tuesday,4:30 PM,6:30 PM,Completed
20242-00245,FA-052,COMP 041,37,20242,E412,Lecture,Saturday,1:30 PM,3:30 PM,Completed
20242-00246,FA-053,INTE 301,38,20242,E413,Lecture,Friday,4:30 PM,6:30 PM,Completed
20242-00247,FA-054,INTE 401,32,20242,E410,Lecture,Friday,7:30 PM,9:30 PM,Completed
20242-00248,FA-029,COMP 009,26,20242,E418,Lecture,Tuesday,10:30 AM,12:30 PM,Completed
20242-00249,FA-001,COMP 101,19,20242,E405,Lecture,Tuesday,1:30 PM,3:30 PM,Completed
20242-00250,FA-004,INTE 401,16,20242,E405,Lecture,Tuesday,7:30 AM,9:30 AM,Completed
20242-00251,FA-027,COSC 202,20,20242,E409,Lecture,Monday,6:00 PM,8:00 PM,Completed
20242-00252,FA-025,COMP 041,52,20242,E412,Lecture,Saturday,7:30 AM,9:30 AM,Completed
20242-00253,FA-008,COMP 101,21,20242,E407,Lecture,Saturday,10:30 AM,12:30 PM,Completed
20242-00254,FA-023,COMP 012,4,20242,E415,Lecture,Wednesday,1:30 PM,3:30 PM,Completed
20242-00255,FA-022,COMP 021,46,20242,E405,Lecture,Saturday,9:00 AM,11:00 AM,Completed
20242-00256,FA-012,COMP 012,21,20242,E411,Lecture,Friday,9:00 AM,11:00 AM,Completed
20242-00257,FA-013,INTE 201,13,20242,E408,Lecture,Friday,10:30 AM,12:30 PM,Completed
20242-00258,FA-014,INTE 301,46,20242,E409,Lecture,Friday,9:00 AM,11:00 AM,Completed
20242-00259,FA-021,INTE 301,33,20242,E414,Lecture,Tuesday,10:30 AM,12:30 PM,Completed
20242-00260,FA-016,COMP 021,6,20242,E416,Lecture,Friday,4:30 PM,6:30 PM,Completed
20242-00261,FA-018,COSC 302,3,20242,E415,Lecture,Saturday,3:00 PM,5:00 PM,Completed
20242-00262,FA-050,COMP 040,9,20242,E406,Lecture,Wednesday,7:30 PM,9:30 PM,Completed
20242-00263,FA-051,COMP 016,2,20242,E408,Lecture,Thursday,1:30 PM,3:30 PM,Completed
20242-00264,FA-052,COSC 202,7,20242,E407,Lecture,Monday,10:30 AM,12:30 PM,Completed
20242-00265,FA-029,INTE 401,27,20242,E406,Lecture,Thursday,10:30 AM,12:30 PM,Completed
20242-00266,FA-030,COMP 101,8,20242,E415,Lecture,Tuesday,7:30 AM,9:30 AM,Completed
20242-00267,FA-031,COMP 041,46,20242,E418,Lecture,Wednesday,6:00 PM,8:00 PM,Completed
20242-00268,FA-049,INTE 201,52,20242,E409,Lecture,Tuesday,9:00 AM,11:00 AM,Completed
20242-00269,FA-033,COMP 009,1,20242,E413,Lecture,Saturday,6:00 PM,8:00 PM,Completed
20242-00270,FA-034,COSC 302,33,20242,E410,Lecture,Friday,10:30 AM,12:30 PM,Completed
20242-00271,FA-048,INTE 301,16,20242,E404,Lecture,Wednesday,9:00 AM,11:00 AM,Completed
20242-00272,FA-036,COSC 302,36,20242,E411,Lecture,Wednesday,12:00 PM,2:00 PM,Completed
20242-00273,FA-046,INTE 201,11,20242,E406,Lecture,Wednesday,10:30 AM,12:30 PM,Completed
20242-00274,FA-039,INTE 401,49,20242,E404,Lecture,Saturday,9:00 AM,11:00 AM,Completed
20242-00275,FA-040,COMP 009,20,20242,E417,Lecture,Wednesday,9:00 AM,11:00 AM,Completed
20242-00276,FA-041,INTE 362,29,20242,E403,Lecture,Tuesday,7:30 AM,9:30 AM,Completed
20242-00277,FA-045,COMP 016,44,20242,E415,Lecture,Tuesday,10:30 AM,12:30 PM,Completed
20242-00278,FA-043,INTE 401,5,20242,E413,Lecture,Thursday,9:00 AM,11:00 AM,Completed
20242-00279,FA-044,COMP 036,17,20242,E409,Lecture,Wednesday,7:30 AM,9:30 AM,Completed
20242-00280,FA-045,COMP 040,28,20242,E412,Lecture,Wednesday,7:30 AM,9:30 AM,Completed
20242-00281,FA-046,INTE 362,46,20242,E412,Lecture,Monday,7:30 AM,9:30 AM,Completed
20242-00282,FA-047,COMP 101,35,20242,E410,Lecture,Thursday,6:00 PM,8:00 PM,Completed
20242-00283,FA-048,COMP 009,39,20242,E403,Lecture,Thursday,7:30 PM,9:30 PM,Completed
20242-00284,FA-049,INTE 401,26,20242,E406,Lecture,Friday,7:30 AM,9:30 AM,Completed
20242-00285,FA-054,COSC 302,51,20242,E418,Lecture,Saturday,7:30 AM,9:30 AM,Completed
20242-00286,FA-041,COMP 021,19,20242,E417,Lecture,Friday,10:30 AM,12:30 PM,Completed
20242-00287,FA-001,COMP 017,52,20242,E417,Lecture,Thursday,10:30 AM,12:30 PM,Completed
20242-00288,FA-028,COMP 017,16,20242,E413,Lecture,Tuesday,6:00 PM,8:00 PM,Completed
20242-00289,FA-027,COSC 302,27,20242,E406,Lecture,Friday,1:30 PM,3:30 PM,Completed
20242-00290,FA-026,COMP 016,49,20242,E411,Lecture,Thursday,3:00 PM,5:00 PM,Completed
20242-00291,FA-025,COMP 012,19,20242,E409,Lecture,Thursday,12:00 PM,2:00 PM,Completed
20242-00292,FA-053,INTE 362,36,20242,E413,Lecture,Saturday,7:30 AM,9:30 AM,Completed
20242-00293,FA-054,INTE 301,20,20242,E418,Lecture,Friday,9:00 AM,11:00 AM,Completed
20242-00294,FA-000,COMP 012,7,20242,E406,Lecture,Monday,6:00 PM,8:00 PM,Completed
20242-00295,FA-001,COSC 302,37,20242,E416,Lecture,Wednesday,12:00 PM,2:00 PM,Completed
20242-00296,FA-002,COMP 017,30,20242,E418,Lecture,Wednesday,12:00 PM,2:00 PM,Completed
20242-00297,FA-003,INTE 401,2,20242,E401,Lecture,Friday,4:30 PM,6:30 PM,Completed
20242-00298,FA-005,COSC 302,23,20242,E405,Lecture,Thursday,4:30 PM,6:30 PM,Completed
20242-00299,FA-006,COMP 040,40,20242,E401,Lecture,Wednesday,7:30 PM,9:30 PM,Completed
20242-00300,FA-007,COMP 101,25,20242,E414,Lecture,Saturday,6:00 PM,8:00 PM,Completed
20242-00301,FA-008,COMP 017,27,20242,E405,Lecture,Tuesday,7:30 PM,9:30 PM,Completed
20242-00302,FA-001,INTE 362,22,20242,E415,Lecture,Friday,3:00 PM,5:00 PM,Completed
20242-00303,FA-003,COMP 036,50,20242,E413,Lecture,Monday,3:00 PM,5:00 PM,Completed
20242-00304,FA-010,COSC 304,2,20242,E401,Lecture,Thursday,10:30 AM,12:30 PM,Completed
20242-00305,FA-012,COMP 036,14,20242,E410,Lecture,Wednesday,1:30 PM,3:30 PM,Completed
20242-00306,FA-054,INTE 301,4,20242,E410,Lecture,Wednesday,7:30 AM,9:30 AM,Completed
20242-00307,FA-016,COMP 012,26,20242,E405,Lecture,Saturday,3:00 PM,5:00 PM,Completed
20242-00308,FA-017,COMP 040,10,20242,E417,Lecture,Friday,6:00 PM,8:00 PM,Completed
20242-00309,FA-018,COMP 040,29,20242,E413,Lecture,Wednesday,9:00 AM,11:00 AM,Completed
20242-00310,FA-051,COMP 017,7,20242,E403,Lecture,Monday,3:00 PM,5:00 PM,Completed
20242-00311,FA-050,COMP 003,13,20242,E404,Lecture,Tuesday,1:30 PM,3:30 PM,Completed
20242-00312,FA-021,COMP 101,38,20242,E417,Lecture,Monday,3:00 PM,5:00 PM,Completed
20242-00313,FA-022,INTE 303,3,20242,E413,Lecture,Friday,7:30 AM,9:30 AM,Completed
20242-00314,FA-023,INTE 401,15,20242,E405,Lecture,Wednesday,7:30 AM,9:30 AM,Completed
20242-00315,FA-024,INTE 401,24,20242,E407,Lecture,Tuesday,6:00 PM,8:00 PM,Completed
20242-00316,FA-000,COMP 101,44,20242,E415,Lecture,Tuesday,6:00 PM,8:00 PM,Completed
20242-00317,FA-002,INTE 301,48,20242,E415,Lecture,Wednesday,7:30 AM,9:30 AM,Completed
20243-00001,FA-001,COMP 035,45,20243,S502,Laboratory,Monday,4:30 PM,7:30 PM,Completed
20243-00002,FA-005,COMP 016,16,20243,S510,Laboratory,Monday,4:30 PM,7:30 PM,Completed
20243-00003,FA-044,COMP 006,44,20243,S502,Laboratory,Monday,12:00 PM,3:00 PM,Completed
20243-00004,FA-000,COMP 013,14,20243,E406,Lecture,Friday,9:00 AM,11:00 AM,Completed
20243-00005,FA-004,COMP 033,20,20243,E418,Lecture,Saturday,9:00 AM,11:00 AM,Completed
20243-00006,FA-006,INTE 202,15,20243,E412,Lecture,Saturday,12:00 PM,2:00 PM,Completed
20243-00007,FA-009,COMP 038,43,20243,E418,Lecture,Wednesday,1:30 PM,3:30 PM,Completed
20243-00008,FA-033,COMP 007,17,20243,E411,Lecture,Saturday,9:00 AM,11:00 AM,Completed
20243-00009,FA-037,INTE 401,41,20243,E406,Lecture,Tuesday,7:30 PM,9:30 PM,Completed
20243-00010,FA-039,COMP 006,42,20243,E405,Lecture,Tuesday,4:30 PM,6:30 PM,Completed
20243-00011,FA-040,COMP 002,46,20243,E406,Lecture,Friday,4:30 PM,6:30 PM,Completed
20243-00012,FA-000,COMP 035,18,20243,E417,Lecture,Thursday,12:00 PM,2:00 PM,Completed
20243-00013,FA-001,INTE 401,19,20243,E417,Lecture,Monday,7:30 AM,9:30 AM,Completed
20251-00001,FA-017,COMP 007,19,20251,S502,Laboratory,Wednesday,7:30 AM,10:30 AM,Completed
20251-00002,FA-022,COMP 007,18,20251,S508,Laboratory,Wednesday,1:30 PM,4:30 PM,Completed
20251-00003,FA-023,COMP 025,34,20251,S501,Laboratory,Wednesday,9:00 AM,12:00 PM,Completed
20251-00004,FA-024,COSC 351,21,20251,S503,Laboratory,Monday,9:00 AM,12:00 PM,Completed
20251-00005,FA-026,COMP 013,40,20251,S503,Laboratory,Wednesday,6:00 PM,9:00 PM,Completed
20251-00006,FA-028,INTE 403,44,20251,S501,Laboratory,Thursday,12:00 PM,3:00 PM,Completed
20251-00007,FA-029,COMP 033,46,20251,S502,Laboratory,Tuesday,6:00 PM,9:00 PM,Completed
20251-00008,FA-030,COMP 025,49,20251,S502,Laboratory,Friday,3:00 PM,6:00 PM,Completed
20251-00009,FA-032,COMP 014,23,20251,S504,Laboratory,Saturday,1:30 PM,4:30 PM,Completed
20251-00010,FA-050,INTE 202,37,20251,S508,Laboratory,Thursday,7:30 PM,10:30 PM,Completed
20251-00011,FA-049,COMP 008,29,20251,S504,Laboratory,Thursday,3:00 PM,6:00 PM,Completed
20251-00012,FA-035,COMP 014,28,20251,S504,Laboratory,Wednesday,9:00 AM,12:00 PM,Completed
20251-00013,FA-048,INTE 302,43,20251,S501,Laboratory,Tuesday,6:00 PM,9:00 PM,Completed
20251-00014,FA-037,COSC 301,10,20251,S511,Laboratory,Saturday,1:30 PM,4:30 PM,Completed
20251-00015,FA-039,COMP 018,30,20251,S511,Laboratory,Thursday,12:00 PM,3:00 PM,Completed
20251-00016,FA-040,COSC 203,7,20251,S511,Laboratory,Friday,10:30 AM,1:30 PM,Completed
20251-00017,FA-041,COMP 022,46,20251,S511,Laboratory,Wednesday,7:30 PM,10:30 PM,Completed
20251-00018,FA-047,INTE 202,47,20251,S510,Laboratory,Monday,12:00 PM,3:00 PM,Completed
20251-00019,FA-021,COMP 032,44,20251,S502,Laboratory,Wednesday,4:30 PM,7:30 PM,Completed
20251-00020,FA-045,INTE 202,15,20251,S510,Laboratory,Wednesday,9:00 AM,12:00 PM,Completed
20251-00021,FA-020,COSC 203,25,20251,S503,Laboratory,Saturday,3:00 PM,6:00 PM,Completed
20251-00022,FA-018,COSC 203,48,20251,S510,Laboratory,Friday,6:00 PM,9:00 PM,Completed
20251-00023,FA-015,COMP 035,42,20251,S503,Laboratory,Saturday,7:30 AM,10:30 AM,Completed
20251-00024,FA-051,COMP 002,7,20251,S503,Laboratory,Tuesday,3:00 PM,6:00 PM,Completed
20251-00025,FA-052,COMP 010,2,20251,S502,Laboratory,Thursday,6:00 PM,9:00 PM,Completed
20251-00026,FA-054,COSC 351,19,20251,S501,Laboratory,Saturday,10:30 AM,1:30 PM,Completed
20251-00027,FA-000,COMP 038,35,20251,S503,Laboratory,Tuesday,7:30 PM,10:30 PM,Completed
20251-00028,FA-010,COMP 025,41,20251,S501,Laboratory,Friday,9:00 AM,12:00 PM,Completed
20251-00029,FA-008,COMP 007,23,20251,S503,Laboratory,Friday,1:30 PM,4:30 PM,Completed
20251-00030,FA-007,COMP 011,10,20251,S501,Laboratory,Saturday,4:30 PM,7:30 PM,Completed
20251-00031,FA-006,COMP 008,17,20251,S508,Laboratory,Friday,3:00 PM,6:00 PM,Completed
20251-00032,FA-006,COMP 010,10,20251,S502,Laboratory,Wednesday,7:30 PM,10:30 PM,Completed
20251-00033,FA-005,COMP 019,39,20251,S501,Laboratory,Friday,7:30 PM,10:30 PM,Completed
20251-00034,FA-005,INTE 202,13,20251,S504,Laboratory,Tuesday,7:30 AM,10:30 AM,Completed
20251-00035,FA-010,COSC 351,36,20251,S504,Laboratory,Saturday,10:30 AM,1:30 PM,Completed
20251-00036,FA-013,COMP 037,48,20251,S508,Laboratory,Thursday,1:30 PM,4:30 PM,Completed
20251-00037,FA-002,COMP 011,8,20251,S503,Laboratory,Friday,9:00 AM,12:00 PM,Completed
20251-00038,FA-001,COSC 303,3,20251,S501,Laboratory,Monday,12:00 PM,3:00 PM,Completed
20251-00039,FA-016,COMP 018,24,20251,S510,Laboratory,Friday,9:00 AM,12:00 PM,Completed
20251-00040,FA-054,COMP 032,1,20251,S502,Laboratory,Tuesday,1:30 PM,4:30 PM,Completed
20251-00041,FA-044,COMP 035,31,20251,S503,Laboratory,Friday,4:30 PM,7:30 PM,Completed
20251-00042,FA-042,COMP 032,51,20251,S502,Laboratory,Saturday,3:00 PM,6:00 PM,Completed
20251-00043,FA-051,COMP 038,11,20251,S508,Laboratory,Saturday,12:00 PM,3:00 PM,Completed
20251-00044,FA-019,COMP 006,9,20251,S504,Laboratory,Wednesday,1:30 PM,4:30 PM,Completed
20251-00045,FA-033,COMP 010,8,20251,S501,Laboratory,Monday,7:30 AM,10:30 AM,Completed
20251-00046,FA-036,COMP 025,52,20251,S510,Laboratory,Wednesday,7:30 PM,10:30 PM,Completed
20251-00047,FA-037,INTE 202,21,20251,S510,Laboratory,Saturday,9:00 AM,12:00 PM,Completed
20251-00048,FA-038,COMP 033,13,20251,S504,Laboratory,Thursday,10:30 AM,1:30 PM,Completed
20251-00049,FA-039,COMP 032,27,20251,S510,Laboratory,Wednesday,4:30 PM,7:30 PM,Completed
20251-00050,FA-041,COMP 032,37,20251,S508,Laboratory,Tuesday,4:30 PM,7:30 PM,Completed
20251-00051,FA-013,COMP 011,21,20251,S510,Laboratory,Wednesday,12:00 PM,3:00 PM,Completed
20251-00052,FA-011,COMP 035,52,20251,S502,Laboratory,Friday,7:30 AM,10:30 AM,Completed
20251-00053,FA-045,COMP 022,36,20251,S510,Laboratory,Saturday,4:30 PM,7:30 PM,Completed
20251-00054,FA-046,COMP 033,47,20251,S511,Laboratory,Thursday,9:00 AM,12:00 PM,Completed
20251-00055,FA-048,COMP 025,20,20251,S511,Laboratory,Thursday,4:30 PM,7:30 PM,Completed
20251-00056,FA-049,COMP 022,13,20251,S502,Laboratory,Monday,9:00 AM,12:00 PM,Completed
20251-00057,FA-050,COMP 022,32,20251,S501,Laboratory,Thursday,4:30 PM,7:30 PM,Completed
20251-00058,FA-009,COMP 034,2,20251,S508,Laboratory,Tuesday,7:30 AM,10:30 AM,Completed
20251-00059,FA-052,COMP 035,48,20251,S510,Laboratory,Saturday,7:30 PM,10:30 PM,Completed
20251-00060,FA-000,COMP 007,3,20251,S502,Laboratory,Friday,12:00 PM,3:00 PM,Completed
20251-00061,FA-026,COMP 022,16,20251,S511,Laboratory,Tuesday,1:30 PM,4:30 PM,Completed
20251-00062,FA-025,COMP 019,35,20251,S501,Laboratory,Wednesday,4:30 PM,7:30 PM,Completed
20251-00063,FA-023,COMP 025,24,20251,S510,Laboratory,Tuesday,1:30 PM,4:30 PM,Completed
20251-00064,FA-023,COMP 001,21,20251,S502,Laboratory,Thursday,7:30 AM,10:30 AM,Completed
20251-00065,FA-052,COMP 011,50,20251,S508,Laboratory,Monday,6:00 PM,9:00 PM,Completed
20251-00066,FA-054,COMP 007,4,20251,S508,Laboratory,Wednesday,6:00 PM,9:00 PM,Completed
20251-00067,FA-037,COMP 037,49,20251,S501,Laboratory,Tuesday,3:00 PM,6:00 PM,Completed
20251-00068,FA-036,COSC 301,45,20251,S508,Laboratory,Friday,9:00 AM,12:00 PM,Completed
20251-00069,FA-003,COMP 034,3,20251,S503,Laboratory,Friday,7:30 PM,10:30 PM,Completed
20251-00070,FA-034,COMP 011,34,20251,S501,Laboratory,Friday,12:00 PM,3:00 PM,Completed
20251-00071,FA-007,COMP 038,25,20251,S510,Laboratory,Thursday,6:00 PM,9:00 PM,Completed
20251-00072,FA-010,COMP 008,43,20251,S508,Laboratory,Thursday,10:30 AM,1:30 PM,Completed
20251-00073,FA-016,COMP 001,49,20251,S504,Laboratory,Monday,4:30 PM,7:30 PM,Completed
20251-00074,FA-011,COMP 019,28,20251,S503,Laboratory,Thursday,12:00 PM,3:00 PM,Completed
20251-00075,FA-028,COMP 008,47,20251,S503,Laboratory,Thursday,7:30 PM,10:30 PM,Completed
20251-00076,FA-026,COMP 013,20,20251,S502,Laboratory,Thursday,12:00 PM,3:00 PM,Completed
20251-00077,FA-025,COMP 004,11,20251,S511,Laboratory,Friday,7:30 AM,10:30 AM,Completed
20251-00078,FA-018,COMP 033,42,20251,S510,Laboratory,Thursday,3:00 PM,6:00 PM,Completed
20251-00079,FA-019,COMP 019,44,20251,S510,Laboratory,Friday,12:00 PM,3:00 PM,Completed
20251-00080,FA-024,COSC 303,40,20251,S508,Laboratory,Friday,6:00 PM,9:00 PM,Completed
20251-00081,FA-021,COMP 008,6,20251,S501,Laboratory,Wednesday,7:30 PM,10:30 PM,Completed
20251-00082,FA-022,COSC 203,28,20251,S508,Laboratory,Tuesday,12:00 PM,3:00 PM,Completed
20251-00083,FA-013,COSC 303,33,20251,S508,Laboratory,Saturday,3:00 PM,6:00 PM,Completed
20251-00084,FA-019,INTE 403,17,20251,S510,Laboratory,Monday,7:30 AM,10:30 AM,Completed
20251-00085,FA-008,COMP 034,32,20251,S504,Laboratory,Monday,1:30 PM,4:30 PM,Completed
20251-00086,FA-004,COSC 203,16,20251,S501,Laboratory,Wednesday,1:30 PM,4:30 PM,Completed
20251-00087,FA-008,COMP 038,4,20251,S511,Laboratory,Monday,4:30 PM,7:30 PM,Completed
20251-00088,FA-007,COMP 014,35,20251,S511,Laboratory,Wednesday,1:30 PM,4:30 PM,Completed
20251-00089,FA-006,COSC 203,19,20251,S503,Laboratory,Thursday,4:30 PM,7:30 PM,Completed
20251-00090,FA-053,COMP 010,17,20251,S508,Laboratory,Saturday,6:00 PM,9:00 PM,Completed
20251-00091,FA-040,INTE 403,11,20251,S510,Laboratory,Thursday,10:30 AM,1:30 PM,Completed
20251-00092,FA-041,COSC 351,7,20251,S502,Laboratory,Tuesday,10:30 AM,1:30 PM,Completed
20251-00093,FA-000,COMP 001,19,20251,S502,Laboratory,Monday,6:00 PM,9:00 PM,Completed
20251-00094,FA-007,COMP 033,36,20251,S503,Laboratory,Wednesday,10:30 AM,1:30 PM,Completed
20251-00095,FA-044,INTE 403,31,20251,S508,Laboratory,Wednesday,9:00 AM,12:00 PM,Completed
20251-00096,FA-050,COMP 018,4,20251,S503,Laboratory,Wednesday,3:00 PM,6:00 PM,Completed
20251-00097,FA-049,COMP 001,23,20251,S501,Laboratory,Monday,6:00 PM,9:00 PM,Completed
20251-00098,FA-048,COMP 013,43,20251,S504,Laboratory,Friday,3:00 PM,6:00 PM,Completed
20251-00099,FA-047,COMP 013,30,20251,S511,Laboratory,Friday,1:30 PM,4:30 PM,Completed
20251-00100,FA-009,COMP 022,35,20251,S504,Laboratory,Friday,9:00 AM,12:00 PM,Completed
20251-00101,FA-017,COMP 010,48,20251,S504,Laboratory,Wednesday,7:30 PM,10:30 PM,Completed
20251-00102,FA-049,INTE 403,5,20251,S511,Laboratory,Tuesday,10:30 AM,1:30 PM,Completed
20251-00103,FA-042,COMP 037,44,20251,S501,Laboratory,Friday,3:00 PM,6:00 PM,Completed
20251-00104,FA-019,COMP 010,14,20251,S501,Laboratory,Tuesday,7:30 AM,10:30 AM,Completed
20251-00105,FA-040,COMP 025,2,20251,S511,Laboratory,Wednesday,4:30 PM,7:30 PM,Completed
20251-00106,FA-039,COMP 032,39,20251,S511,Laboratory,Saturday,6:00 PM,9:00 PM,Completed
20251-00107,FA-002,COMP 011,18,20251,S511,Laboratory,Monday,10:30 AM,1:30 PM,Completed
20251-00108,FA-037,COMP 010,35,20251,S511,Laboratory,Monday,1:30 PM,4:30 PM,Completed
20251-00109,FA-033,COMP 010,37,20251,S503,Laboratory,Tuesday,12:00 PM,3:00 PM,Completed
20251-00110,FA-001,COMP 025,18,20251,S511,Laboratory,Wednesday,10:30 AM,1:30 PM,Completed
20251-00111,FA-000,COMP 006,2,20251,S508,Laboratory,Monday,10:30 AM,1:30 PM,Completed
20251-00112,FA-030,COMP 034,36,20251,S503,Laboratory,Tuesday,9:00 AM,12:00 PM,Completed
20251-00113,FA-024,COMP 037,41,20251,S504,Laboratory,Tuesday,1:30 PM,4:30 PM,Completed
20251-00114,FA-029,COMP 001,39,20251,S501,Laboratory,Monday,3:00 PM,6:00 PM,Completed
20251-00115,FA-018,COMP 011,43,20251,S508,Laboratory,Monday,1:30 PM,4:30 PM,Completed
20251-00116,FA-009,COMP 035,32,20251,S510,Laboratory,Friday,3:00 PM,6:00 PM,Completed
20251-00117,FA-038,INTE 202,26,20251,S510,Laboratory,Thursday,7:30 AM,10:30 AM,Completed
20251-00118,FA-027,INTE 403,37,20251,S511,Laboratory,Saturday,9:00 AM,12:00 PM,Completed
20251-00119,FA-029,COMP 032,12,20251,S502,Laboratory,Saturday,7:30 PM,10:30 PM,Completed
20251-00120,FA-028,COMP 001,41,20251,S503,Laboratory,Saturday,6:00 PM,9:00 PM,Completed
20251-00121,FA-032,COMP 011,11,20251,S504,Laboratory,Saturday,6:00 PM,9:00 PM,Completed
20251-00122,FA-024,COMP 013,6,20251,S502,Laboratory,Thursday,3:00 PM,6:00 PM,Completed
20251-00123,FA-023,COMP 006,39,20251,S510,Laboratory,Monday,6:00 PM,9:00 PM,Completed
20251-00124,FA-015,COMP 037,21,20251,S510,Laboratory,Tuesday,10:30 AM,1:30 PM,Completed
20251-00125,FA-016,COMP 019,1,20251,S504,Laboratory,Wednesday,4:30 PM,7:30 PM,Completed
20251-00126,FA-026,COMP 008,27,20251,S501,Laboratory,Tuesday,10:30 AM,1:30 PM,Completed
20251-00127,FA-024,COSC 303,46,20251,S501,Laboratory,Thursday,7:30 PM,10:30 PM,Completed
20251-00128,FA-009,COMP 007,27,20251,S511,Laboratory,Friday,6:00 PM,9:00 PM,Completed
20251-00129,FA-017,COMP 035,12,20251,S503,Laboratory,Monday,3:00 PM,6:00 PM,Completed
20251-00130,FA-023,COMP 038,30,20251,S502,Laboratory,Wednesday,1:30 PM,4:30 PM,Completed
20251-00131,FA-012,COMP 001,15,20251,S503,Laboratory,Thursday,9:00 AM,12:00 PM,Completed
20251-00132,FA-034,COMP 035,33,20251,S510,Laboratory,Tuesday,6:00 PM,9:00 PM,Completed
20251-00133,FA-033,COSC 303,23,20251,S508,Laboratory,Thursday,4:30 PM,7:30 PM,Completed
20251-00134,FA-000,INTE 403,41,20251,S501,Laboratory,Saturday,7:30 AM,10:30 AM,Completed
20251-00135,FA-044,COSC 301,39,20251,S504,Laboratory,Thursday,7:30 PM,10:30 PM,Completed
20251-00136,FA-037,COSC 301,47,20251,S502,Laboratory,Tuesday,7:30 AM,10:30 AM,Completed
20251-00137,FA-030,COMP 035,9,20251,S501,Laboratory,Thursday,9:00 AM,12:00 PM,Completed
20251-00138,FA-030,COMP 034,19,20251,S502,Laboratory,Monday,1:30 PM,4:30 PM,Completed
20251-00139,FA-020,COMP 010,12,20251,S504,Laboratory,Tuesday,6:00 PM,9:00 PM,Completed
20251-00140,FA-028,COMP 002,36,20251,S504,Laboratory,Thursday,7:30 AM,10:30 AM,Completed
20251-00141,FA-054,COSC 303,51,20251,E413,Lecture,Friday,1:30 PM,3:30 PM,Completed
20251-00142,FA-014,COMP 007,13,20251,E416,Lecture,Tuesday,7:30 PM,9:30 PM,Completed
20251-00143,FA-008,INTE 402,52,20251,E416,Lecture,Thursday,7:30 AM,9:30 AM,Completed
20251-00144,FA-003,GEED 014,41,20251,E414,Lecture,Friday,3:00 PM,5:00 PM,Completed
20251-00145,FA-007,INTE 202,41,20251,E415,Lecture,Wednesday,6:00 PM,8:00 PM,Completed
20251-00146,FA-006,COMP 033,31,20251,E410,Lecture,Monday,9:00 AM,11:00 AM,Completed
20251-00147,FA-027,COMP 032,41,20251,E408,Lecture,Thursday,10:30 AM,12:30 PM,Completed
20251-00148,FA-010,COMP 033,27,20251,E417,Lecture,Friday,12:00 PM,2:00 PM,Completed
20251-00149,FA-005,COMP 011,51,20251,E409,Lecture,Thursday,1:30 PM,3:30 PM,Completed
20251-00150,FA-022,COSC 401,7,20251,E418,Lecture,Friday,7:30 AM,9:30 AM,Completed
20251-00151,FA-014,COMP 023,2,20251,E417,Lecture,Saturday,10:30 AM,12:30 PM,Completed
20251-00152,FA-020,INTE 202,29,20251,E403,Lecture,Thursday,6:00 PM,8:00 PM,Completed
20251-00153,FA-006,GEED 014,9,20251,E409,Lecture,Saturday,9:00 AM,11:00 AM,Completed
20251-00154,FA-013,COMP 023,48,20251,E414,Lecture,Wednesday,3:00 PM,5:00 PM,Completed
20251-00155,FA-010,INTE 302,34,20251,E412,Lecture,Thursday,1:30 PM,3:30 PM,Completed
20251-00156,FA-018,INTE 202,40,20251,E406,Lecture,Saturday,1:30 PM,3:30 PM,Completed
20251-00157,FA-017,COMP 035,15,20251,E404,Lecture,Tuesday,4:30 PM,6:30 PM,Completed
20251-00158,FA-016,COMP 023,44,20251,E412,Lecture,Wednesday,10:30 AM,12:30 PM,Completed
20251-00159,FA-011,COMP 023,39,20251,E406,Lecture,Wednesday,6:00 PM,8:00 PM,Completed
20251-00160,FA-015,COMP 022,50,20251,E404,Lecture,Monday,9:00 AM,11:00 AM,Completed
20251-00161,FA-012,COMP 013,29,20251,E416,Lecture,Tuesday,12:00 PM,2:00 PM,Completed
20251-00162,FA-004,COSC 401,18,20251,E409,Lecture,Friday,12:00 PM,2:00 PM,Completed
20251-00163,FA-021,COMP 005,45,20251,E412,Lecture,Friday,12:00 PM,2:00 PM,Completed
20251-00164,FA-018,COMP 015,12,20251,E408,Lecture,Monday,10:30 AM,12:30 PM,Completed
20251-00165,FA-052,COSC 401,28,20251,E401,Lecture,Wednesday,7:30 PM,9:30 PM,Completed
20251-00166,FA-036,COSC 203,5,20251,E410,Lecture,Friday,4:30 PM,6:30 PM,Completed
20251-00167,FA-035,COMP 033,40,20251,E404,Lecture,Monday,1:30 PM,3:30 PM,Completed
20251-00168,FA-032,COMP 006,16,20251,E401,Lecture,Monday,9:00 AM,11:00 AM,Completed
20251-00169,FA-000,COMP 035,35,20251,E416,Lecture,Friday,7:30 PM,9:30 PM,Completed
20251-00170,FA-031,COSC 203,14,20251,E403,Lecture,Wednesday,3:00 PM,5:00 PM,Completed
20251-00171,FA-029,COMP 008,5,20251,E408,Lecture,Friday,12:00 PM,2:00 PM,Completed
20251-00172,FA-003,COMP 005,49,20251,E410,Lecture,Thursday,9:00 AM,11:00 AM,Completed
20251-00173,FA-004,COMP 010,43,20251,E417,Lecture,Monday,10:30 AM,12:30 PM,Completed
20251-00174,FA-037,COMP 106,22,20251,E406,Lecture,Friday,1:30 PM,3:30 PM,Completed
20251-00175,FA-027,COMP 008,8,20251,E404,Lecture,Monday,4:30 PM,6:30 PM,Completed
20251-00176,FA-009,COMP 023,25,20251,E406,Lecture,Monday,6:00 PM,8:00 PM,Completed
20251-00177,FA-011,COMP 005,9,20251,E407,Lecture,Monday,10:30 AM,12:30 PM,Completed
20251-00178,FA-022,COMP 025,14,20251,E401,Lecture,Thursday,9:00 AM,11:00 AM,Completed
20251-00179,FA-012,COMP 013,38,20251,E415,Lecture,Friday,9:00 AM,11:00 AM,Completed
20251-00180,FA-013,GEED 013,5,20251,E401,Lecture,Monday,1:30 PM,3:30 PM,Completed
20251-00181,FA-014,COMP 023,49,20251,E418,Lecture,Saturday,3:00 PM,5:00 PM,Completed
20251-00182,FA-021,GEED 014,7,20251,E409,Lecture,Thursday,7:30 PM,9:30 PM,Completed
20251-00183,FA-017,COMP 034,8,20251,E405,Lecture,Saturday,9:00 AM,11:00 AM,Completed
20251-00184,FA-025,COMP 014,26,20251,E406,Lecture,Saturday,7:30 AM,9:30 AM,Completed
20251-00185,FA-053,COSC 351,37,20251,E405,Lecture,Monday,4:30 PM,6:30 PM,Completed
20251-00186,FA-052,COMP 022,52,20251,E405,Lecture,Saturday,4:30 PM,6:30 PM,Completed
20251-00187,FA-039,GEED 013,17,20251,E407,Lecture,Tuesday,7:30 AM,9:30 AM,Completed
20251-00188,FA-030,COMP 106,10,20251,E411,Lecture,Thursday,12:00 PM,2:00 PM,Completed
20251-00189,FA-031,COMP 011,6,20251,E403,Lecture,Friday,7:30 AM,9:30 AM,Completed
20251-00190,FA-032,COMP 011,35,20251,E403,Lecture,Tuesday,10:30 AM,12:30 PM,Completed
20251-00191,FA-033,COMP 037,26,20251,E405,Lecture,Friday,6:00 PM,8:00 PM,Completed
20251-00192,FA-035,COMP 038,24,20251,E412,Lecture,Tuesday,6:00 PM,8:00 PM,Completed
20251-00193,FA-051,COSC 201,47,20251,E405,Lecture,Friday,3:00 PM,5:00 PM,Completed
20251-00194,FA-038,COSC 201,9,20251,E417,Lecture,Wednesday,7:30 PM,9:30 PM,Completed
20251-00195,FA-039,INTE 403,11,20251,E414,Lecture,Thursday,6:00 PM,8:00 PM,Completed
20251-00196,FA-040,COSC 201,1,20251,E401,Lecture,Thursday,1:30 PM,3:30 PM,Completed
20251-00197,FA-041,COSC 351,42,20251,E412,Lecture,Wednesday,4:30 PM,6:30 PM,Completed
20251-00198,FA-048,COMP 020,32,20251,E418,Lecture,Wednesday,1:30 PM,3:30 PM,Completed
20251-00199,FA-043,COMP 106,4,20251,E403,Lecture,Monday,1:30 PM,3:30 PM,Completed
20251-00200,FA-047,COMP 004,49,20251,E404,Lecture,Wednesday,4:30 PM,6:30 PM,Completed
20251-00201,FA-046,COSC 301,44,20251,E405,Lecture,Monday,1:30 PM,3:30 PM,Completed
20251-00202,FA-046,COMP 020,33,20251,E407,Lecture,Wednesday,10:30 AM,12:30 PM,Completed
20251-00203,FA-045,COMP 008,45,20251,E414,Lecture,Monday,10:30 AM,12:30 PM,Completed
20251-00204,FA-043,COMP 035,22,20251,E418,Lecture,Monday,9:00 AM,11:00 AM,Completed
20251-00205,FA-042,INTE 403,15,20251,E416,Lecture,Monday,10:30 AM,12:30 PM,Completed
20251-00206,FA-051,COSC 305,15,20251,E410,Lecture,Saturday,4:30 PM,6:30 PM,Completed
20251-00207,FA-029,GEED 013,13,20251,E409,Lecture,Saturday,4:30 PM,6:30 PM,Completed
20251-00208,FA-050,COMP 106,16,20251,E404,Lecture,Friday,12:00 PM,2:00 PM,Completed
20251-00209,FA-000,INTE 202,36,20251,E410,Lecture,Monday,1:30 PM,3:30 PM,Completed
20251-00210,FA-002,INTE 403,2,20251,E418,Lecture,Friday,3:00 PM,5:00 PM,Completed
20251-00211,FA-004,COSC 303,11,20251,E418,Lecture,Wednesday,10:30 AM,12:30 PM,Completed
20251-00212,FA-005,COMP 019,27,20251,E413,Lecture,Saturday,6:00 PM,8:00 PM,Completed
20251-00213,FA-006,COSC 401,52,20251,E401,Lecture,Saturday,1:30 PM,3:30 PM,Completed
20251-00214,FA-011,GEED 013,24,20251,E411,Lecture,Monday,7:30 AM,9:30 AM,Completed
20251-00215,FA-014,COMP 034,37,20251,E406,Lecture,Friday,7:30 PM,9:30 PM,Completed
20251-00216,FA-015,COMP 011,17,20251,E411,Lecture,Tuesday,4:30 PM,6:30 PM,Completed
20251-00217,FA-016,COMP 022,6,20251,E411,Lecture,Monday,10:30 AM,12:30 PM,Completed
20251-00218,FA-017,COMP 014,12,20251,E414,Lecture,Saturday,1:30 PM,3:30 PM,Completed
20251-00219,FA-018,GEED 014,27,20251,E404,Lecture,Tuesday,7:30 AM,9:30 AM,Completed
20251-00220,FA-019,COMP 038,52,20251,E412,Lecture,Tuesday,1:30 PM,3:30 PM,Completed
20251-00221,FA-020,COMP 035,8,20251,E407,Lecture,Wednesday,3:00 PM,5:00 PM,Completed
20251-00222,FA-021,COMP 015,19,20251,E411,Lecture,Friday,7:30 PM,9:30 PM,Completed
20251-00223,FA-022,COSC 305,43,20251,E405,Lecture,Thursday,4:30 PM,6:30 PM,Completed
20251-00224,FA-025,INTE 402,34,20251,E403,Lecture,Saturday,3:00 PM,5:00 PM,Completed
20251-00225,FA-026,COSC 201,42,20251,E403,Lecture,Friday,3:00 PM,5:00 PM,Completed
20251-00226,FA-027,COMP 013,33,20251,E403,Lecture,Wednesday,6:00 PM,8:00 PM,Completed
20251-00227,FA-033,COMP 023,38,20251,E401,Lecture,Tuesday,3:00 PM,5:00 PM,Completed
20251-00228,FA-037,INTE 302,38,20251,E413,Lecture,Monday,9:00 AM,11:00 AM,Completed
20251-00229,FA-039,COMP 020,5,20251,E414,Lecture,Wednesday,7:30 AM,9:30 AM,Completed
20251-00230,FA-040,COSC 201,34,20251,E407,Lecture,Saturday,9:00 AM,11:00 AM,Completed
20251-00231,FA-041,COSC 203,6,20251,E407,Lecture,Thursday,12:00 PM,2:00 PM,Completed
20251-00232,FA-043,COSC 305,24,20251,E415,Lecture,Friday,7:30 PM,9:30 PM,Completed
20251-00233,FA-044,INTE 402,4,20251,E410,Lecture,Saturday,9:00 AM,11:00 AM,Completed
20251-00234,FA-045,COMP 038,16,20251,E407,Lecture,Wednesday,7:30 PM,9:30 PM,Completed
20251-00235,FA-046,COMP 007,33,20251,E403,Lecture,Tuesday,7:30 AM,9:30 AM,Completed
20251-00236,FA-047,COMP 106,40,20251,E417,Lecture,Tuesday,10:30 AM,12:30 PM,Completed
20251-00237,FA-048,COSC 203,3,20251,E404,Lecture,Saturday,7:30 AM,9:30 AM,Completed
20251-00238,FA-001,COMP 032,12,20251,E406,Lecture,Thursday,10:30 AM,12:30 PM,Completed
20251-00239,FA-054,COMP 035,39,20251,E407,Lecture,Tuesday,6:00 PM,8:00 PM,Completed
20251-00240,FA-053,COMP 020,31,20251,E413,Lecture,Saturday,1:30 PM,3:30 PM,Completed
20251-00241,FA-052,COMP 015,4,20251,E417,Lecture,Tuesday,7:30 PM,9:30 PM,Completed
20251-00242,FA-001,COMP 007,14,20251,E418,Lecture,Tuesday,1:30 PM,3:30 PM,Completed
20251-00243,FA-004,COSC 305,26,20251,E416,Lecture,Thursday,7:30 PM,9:30 PM,Completed
20251-00244,FA-005,COMP 022,1,20251,E417,Lecture,Tuesday,4:30 PM,6:30 PM,Completed
20251-00245,FA-006,COSC 401,45,20251,E409,Lecture,Monday,7:30 PM,9:30 PM,Completed
20251-00246,FA-033,GEED 013,20,20251,E417,Lecture,Wednesday,7:30 AM,9:30 AM,Completed
20251-00247,FA-039,COMP 023,50,20251,E411,Lecture,Friday,12:00 PM,2:00 PM,Completed
20251-00248,FA-040,GEED 013,1,20251,E411,Lecture,Thursday,6:00 PM,8:00 PM,Completed
20251-00249,FA-001,INTE 403,46,20251,E417,Lecture,Monday,7:30 PM,9:30 PM,Completed
20251-00250,FA-004,COMP 106,45,20251,E404,Lecture,Saturday,10:30 AM,12:30 PM,Completed
20251-00251,FA-005,COMP 015,40,20251,E415,Lecture,Wednesday,9:00 AM,11:00 AM,Completed
20251-00252,FA-009,COSC 401,50,20251,E417,Lecture,Saturday,3:00 PM,5:00 PM,Completed
20251-00253,FA-014,COMP 032,33,20251,E413,Lecture,Monday,1:30 PM,3:30 PM,Completed
20251-00254,FA-015,INTE 403,22,20251,E403,Lecture,Thursday,3:00 PM,5:00 PM,Completed
20251-00255,FA-049,COMP 002,51,20251,E410,Lecture,Wednesday,4:30 PM,6:30 PM,Completed
20251-00256,FA-016,INTE 403,32,20251,E404,Lecture,Wednesday,7:30 PM,9:30 PM,Completed
20251-00257,FA-021,COMP 038,5,20251,E411,Lecture,Tuesday,1:30 PM,3:30 PM,Completed
20251-00258,FA-022,INTE 402,20,20251,E413,Lecture,Tuesday,9:00 AM,11:00 AM,Completed
20251-00259,FA-023,GEED 013,10,20251,E416,Lecture,Wednesday,4:30 PM,6:30 PM,Completed
20251-00260,FA-025,COSC 201,50,20251,E413,Lecture,Thursday,12:00 PM,2:00 PM,Completed
20251-00261,FA-026,COMP 034,24,20251,E414,Lecture,Monday,7:30 PM,9:30 PM,Completed
20251-00262,FA-028,COSC 201,28,20251,E408,Lecture,Friday,3:00 PM,5:00 PM,Completed
20251-00263,FA-041,COMP 020,24,20251,E409,Lecture,Saturday,1:30 PM,3:30 PM,Completed
20251-00264,FA-042,COMP 002,30,20251,E408,Lecture,Friday,7:30 PM,9:30 PM,Completed
20251-00265,FA-043,COMP 019,8,20251,E403,Lecture,Tuesday,4:30 PM,6:30 PM,Completed
20251-00266,FA-044,COMP 005,18,20251,E416,Lecture,Tuesday,3:00 PM,5:00 PM,Completed
20251-00267,FA-045,COMP 015,29,20251,E412,Lecture,Saturday,7:30 AM,9:30 AM,Completed
20251-00268,FA-046,GEED 013,45,20251,E415,Lecture,Monday,4:30 PM,6:30 PM,Completed
20251-00269,FA-051,COMP 013,23,20251,E410,Lecture,Friday,7:30 PM,9:30 PM,Completed
20251-00270,FA-020,COSC 303,33,20251,E416,Lecture,Friday,10:30 AM,12:30 PM,Completed
20251-00271,FA-003,COMP 007,7,20251,E401,Lecture,Saturday,6:00 PM,8:00 PM,Completed
20251-00272,FA-050,INTE 302,14,20251,E416,Lecture,Monday,6:00 PM,8:00 PM,Completed
20251-00273,FA-001,INTE 402,23,20251,E416,Lecture,Tuesday,9:00 AM,11:00 AM,Completed
20251-00274,FA-006,GEED 013,38,20251,E410,Lecture,Wednesday,7:30 AM,9:30 AM,Completed
20251-00275,FA-008,COSC 401,25,20251,E405,Lecture,Saturday,12:00 PM,2:00 PM,Completed
20251-00276,FA-009,COMP 033,1,20251,E401,Lecture,Saturday,10:30 AM,12:30 PM,Completed
20251-00277,FA-012,COMP 035,30,20251,E405,Lecture,Tuesday,3:00 PM,5:00 PM,Completed
20251-00278,FA-014,COSC 303,22,20251,E408,Lecture,Monday,6:00 PM,8:00 PM,Completed
20251-00279,FA-015,COMP 007,47,20251,E407,Lecture,Saturday,7:30 PM,9:30 PM,Completed
20251-00280,FA-016,COMP 005,31,20251,E414,Lecture,Thursday,1:30 PM,3:30 PM,Completed
20251-00281,FA-018,COMP 023,26,20251,E401,Lecture,Tuesday,7:30 PM,9:30 PM,Completed
20251-00282,FA-020,COMP 015,46,20251,E413,Lecture,Saturday,7:30 AM,9:30 AM,Completed
20251-00283,FA-024,COMP 005,2,20251,E412,Lecture,Friday,9:00 AM,11:00 AM,Completed
20251-00284,FA-027,COMP 002,9,20251,E414,Lecture,Tuesday,7:30 AM,9:30 AM,Completed
20251-00285,FA-028,COMP 015,22,20251,E404,Lecture,Wednesday,12:00 PM,2:00 PM,Completed
20251-00286,FA-029,COMP 014,18,20251,E411,Lecture,Thursday,7:30 AM,9:30 AM,Completed
20251-00287,FA-030,COMP 018,52,20251,E403,Lecture,Wednesday,12:00 PM,2:00 PM,Completed
20251-00288,FA-031,COMP 025,15,20251,E405,Lecture,Thursday,12:00 PM,2:00 PM,Completed
20251-00289,FA-032,COMP 022,42,20251,E411,Lecture,Monday,3:00 PM,5:00 PM,Completed
20251-00290,FA-034,COMP 005,3,20251,E418,Lecture,Saturday,10:30 AM,12:30 PM,Completed
20251-00291,FA-035,COMP 037,10,20251,E410,Lecture,Friday,1:30 PM,3:30 PM,Completed
20251-00292,FA-040,COMP 037,21,20251,E410,Lecture,Saturday,1:30 PM,3:30 PM,Completed
20251-00293,FA-042,COMP 022,20,20251,E409,Lecture,Friday,7:30 AM,9:30 AM,Completed
20251-00294,FA-043,INTE 402,44,20251,E414,Lecture,Saturday,10:30 AM,12:30 PM,Completed
20251-00295,FA-044,COMP 013,11,20251,E403,Lecture,Monday,9:00 AM,11:00 AM,Completed
20251-00296,FA-047,COMP 006,47,20251,E403,Lecture,Friday,6:00 PM,8:00 PM,Completed
20251-00297,FA-051,COSC 401,6,20251,E406,Lecture,Wednesday,3:00 PM,5:00 PM,Completed
20251-00298,FA-053,COMP 037,46,20251,E412,Lecture,Wednesday,1:30 PM,3:30 PM,Completed
20251-00299,FA-054,COMP 019,20,20251,E411,Lecture,Wednesday,3:00 PM,5:00 PM,Completed
20251-00300,FA-001,COMP 023,23,20251,E405,Lecture,Thursday,7:30 PM,9:30 PM,Completed
20251-00301,FA-005,COSC 401,48,20251,E414,Lecture,Saturday,7:30 AM,9:30 AM,Completed
20251-00302,FA-004,COMP 034,22,20251,E412,Lecture,Thursday,9:00 AM,11:00 AM,Completed
20251-00303,FA-002,INTE 402,25,20251,E416,Lecture,Monday,3:00 PM,5:00 PM,Completed
20251-00304,FA-001,COMP 035,17,20251,E418,Lecture,Thursday,7:30 AM,9:30 AM,Completed
20251-00305,FA-003,COMP 022,30,20251,E415,Lecture,Tuesday,12:00 PM,2:00 PM,Completed
20251-00306,FA-004,COMP 032,9,20251,E408,Lecture,Tuesday,4:30 PM,6:30 PM,Completed
20251-00307,FA-005,COMP 005,42,20251,E409,Lecture,Wednesday,12:00 PM,2:00 PM,Completed
20251-00308,FA-007,COMP 013,32,20251,E410,Lecture,Monday,6:00 PM,8:00 PM,Completed
20251-00309,FA-009,INTE 402,29,20251,E406,Lecture,Tuesday,4:30 PM,6:30 PM,Completed
20251-00310,FA-011,COMP 014,50,20251,E403,Lecture,Wednesday,7:30 AM,9:30 AM,Completed
20251-00311,FA-012,COMP 008,3,20251,E406,Lecture,Wednesday,12:00 PM,2:00 PM,Completed
20251-00312,FA-014,COMP 032,22,20251,E410,Lecture,Thursday,6:00 PM,8:00 PM,Completed
20251-00313,FA-015,COMP 010,34,20251,E409,Lecture,Friday,4:30 PM,6:30 PM,Completed
20251-00314,FA-017,COSC 201,31,20251,E404,Lecture,Friday,7:30 AM,9:30 AM,Completed
20251-00315,FA-019,COMP 019,51,20251,E407,Lecture,Friday,6:00 PM,8:00 PM,Completed
20251-00316,FA-025,INTE 403,28,20251,E418,Lecture,Friday,6:00 PM,8:00 PM,Completed
20251-00317,FA-027,COMP 106,17,20251,E407,Lecture,Saturday,1:30 PM,3:30 PM,Completed
20251-00318,FA-053,COMP 025,37,20251,E407,Lecture,Friday,10:30 AM,12:30 PM,Completed
20251-00319,FA-031,COMP 022,38,20251,E418,Lecture,Saturday,7:30 AM,9:30 AM,Completed
20251-00320,FA-034,COMP 014,16,20251,E413,Lecture,Friday,4:30 PM,6:30 PM,Completed
20251-00321,FA-036,COMP 034,38,20251,E407,Lecture,Monday,3:00 PM,5:00 PM,Completed
20251-00322,FA-042,COMP 005,13,20251,E404,Lecture,Thursday,7:30 AM,9:30 AM,Completed
20251-00323,FA-043,INTE 402,51,20251,E405,Lecture,Wednesday,7:30 PM,9:30 PM,Completed
20251-00324,FA-044,COSC 305,48,20251,E410,Lecture,Tuesday,10:30 AM,12:30 PM,Completed
20251-00325,FA-045,COSC 203,31,20251,E414,Lecture,Tuesday,3:00 PM,5:00 PM,Completed
20251-00326,FA-046,COSC 301,12,20251,E415,Lecture,Friday,1:30 PM,3:30 PM,Completed
20251-00327,FA-047,COMP 002,29,20251,E414,Lecture,Saturday,4:30 PM,6:30 PM,Completed
20251-00328,FA-048,COMP 038,10,20251,E407,Lecture,Thursday,7:30 AM,9:30 AM,Completed
20251-00329,FA-049,COSC 401,1,20251,E406,Lecture,Thursday,7:30 AM,9:30 AM,Completed
20251-00330,FA-050,GEED 013,26,20251,E417,Lecture,Wednesday,10:30 AM,12:30 PM,Completed
20251-00331,FA-053,GEED 014,25,20251,E418,Lecture,Monday,12:00 PM,2:00 PM,Completed
20251-00332,FA-000,COMP 018,26,20251,E406,Lecture,Saturday,10:30 AM,12:30 PM,Completed
20251-00333,FA-033,GEED 013,5,20251,E414,Lecture,Thursday,7:30 AM,9:30 AM,Completed
20251-00334,FA-019,COSC 305,14,20251,E408,Lecture,Thursday,3:00 PM,5:00 PM,Completed
20252-00001,FA-009,INTE 303,45,20252,S504,Laboratory,Saturday,7:30 AM,10:30 AM,Completed
20252-00002,FA-005,COMP 041,19,20252,S510,Laboratory,Saturday,9:00 AM,12:00 PM,Completed
20252-00003,FA-009,GEED 012,39,20252,S502,Laboratory,Friday,9:00 AM,12:00 PM,Completed
20252-00004,FA-012,GEED 012,42,20252,S511,Laboratory,Saturday,12:00 PM,3:00 PM,Completed
20252-00005,FA-042,GEED 012,30,20252,S511,Laboratory,Wednesday,10:30 AM,1:30 PM,Completed
20252-00006,FA-041,COMP 021,15,20252,S501,Laboratory,Monday,6:00 PM,9:00 PM,Completed
20252-00007,FA-040,COMP 040,22,20252,S510,Laboratory,Monday,1:30 PM,4:30 PM,Completed
20252-00008,FA-048,COMP 003,51,20252,S511,Laboratory,Saturday,9:00 AM,12:00 PM,Completed
20252-00009,FA-016,INTE 201,12,20252,S508,Laboratory,Thursday,7:30 PM,10:30 PM,Completed
20252-00010,FA-038,INTE 201,1,20252,S504,Laboratory,Friday,7:30 AM,10:30 AM,Completed
20252-00011,FA-021,GEED 012,40,20252,S508,Laboratory,Thursday,9:00 AM,12:00 PM,Completed
20252-00012,FA-022,COMP 041,31,20252,S501,Laboratory,Wednesday,4:30 PM,7:30 PM,Completed
20252-00013,FA-024,GEED 012,2,20252,S510,Laboratory,Wednesday,4:30 PM,7:30 PM,Completed
20252-00014,FA-034,COMP 017,33,20252,S508,Laboratory,Saturday,7:30 AM,10:30 AM,Completed
20252-00015,FA-027,GEED 012,46,20252,S511,Laboratory,Wednesday,7:30 PM,10:30 PM,Completed
20252-00016,FA-017,INTE 303,13,20252,S508,Laboratory,Friday,12:00 PM,3:00 PM,Completed
20252-00017,FA-028,COSC 202,17,20252,S511,Laboratory,Friday,10:30 AM,1:30 PM,Completed
20252-00018,FA-049,COMP 021,42,20252,S503,Laboratory,Tuesday,3:00 PM,6:00 PM,Completed
20252-00019,FA-051,COMP 017,21,20252,S510,Laboratory,Wednesday,10:30 AM,1:30 PM,Completed
20252-00020,FA-005,GEED 012,36,20252,S501,Laboratory,Saturday,6:00 PM,9:00 PM,Completed
20252-00021,FA-033,COMP 016,33,20252,S501,Laboratory,Monday,3:00 PM,6:00 PM,Completed
20252-00022,FA-039,INTE 303,39,20252,S503,Laboratory,Friday,3:00 PM,6:00 PM,Completed
20252-00023,FA-041,COMP 017,1,20252,S503,Laboratory,Monday,1:30 PM,4:30 PM,Completed
20252-00024,FA-042,COMP 041,47,20252,S504,Laboratory,Thursday,4:30 PM,7:30 PM,Completed
20252-00025,FA-043,COMP 017,38,20252,S511,Laboratory,Friday,1:30 PM,4:30 PM,Completed
20252-00026,FA-001,COMP 009,22,20252,S508,Laboratory,Tuesday,7:30 PM,10:30 PM,Completed
20252-00027,FA-000,COMP 012,43,20252,S502,Laboratory,Saturday,10:30 AM,1:30 PM,Completed
20252-00028,FA-048,COMP 009,28,20252,S503,Laboratory,Wednesday,10:30 AM,1:30 PM,Completed
20252-00029,FA-054,COMP 009,48,20252,S503,Laboratory,Saturday,6:00 PM,9:00 PM,Completed
20252-00030,FA-050,INTE 201,26,20252,S503,Laboratory,Thursday,7:30 AM,10:30 AM,Completed
20252-00031,FA-053,INTE 303,21,20252,S504,Laboratory,Monday,6:00 PM,9:00 PM,Completed
20252-00032,FA-052,COMP 041,29,20252,S511,Laboratory,Thursday,4:30 PM,7:30 PM,Completed
20252-00033,FA-041,COMP 040,27,20252,S504,Laboratory,Saturday,3:00 PM,6:00 PM,Completed
20252-00034,FA-047,COMP 016,13,20252,S508,Laboratory,Thursday,1:30 PM,4:30 PM,Completed
20252-00035,FA-006,COMP 021,17,20252,S503,Laboratory,Wednesday,6:00 PM,9:00 PM,Completed
20252-00036,FA-033,INTE 201,50,20252,S501,Laboratory,Monday,12:00 PM,3:00 PM,Completed
20252-00037,FA-032,COMP 021,31,20252,S501,Laboratory,Wednesday,7:30 AM,10:30 AM,Completed
20252-00038,FA-019,COMP 041,24,20252,S508,Laboratory,Tuesday,7:30 AM,10:30 AM,Completed
20252-00039,FA-052,COSC 202,10,20252,S511,Laboratory,Thursday,7:30 AM,10:30 AM,Completed
20252-00040,FA-051,COMP 009,24,20252,S511,Laboratory,Wednesday,3:00 PM,6:00 PM,Completed
20252-00041,FA-026,COSC 304,10,20252,S510,Laboratory,Tuesday,3:00 PM,6:00 PM,Completed
20252-00042,FA-047,INTE 362,25,20252,S511,Laboratory,Monday,10:30 AM,1:30 PM,Completed
20252-00043,FA-046,GEED 012,14,20252,S502,Laboratory,Thursday,7:30 AM,10:30 AM,Completed
20252-00044,FA-054,COMP 012,28,20252,S510,Laboratory,Thursday,3:00 PM,6:00 PM,Completed
20252-00045,FA-031,INTE 303,8,20252,S504,Laboratory,Wednesday,9:00 AM,12:00 PM,Completed
20252-00046,FA-033,COMP 040,42,20252,S504,Laboratory,Tuesday,6:00 PM,9:00 PM,Completed
20252-00047,FA-034,COMP 021,21,20252,S502,Laboratory,Monday,9:00 AM,12:00 PM,Completed
20252-00048,FA-035,COMP 012,44,20252,S508,Laboratory,Monday,6:00 PM,9:00 PM,Completed
20252-00049,FA-036,COMP 009,8,20252,S508,Laboratory,Monday,12:00 PM,3:00 PM,Completed
20252-00050,FA-043,INTE 201,37,20252,S501,Laboratory,Friday,4:30 PM,7:30 PM,Completed
20252-00051,FA-042,INTE 303,43,20252,S510,Laboratory,Friday,6:00 PM,9:00 PM,Completed
20252-00052,FA-032,COMP 003,40,20252,S502,Laboratory,Wednesday,1:30 PM,4:30 PM,Completed
20252-00053,FA-030,COMP 009,10,20252,S502,Laboratory,Thursday,7:30 PM,10:30 PM,Completed
20252-00054,FA-000,COMP 016,38,20252,S504,Laboratory,Monday,3:00 PM,6:00 PM,Completed
20252-00055,FA-005,COMP 041,20,20252,S508,Laboratory,Tuesday,3:00 PM,6:00 PM,Completed
20252-00056,FA-035,COMP 016,20,20252,S510,Laboratory,Friday,9:00 AM,12:00 PM,Completed
20252-00057,FA-028,COMP 021,43,20252,S511,Laboratory,Friday,7:30 AM,10:30 AM,Completed
20252-00058,FA-027,COMP 012,20,20252,S504,Laboratory,Thursday,10:30 AM,1:30 PM,Completed
20252-00059,FA-025,COMP 040,49,20252,S510,Laboratory,Monday,10:30 AM,1:30 PM,Completed
20252-00060,FA-043,COMP 012,33,20252,S503,Laboratory,Thursday,10:30 AM,1:30 PM,Completed
20252-00061,FA-020,COMP 012,3,20252,S504,Laboratory,Friday,6:00 PM,9:00 PM,Completed
20252-00062,FA-012,COMP 003,45,20252,S511,Laboratory,Tuesday,9:00 AM,12:00 PM,Completed
20252-00063,FA-018,COSC 304,35,20252,S503,Laboratory,Thursday,3:00 PM,6:00 PM,Completed
20252-00064,FA-016,GEED 012,50,20252,S511,Laboratory,Thursday,12:00 PM,3:00 PM,Completed
20252-00065,FA-052,COMP 003,34,20252,S502,Laboratory,Tuesday,10:30 AM,1:30 PM,Completed
20252-00066,FA-014,INTE 362,37,20252,S511,Laboratory,Monday,4:30 PM,7:30 PM,Completed
20252-00067,FA-000,COMP 016,36,20252,S508,Laboratory,Wednesday,4:30 PM,7:30 PM,Completed
20252-00068,FA-002,COMP 016,1,20252,S502,Laboratory,Wednesday,6:00 PM,9:00 PM,Completed
20252-00069,FA-003,GEED 012,18,20252,S511,Laboratory,Monday,7:30 AM,10:30 AM,Completed
20252-00070,FA-017,GEED 012,29,20252,S508,Laboratory,Saturday,7:30 PM,10:30 PM,Completed
20252-00071,FA-011,COSC 202,34,20252,S501,Laboratory,Saturday,10:30 AM,1:30 PM,Completed
20252-00072,FA-040,COMP 003,48,20252,S504,Laboratory,Wednesday,3:00 PM,6:00 PM,Completed
20252-00073,FA-036,GEED 012,51,20252,S510,Laboratory,Wednesday,1:30 PM,4:30 PM,Completed
20252-00074,FA-024,COMP 040,33,20252,S501,Laboratory,Thursday,1:30 PM,4:30 PM,Completed
20252-00075,FA-049,COMP 009,44,20252,S502,Laboratory,Monday,1:30 PM,4:30 PM,Completed
20252-00076,FA-025,INTE 303,10,20252,S503,Laboratory,Monday,7:30 PM,10:30 PM,Completed
20252-00077,FA-047,COMP 021,16,20252,S502,Laboratory,Thursday,10:30 AM,1:30 PM,Completed
20252-00078,FA-041,COMP 040,45,20252,S510,Laboratory,Saturday,6:00 PM,9:00 PM,Completed
20252-00079,FA-051,COMP 016,15,20252,S508,Laboratory,Friday,7:30 AM,10:30 AM,Completed
20252-00080,FA-050,COMP 021,45,20252,S503,Laboratory,Thursday,7:30 PM,10:30 PM,Completed
20252-00081,FA-048,COMP 012,14,20252,S502,Laboratory,Friday,1:30 PM,4:30 PM,Completed
20252-00082,FA-028,COMP 012,29,20252,S510,Laboratory,Thursday,9:00 AM,12:00 PM,Completed
20252-00083,FA-045,COMP 012,24,20252,S504,Laboratory,Wednesday,7:30 PM,10:30 PM,Completed
20252-00084,FA-014,COSC 202,40,20252,S510,Laboratory,Thursday,6:00 PM,9:00 PM,Completed
20252-00085,FA-042,INTE 362,5,20252,S501,Laboratory,Thursday,7:30 AM,10:30 AM,Completed
20252-00086,FA-041,COMP 016,11,20252,S501,Laboratory,Wednesday,7:30 PM,10:30 PM,Completed
20252-00087,FA-015,COMP 017,47,20252,S502,Laboratory,Friday,4:30 PM,7:30 PM,Completed
20252-00088,FA-044,COSC 202,32,20252,S510,Laboratory,Thursday,12:00 PM,3:00 PM,Completed
20252-00089,FA-018,COMP 021,13,20252,S504,Laboratory,Monday,12:00 PM,3:00 PM,Completed
20252-00090,FA-038,COMP 009,31,20252,S502,Laboratory,Saturday,6:00 PM,9:00 PM,Completed
20252-00091,FA-026,COMP 016,32,20252,S501,Laboratory,Thursday,6:00 PM,9:00 PM,Completed
20252-00092,FA-019,COMP 009,37,20252,S502,Laboratory,Tuesday,4:30 PM,7:30 PM,Completed
20252-00093,FA-025,COMP 040,41,20252,S511,Laboratory,Saturday,7:30 PM,10:30 PM,Completed
20252-00094,FA-042,COMP 021,11,20252,S503,Laboratory,Friday,7:30 AM,10:30 AM,Completed
20252-00095,FA-054,COMP 003,26,20252,S501,Laboratory,Monday,9:00 AM,12:00 PM,Completed
20252-00096,FA-022,COSC 304,9,20252,S501,Laboratory,Wednesday,12:00 PM,3:00 PM,Completed
20252-00097,FA-006,COSC 202,25,20252,S508,Laboratory,Monday,3:00 PM,6:00 PM,Completed
20252-00098,FA-019,COMP 017,9,20252,S510,Laboratory,Tuesday,10:30 AM,1:30 PM,Completed
20252-00099,FA-000,COMP 003,43,20252,S508,Laboratory,Wednesday,9:00 AM,12:00 PM,Completed
20252-00100,FA-006,COSC 304,4,20252,S502,Laboratory,Thursday,4:30 PM,7:30 PM,Completed
20252-00101,FA-014,COMP 017,12,20252,S502,Laboratory,Wednesday,9:00 AM,12:00 PM,Completed
20252-00102,FA-015,COMP 016,21,20252,S501,Laboratory,Friday,12:00 PM,3:00 PM,Completed
20252-00103,FA-009,COMP 012,51,20252,S508,Laboratory,Friday,4:30 PM,7:30 PM,Completed
20252-00104,FA-037,COMP 040,52,20252,S511,Laboratory,Friday,4:30 PM,7:30 PM,Completed
20252-00105,FA-018,COMP 021,30,20252,S501,Laboratory,Thursday,10:30 AM,1:30 PM,Completed
20252-00106,FA-017,GEED 012,41,20252,S501,Laboratory,Tuesday,4:30 PM,7:30 PM,Completed
20252-00107,FA-015,INTE 201,19,20252,S501,Laboratory,Saturday,1:30 PM,4:30 PM,Completed
20252-00108,FA-040,COMP 003,18,20252,S503,Laboratory,Saturday,12:00 PM,3:00 PM,Completed
20252-00109,FA-040,GEED 012,52,20252,S503,Laboratory,Wednesday,7:30 AM,10:30 AM,Completed
20252-00110,FA-005,GEED 012,49,20252,S510,Laboratory,Saturday,3:00 PM,6:00 PM,Completed
20252-00111,FA-014,COSC 304,12,20252,S511,Laboratory,Tuesday,12:00 PM,3:00 PM,Completed
20252-00112,FA-044,INTE 303,47,20252,S503,Laboratory,Tuesday,10:30 AM,1:30 PM,Completed
20252-00113,FA-006,COMP 016,34,20252,S502,Laboratory,Friday,7:30 PM,10:30 PM,Completed
20252-00114,FA-045,COSC 202,13,20252,E408,Lecture,Thursday,9:00 AM,11:00 AM,Completed
20252-00115,FA-011,COSC 304,6,20252,E408,Lecture,Thursday,6:00 PM,8:00 PM,Completed
20252-00116,FA-045,INTE 201,34,20252,E401,Lecture,Saturday,3:00 PM,5:00 PM,Completed
20252-00117,FA-048,INTE 401,26,20252,E412,Lecture,Thursday,12:00 PM,2:00 PM,Completed
20252-00118,FA-012,COMP 012,27,20252,E417,Lecture,Saturday,6:00 PM,8:00 PM,Completed
20252-00119,FA-050,INTE 301,30,20252,E416,Lecture,Saturday,9:00 AM,11:00 AM,Completed
20252-00120,FA-013,COMP 041,46,20252,E404,Lecture,Wednesday,9:00 AM,11:00 AM,Completed
20252-00121,FA-043,INTE 301,33,20252,E408,Lecture,Wednesday,1:30 PM,3:30 PM,Completed
20252-00122,FA-054,INTE 401,18,20252,E401,Lecture,Monday,1:30 PM,3:30 PM,Completed
20252-00123,FA-015,COMP 012,30,20252,E412,Lecture,Monday,7:30 PM,9:30 PM,Completed
20252-00124,FA-050,COMP 016,52,20252,E405,Lecture,Friday,9:00 AM,11:00 AM,Completed
20252-00125,FA-053,INTE 401,25,20252,E413,Lecture,Wednesday,9:00 AM,11:00 AM,Completed
20252-00126,FA-052,INTE 401,40,20252,E406,Lecture,Tuesday,4:30 PM,6:30 PM,Completed
20252-00127,FA-009,COSC 202,7,20252,E407,Lecture,Monday,12:00 PM,2:00 PM,Completed
20252-00128,FA-008,INTE 301,46,20252,E410,Lecture,Saturday,7:30 PM,9:30 PM,Completed
20252-00129,FA-007,INTE 301,17,20252,E406,Lecture,Monday,12:00 PM,2:00 PM,Completed
20252-00130,FA-053,COSC 302,37,20252,E403,Lecture,Saturday,3:00 PM,5:00 PM,Completed
20252-00131,FA-006,COMP 003,45,20252,E405,Lecture,Friday,12:00 PM,2:00 PM,Completed
20252-00132,FA-049,INTE 303,9,20252,E404,Lecture,Friday,3:00 PM,5:00 PM,Completed
20252-00133,FA-005,INTE 401,24,20252,E408,Lecture,Friday,7:30 AM,9:30 AM,Completed
20252-00134,FA-004,COMP 040,28,20252,E415,Lecture,Monday,3:00 PM,5:00 PM,Completed
20252-00135,FA-003,COMP 003,26,20252,E410,Lecture,Friday,9:00 AM,11:00 AM,Completed
20252-00136,FA-002,GEED 012,19,20252,E414,Lecture,Wednesday,10:30 AM,12:30 PM,Completed
20252-00137,FA-051,COMP 017,14,20252,E416,Lecture,Friday,4:30 PM,6:30 PM,Completed
20252-00138,FA-001,INTE 401,5,20252,E412,Lecture,Wednesday,7:30 AM,9:30 AM,Completed
20252-00139,FA-044,COMP 101,11,20252,E412,Lecture,Tuesday,4:30 PM,6:30 PM,Completed
20252-00140,FA-046,COMP 021,9,20252,E418,Lecture,Saturday,7:30 AM,9:30 AM,Completed
20252-00141,FA-010,INTE 201,11,20252,E415,Lecture,Saturday,12:00 PM,2:00 PM,Completed
20252-00142,FA-048,INTE 362,21,20252,E401,Lecture,Tuesday,4:30 PM,6:30 PM,Completed
20252-00143,FA-010,COMP 016,44,20252,E408,Lecture,Tuesday,4:30 PM,6:30 PM,Completed
20252-00144,FA-039,COMP 003,38,20252,E418,Lecture,Monday,12:00 PM,2:00 PM,Completed
20252-00145,FA-044,COMP 021,48,20252,E416,Lecture,Wednesday,7:30 PM,9:30 PM,Completed
20252-00146,FA-045,COSC 202,37,20252,E418,Lecture,Tuesday,10:30 AM,12:30 PM,Completed
20252-00147,FA-046,COMP 036,50,20252,E406,Lecture,Friday,10:30 AM,12:30 PM,Completed
20252-00148,FA-047,COSC 302,38,20252,E407,Lecture,Wednesday,7:30 PM,9:30 PM,Completed
20252-00149,FA-023,INTE 401,2,20252,E412,Lecture,Saturday,9:00 AM,11:00 AM,Completed
20252-00150,FA-050,COMP 101,38,20252,E414,Lecture,Saturday,3:00 PM,5:00 PM,Completed
20252-00151,FA-021,COSC 202,6,20252,E406,Lecture,Saturday,7:30 AM,9:30 AM,Completed
20252-00152,FA-020,INTE 362,29,20252,E401,Lecture,Monday,9:00 AM,11:00 AM,Completed
20252-00153,FA-019,INTE 201,13,20252,E415,Lecture,Friday,4:30 PM,6:30 PM,Completed
20252-00154,FA-043,INTE 401,47,20252,E416,Lecture,Tuesday,1:30 PM,3:30 PM,Completed
20252-00155,FA-018,COMP 017,30,20252,E401,Lecture,Tuesday,10:30 AM,12:30 PM,Completed
20252-00156,FA-001,COMP 101,35,20252,E410,Lecture,Tuesday,10:30 AM,12:30 PM,Completed
20252-00157,FA-002,GEED 012,4,20252,E417,Lecture,Friday,1:30 PM,3:30 PM,Completed
20252-00158,FA-003,COSC 302,3,20252,E406,Lecture,Thursday,7:30 PM,9:30 PM,Completed
20252-00159,FA-016,COMP 036,9,20252,E413,Lecture,Saturday,4:30 PM,6:30 PM,Completed
20252-00160,FA-004,COMP 041,28,20252,E406,Lecture,Tuesday,9:00 AM,11:00 AM,Completed
20252-00161,FA-013,COSC 302,51,20252,E403,Lecture,Tuesday,6:00 PM,8:00 PM,Completed
20252-00162,FA-007,INTE 401,36,20252,E401,Lecture,Thursday,7:30 AM,9:30 AM,Completed
20252-00163,FA-008,COSC 304,43,20252,E408,Lecture,Monday,12:00 PM,2:00 PM,Completed
20252-00164,FA-009,INTE 301,50,20252,E405,Lecture,Monday,9:00 AM,11:00 AM,Completed
20252-00165,FA-017,COSC 302,36,20252,E415,Lecture,Friday,7:30 AM,9:30 AM,Completed
20252-00166,FA-019,GEED 012,5,20252,E407,Lecture,Monday,7:30 AM,9:30 AM,Completed
20252-00167,FA-026,COSC 304,51,20252,E410,Lecture,Wednesday,7:30 AM,9:30 AM,Completed
20252-00168,FA-039,COMP 009,33,20252,E408,Lecture,Tuesday,7:30 PM,9:30 PM,Completed
20252-00169,FA-021,INTE 201,40,20252,E416,Lecture,Monday,3:00 PM,5:00 PM,Completed
20252-00170,FA-022,COSC 302,23,20252,E401,Lecture,Friday,12:00 PM,2:00 PM,Completed
20252-00171,FA-023,INTE 401,49,20252,E403,Lecture,Friday,7:30 PM,9:30 PM,Completed
20252-00172,FA-024,COMP 012,6,20252,E418,Lecture,Saturday,10:30 AM,12:30 PM,Completed
20252-00173,FA-026,COSC 302,33,20252,E408,Lecture,Monday,7:30 AM,9:30 AM,Completed
20252-00174,FA-037,COMP 041,29,20252,E417,Lecture,Monday,4:30 PM,6:30 PM,Completed
20252-00175,FA-012,COMP 101,4,20252,E418,Lecture,Tuesday,6:00 PM,8:00 PM,Completed
20252-00176,FA-029,COSC 202,20,20252,E405,Lecture,Saturday,12:00 PM,2:00 PM,Completed
20252-00177,FA-030,INTE 362,7,20252,E410,Lecture,Tuesday,7:30 PM,9:30 PM,Completed
20252-00178,FA-027,INTE 301,5,20252,E404,Lecture,Saturday,12:00 PM,2:00 PM,Completed
20252-00179,FA-031,COMP 021,28,20252,E413,Lecture,Friday,9:00 AM,11:00 AM,Completed
20252-00180,FA-034,INTE 362,5,20252,E412,Lecture,Thursday,6:00 PM,8:00 PM,Completed
20252-00181,FA-033,INTE 362,46,20252,E414,Lecture,Thursday,4:30 PM,6:30 PM,Completed
20252-00182,FA-032,INTE 362,22,20252,E414,Lecture,Monday,10:30 AM,12:30 PM,Completed
20252-00183,FA-031,COMP 012,16,20252,E406,Lecture,Saturday,12:00 PM,2:00 PM,Completed
20252-00184,FA-035,COSC 302,29,20252,E415,Lecture,Wednesday,4:30 PM,6:30 PM,Completed
20252-00185,FA-036,INTE 362,32,20252,E407,Lecture,Tuesday,7:30 PM,9:30 PM,Completed
20252-00186,FA-030,COMP 101,8,20252,E415,Lecture,Thursday,1:30 PM,3:30 PM,Completed
20252-00187,FA-029,COMP 017,45,20252,E401,Lecture,Wednesday,1:30 PM,3:30 PM,Completed
20252-00188,FA-037,COMP 040,38,20252,E413,Lecture,Tuesday,1:30 PM,3:30 PM,Completed
20252-00189,FA-035,INTE 401,41,20252,E408,Lecture,Saturday,12:00 PM,2:00 PM,Completed
20252-00190,FA-052,COSC 302,24,20252,E418,Lecture,Thursday,7:30 PM,9:30 PM,Completed
20252-00191,FA-000,COMP 009,14,20252,E407,Lecture,Thursday,1:30 PM,3:30 PM,Completed
20252-00192,FA-038,COSC 302,42,20252,E413,Lecture,Monday,9:00 AM,11:00 AM,Completed
20252-00193,FA-000,INTE 401,32,20252,E414,Lecture,Tuesday,10:30 AM,12:30 PM,Completed
20252-00194,FA-001,INTE 201,4,20252,E417,Lecture,Tuesday,3:00 PM,5:00 PM,Completed
20252-00195,FA-004,COMP 009,48,20252,E409,Lecture,Thursday,6:00 PM,8:00 PM,Completed
20252-00196,FA-007,COMP 101,26,20252,E407,Lecture,Tuesday,12:00 PM,2:00 PM,Completed
20252-00197,FA-009,INTE 303,41,20252,E401,Lecture,Thursday,1:30 PM,3:30 PM,Completed
20252-00198,FA-011,INTE 301,34,20252,E415,Lecture,Tuesday,4:30 PM,6:30 PM,Completed
20252-00199,FA-016,COMP 101,15,20252,E410,Lecture,Friday,12:00 PM,2:00 PM,Completed
20252-00200,FA-020,COSC 302,49,20252,E404,Lecture,Friday,9:00 AM,11:00 AM,Completed
20252-00201,FA-021,INTE 362,42,20252,E408,Lecture,Wednesday,9:00 AM,11:00 AM,Completed
20252-00202,FA-022,COMP 012,26,20252,E414,Lecture,Tuesday,4:30 PM,6:30 PM,Completed
20252-00203,FA-023,COMP 017,7,20252,E412,Lecture,Wednesday,6:00 PM,8:00 PM,Completed
20252-00204,FA-024,INTE 201,7,20252,E410,Lecture,Monday,4:30 PM,6:30 PM,Completed
20252-00205,FA-025,COMP 036,2,20252,E403,Lecture,Friday,9:00 AM,11:00 AM,Completed
20252-00206,FA-026,COMP 040,40,20252,E403,Lecture,Friday,4:30 PM,6:30 PM,Completed
20252-00207,FA-027,INTE 362,23,20252,E404,Lecture,Monday,7:30 PM,9:30 PM,Completed
20252-00208,FA-028,INTE 301,51,20252,E411,Lecture,Tuesday,3:00 PM,5:00 PM,Completed
20252-00209,FA-029,COMP 101,44,20252,E401,Lecture,Friday,7:30 AM,9:30 AM,Completed
20252-00210,FA-030,COMP 016,5,20252,E414,Lecture,Wednesday,4:30 PM,6:30 PM,Completed
20252-00211,FA-032,INTE 362,36,20252,E401,Lecture,Saturday,10:30 AM,12:30 PM,Completed
20252-00212,FA-037,INTE 301,16,20252,E412,Lecture,Monday,9:00 AM,11:00 AM,Completed
20252-00213,FA-040,INTE 362,3,20252,E415,Lecture,Tuesday,9:00 AM,11:00 AM,Completed
20252-00214,FA-044,COMP 012,18,20252,E415,Lecture,Tuesday,1:30 PM,3:30 PM,Completed
20252-00215,FA-045,INTE 201,52,20252,E413,Lecture,Monday,6:00 PM,8:00 PM,Completed
20252-00216,FA-046,COMP 040,41,20252,E415,Lecture,Thursday,6:00 PM,8:00 PM,Completed
20252-00217,FA-049,INTE 401,16,20252,E404,Lecture,Tuesday,7:30 AM,9:30 AM,Completed
20252-00218,FA-051,COMP 012,7,20252,E406,Lecture,Friday,7:30 PM,9:30 PM,Completed
20252-00219,FA-053,COMP 101,1,20252,E405,Lecture,Thursday,9:00 AM,11:00 AM,Completed
20252-00220,FA-053,COMP 003,13,20252,E410,Lecture,Wednesday,6:00 PM,8:00 PM,Completed
20252-00221,FA-052,INTE 301,8,20252,E416,Lecture,Thursday,10:30 AM,12:30 PM,Completed
20252-00222,FA-049,COSC 302,32,20252,E405,Lecture,Wednesday,4:30 PM,6:30 PM,Completed
20252-00223,FA-047,COMP 101,49,20252,E414,Lecture,Thursday,7:30 AM,9:30 AM,Completed
20252-00224,FA-001,COMP 101,17,20252,E408,Lecture,Thursday,12:00 PM,2:00 PM,Completed
20252-00225,FA-004,COMP 009,50,20252,E405,Lecture,Wednesday,7:30 AM,9:30 AM,Completed
20252-00226,FA-005,COSC 302,30,20252,E407,Lecture,Wednesday,1:30 PM,3:30 PM,Completed
20252-00227,FA-033,COMP 012,19,20252,E417,Lecture,Monday,9:00 AM,11:00 AM,Completed
20252-00228,FA-039,COMP 016,2,20252,E403,Lecture,Saturday,6:00 PM,8:00 PM,Completed
20252-00229,FA-000,INTE 301,39,20252,E410,Lecture,Tuesday,3:00 PM,5:00 PM,Completed
20252-00230,FA-001,INTE 301,38,20252,E411,Lecture,Tuesday,7:30 AM,9:30 AM,Completed
20252-00231,FA-004,COMP 021,19,20252,E411,Lecture,Wednesday,3:00 PM,5:00 PM,Completed
20252-00232,FA-005,COMP 101,12,20252,E413,Lecture,Monday,3:00 PM,5:00 PM,Completed
20252-00233,FA-009,INTE 301,42,20252,E407,Lecture,Thursday,10:30 AM,12:30 PM,Completed
20252-00234,FA-016,COMP 017,16,20252,E412,Lecture,Friday,4:30 PM,6:30 PM,Completed
20252-00235,FA-017,COSC 202,23,20252,E412,Lecture,Saturday,3:00 PM,5:00 PM,Completed
20252-00236,FA-020,COMP 101,25,20252,E403,Lecture,Thursday,7:30 AM,9:30 AM,Completed
20252-00237,FA-054,COSC 302,27,20252,E414,Lecture,Tuesday,7:30 PM,9:30 PM,Completed
20252-00238,FA-021,INTE 401,50,20252,E412,Lecture,Tuesday,12:00 PM,2:00 PM,Completed
20252-00239,FA-023,COMP 012,21,20252,E401,Lecture,Thursday,10:30 AM,12:30 PM,Completed
20252-00240,FA-024,COMP 009,17,20252,E415,Lecture,Saturday,4:30 PM,6:30 PM,Completed
20252-00241,FA-027,INTE 301,39,20252,E406,Lecture,Wednesday,9:00 AM,11:00 AM,Completed
20252-00242,FA-028,COSC 202,14,20252,E403,Lecture,Wednesday,1:30 PM,3:30 PM,Completed
20252-00243,FA-029,COMP 101,40,20252,E403,Lecture,Saturday,9:00 AM,11:00 AM,Completed
20252-00244,FA-030,COMP 003,23,20252,E401,Lecture,Thursday,4:30 PM,6:30 PM,Completed
20252-00245,FA-033,GEED 012,35,20252,E413,Lecture,Thursday,7:30 PM,9:30 PM,Completed
20252-00246,FA-037,COMP 021,6,20252,E407,Lecture,Tuesday,4:30 PM,6:30 PM,Completed
20252-00247,FA-039,COMP 040,29,20252,E404,Lecture,Tuesday,3:00 PM,5:00 PM,Completed
20252-00248,FA-040,COMP 009,20,20252,E406,Lecture,Monday,6:00 PM,8:00 PM,Completed
20252-00249,FA-043,COMP 021,46,20252,E411,Lecture,Saturday,7:30 AM,9:30 AM,Completed
20252-00250,FA-044,INTE 301,15,20252,E409,Lecture,Wednesday,4:30 PM,6:30 PM,Completed
20252-00251,FA-046,COMP 009,45,20252,E416,Lecture,Wednesday,7:30 AM,9:30 AM,Completed
20252-00252,FA-022,COMP 101,11,20252,E409,Lecture,Monday,9:00 AM,11:00 AM,Completed
20252-00253,FA-000,INTE 301,4,20252,E406,Lecture,Monday,7:30 AM,9:30 AM,Completed
20252-00254,FA-003,INTE 301,37,20252,E406,Lecture,Wednesday,3:00 PM,5:00 PM,Completed
20252-00255,FA-004,COMP 101,8,20252,E401,Lecture,Wednesday,6:00 PM,8:00 PM,Completed
20252-00256,FA-051,COMP 016,35,20252,E406,Lecture,Saturday,4:30 PM,6:30 PM,Completed
20252-00257,FA-053,COMP 040,9,20252,E414,Lecture,Monday,3:00 PM,5:00 PM,Completed
20252-00258,FA-054,COMP 009,39,20252,E410,Lecture,Saturday,12:00 PM,2:00 PM,Completed
20252-00259,FA-001,COMP 041,31,20252,E413,Lecture,Monday,12:00 PM,2:00 PM,Completed
20252-00260,FA-004,COSC 302,18,20252,E418,Lecture,Saturday,3:00 PM,5:00 PM,Completed
20252-00261,FA-006,COSC 304,2,20252,E417,Lecture,Wednesday,7:30 AM,9:30 AM,Completed
20252-00262,FA-007,INTE 303,6,20252,E411,Lecture,Wednesday,7:30 AM,9:30 AM,Completed
20252-00263,FA-008,COMP 021,12,20252,E411,Lecture,Thursday,12:00 PM,2:00 PM,Completed
20252-00264,FA-001,INTE 301,20,20252,E412,Lecture,Friday,1:30 PM,3:30 PM,Completed
20252-00265,FA-010,INTE 401,32,20252,E412,Lecture,Monday,3:00 PM,5:00 PM,Completed
20252-00266,FA-011,INTE 401,27,20252,E406,Lecture,Thursday,9:00 AM,11:00 AM,Completed
20252-00267,FA-013,COMP 009,1,20252,E412,Lecture,Wednesday,12:00 PM,2:00 PM,Completed
20252-00268,FA-014,COMP 036,8,20252,E414,Lecture,Friday,9:00 AM,11:00 AM,Completed
20252-00269,FA-050,COSC 304,5,20252,E415,Lecture,Friday,7:30 PM,9:30 PM,Completed
20252-00270,FA-015,INTE 303,48,20252,E407,Lecture,Friday,7:30 AM,9:30 AM,Completed
20252-00271,FA-017,COMP 036,17,20252,E407,Lecture,Wednesday,7:30 AM,9:30 AM,Completed
20252-00272,FA-018,COMP 003,18,20252,E418,Lecture,Friday,12:00 PM,2:00 PM,Completed
20252-00273,FA-020,INTE 301,48,20252,E414,Lecture,Monday,6:00 PM,8:00 PM,Completed
20252-00274,FA-021,COSC 304,12,20252,E411,Lecture,Saturday,4:30 PM,6:30 PM,Completed
20252-00275,FA-022,COMP 101,19,20252,E418,Lecture,Thursday,9:00 AM,11:00 AM,Completed
20252-00276,FA-023,COMP 017,27,20252,E417,Lecture,Tuesday,10:30 AM,12:30 PM,Completed
20252-00277,FA-024,INTE 201,47,20252,E407,Lecture,Monday,7:30 PM,9:30 PM,Completed
20252-00278,FA-025,INTE 201,25,20252,E411,Lecture,Tuesday,10:30 AM,12:30 PM,Completed
20252-00279,FA-027,COSC 302,31,20252,E418,Lecture,Tuesday,3:00 PM,5:00 PM,Completed
20252-00280,FA-028,INTE 401,22,20252,E415,Lecture,Wednesday,7:30 AM,9:30 AM,Completed
20252-00281,FA-029,COMP 016,43,20252,E403,Lecture,Wednesday,6:00 PM,8:00 PM,Completed
20252-00282,FA-030,INTE 303,3,20252,E411,Lecture,Friday,7:30 AM,9:30 AM,Completed
20252-00283,FA-037,COMP 021,23,20252,E401,Lecture,Saturday,7:30 AM,9:30 AM,Completed
20252-00284,FA-016,COMP 012,25,20252,E418,Lecture,Friday,7:30 PM,9:30 PM,Completed
20252-00285,FA-039,INTE 362,34,20252,E418,Lecture,Monday,4:30 PM,6:30 PM,Completed
20252-00286,FA-049,COMP 003,44,20252,E415,Lecture,Friday,12:00 PM,2:00 PM,Completed
20252-00287,FA-047,INTE 401,15,20252,E413,Lecture,Tuesday,9:00 AM,11:00 AM,Completed
20252-00288,FA-006,COMP 017,52,20252,E415,Lecture,Wednesday,10:30 AM,12:30 PM,Completed
20252-00289,FA-007,COMP 017,24,20252,E410,Lecture,Thursday,1:30 PM,3:30 PM,Completed
20252-00290,FA-008,COMP 041,32,20252,E409,Lecture,Tuesday,7:30 AM,9:30 AM,Completed
20252-00291,FA-010,COMP 021,7,20252,E409,Lecture,Saturday,4:30 PM,6:30 PM,Completed
20252-00292,FA-011,COMP 101,39,20252,E404,Lecture,Saturday,7:30 AM,9:30 AM,Completed
20252-00293,FA-013,INTE 201,20,20252,E409,Lecture,Tuesday,10:30 AM,12:30 PM,Completed
20252-00294,FA-014,COMP 036,14,20252,E416,Lecture,Monday,9:00 AM,11:00 AM,Completed
20252-00295,FA-015,INTE 201,2,20252,E405,Lecture,Tuesday,10:30 AM,12:30 PM,Completed
20252-00296,FA-018,COMP 009,26,20252,E413,Lecture,Wednesday,3:00 PM,5:00 PM,Completed
20252-00297,FA-019,INTE 303,16,20252,E409,Lecture,Friday,10:30 AM,12:30 PM,Completed
20252-00298,FA-020,COMP 101,27,20252,E416,Lecture,Friday,12:00 PM,2:00 PM,Completed
20252-00299,FA-023,COSC 302,35,20252,E409,Lecture,Tuesday,4:30 PM,6:30 PM,Completed
20252-00300,FA-025,INTE 401,8,20252,E411,Lecture,Saturday,1:30 PM,3:30 PM,Completed
20252-00301,FA-048,COMP 016,49,20252,E414,Lecture,Wednesday,7:30 AM,9:30 AM,Completed
20252-00302,FA-026,COMP 041,52,20252,E404,Lecture,Saturday,3:00 PM,5:00 PM,Completed
20252-00303,FA-031,COMP 040,25,20252,E417,Lecture,Tuesday,6:00 PM,8:00 PM,Completed
20252-00304,FA-032,INTE 303,44,20252,E417,Lecture,Thursday,7:30 AM,9:30 AM,Completed
20252-00305,FA-033,COMP 101,21,20252,E401,Lecture,Wednesday,7:30 AM,9:30 AM,Completed
20252-00306,FA-034,COMP 040,1,20252,E404,Lecture,Monday,4:30 PM,6:30 PM,Completed
20252-00307,FA-036,INTE 201,6,20252,E409,Lecture,Thursday,10:30 AM,12:30 PM,Completed
20252-00308,FA-037,COSC 302,7,20252,E406,Lecture,Thursday,4:30 PM,6:30 PM,Completed
20252-00309,FA-039,COMP 017,42,20252,E406,Lecture,Friday,7:30 AM,9:30 AM,Completed
20252-00310,FA-040,COMP 101,36,20252,E408,Lecture,Tuesday,12:00 PM,2:00 PM,Completed
20252-00311,FA-041,COSC 304,47,20252,E413,Lecture,Saturday,10:30 AM,12:30 PM,Completed
20252-00312,FA-042,INTE 303,15,20252,E417,Lecture,Wednesday,1:30 PM,3:30 PM,Completed
20252-00313,FA-044,INTE 401,22,20252,E406,Lecture,Friday,3:00 PM,5:00 PM,Completed
20252-00314,FA-045,COMP 012,4,20252,E405,Lecture,Saturday,9:00 AM,11:00 AM,Completed
20252-00315,FA-046,COMP 017,3,20252,E405,Lecture,Monday,6:00 PM,8:00 PM,Completed
20252-00316,FA-029,COMP 040,10,20252,E412,Lecture,Tuesday,9:00 AM,11:00 AM,Completed
20252-00317,FA-002,COMP 041,37,20252,E414,Lecture,Thursday,10:30 AM,12:30 PM,Completed
20253-00001,FA-006,COSC 203,45,20253,S502,Laboratory,Monday,9:00 AM,12:00 PM,Completed
20253-00002,FA-033,COSC 304,20,20253,S508,Laboratory,Saturday,9:00 AM,12:00 PM,Completed
20253-00003,FA-000,INTE 303,14,20253,E415,Lecture,Wednesday,7:30 AM,9:30 AM,Completed
20253-00004,FA-001,COSC 203,43,20253,E404,Lecture,Monday,6:00 PM,8:00 PM,Completed
20253-00005,FA-004,INTE 201,16,20253,E418,Lecture,Friday,7:30 PM,9:30 PM,Completed
20253-00006,FA-005,COMP 101,19,20253,E415,Lecture,Wednesday,6:00 PM,8:00 PM,Completed
20253-00007,FA-009,COMP 033,17,20253,E406,Lecture,Friday,12:00 PM,2:00 PM,Completed
20253-00008,FA-037,COMP 011,46,20253,E417,Lecture,Wednesday,10:30 AM,12:30 PM,Completed
20253-00009,FA-039,COMP 013,18,20253,E404,Lecture,Tuesday,3:00 PM,5:00 PM,Completed
20253-00010,FA-040,COMP 013,42,20253,E409,Lecture,Wednesday,7:30 AM,9:30 AM,Completed
20253-00011,FA-044,COMP 025,44,20253,E407,Lecture,Friday,7:30 AM,9:30 AM,Completed
20253-00012,FA-000,COMP 013,15,20253,E418,Lecture,Thursday,1:30 PM,3:30 PM,Completed
20253-00013,FA-001,COMP 020,41,20253,E409,Lecture,Monday,12:00 PM,2:00 PM,Completed
20261-00001,FA-000,COMP 035,52,20261,S508,Laboratory,Wednesday,7:30 PM,10:30 PM,Completed
20261-00002,FA-025,INTE 202,26,20261,S510,Laboratory,Friday,12:00 PM,3:00 PM,Completed
20261-00003,FA-001,COMP 025,2,20261,S503,Laboratory,Friday,10:30 AM,1:30 PM,Completed
20261-00004,FA-053,COMP 035,12,20261,S510,Laboratory,Thursday,4:30 PM,7:30 PM,Completed
20261-00005,FA-050,INTE 403,37,20261,S508,Laboratory,Tuesday,1:30 PM,4:30 PM,Completed
20261-00006,FA-035,COMP 010,10,20261,S502,Laboratory,Friday,4:30 PM,7:30 PM,Completed
20261-00007,FA-036,COMP 018,4,20261,S511,Laboratory,Monday,7:30 AM,10:30 AM,Completed
20261-00008,FA-049,COMP 011,8,20261,S504,Laboratory,Monday,7:30 PM,10:30 PM,Completed
20261-00009,FA-048,COMP 008,47,20261,S510,Laboratory,Wednesday,3:00 PM,6:00 PM,Completed
20261-00010,FA-040,COMP 032,1,20261,S502,Laboratory,Friday,7:30 PM,10:30 PM,Completed
20261-00011,FA-046,COMP 033,47,20261,S503,Laboratory,Wednesday,6:00 PM,9:00 PM,Completed
20261-00012,FA-045,COMP 011,18,20261,S504,Laboratory,Saturday,12:00 PM,3:00 PM,Completed
20261-00013,FA-047,COMP 011,50,20261,S504,Laboratory,Friday,7:30 PM,10:30 PM,Completed
20261-00014,FA-049,INTE 403,44,20261,S511,Laboratory,Thursday,3:00 PM,6:00 PM,Completed
20261-00015,FA-050,COMP 025,49,20261,S508,Laboratory,Saturday,4:30 PM,7:30 PM,Completed
20261-00016,FA-051,COMP 025,20,20261,S503,Laboratory,Friday,3:00 PM,6:00 PM,Completed
20261-00017,FA-053,COMP 025,41,20261,S503,Laboratory,Saturday,10:30 AM,1:30 PM,Completed
20261-00018,FA-039,COSC 203,28,20261,S511,Laboratory,Saturday,7:30 AM,10:30 AM,Completed
20261-00019,FA-024,COSC 303,23,20261,S503,Laboratory,Wednesday,10:30 AM,1:30 PM,Completed
20261-00020,FA-038,INTE 403,11,20261,S501,Laboratory,Wednesday,1:30 PM,4:30 PM,Completed
20261-00021,FA-004,COMP 034,19,20261,S510,Laboratory,Friday,3:00 PM,6:00 PM,Completed
20261-00022,FA-021,COMP 019,28,20261,S511,Laboratory,Saturday,12:00 PM,3:00 PM,Completed
20261-00023,FA-048,COMP 035,9,20261,S511,Laboratory,Monday,6:00 PM,9:00 PM,Completed
20261-00024,FA-022,COSC 203,19,20261,S501,Laboratory,Friday,6:00 PM,9:00 PM,Completed
20261-00025,FA-021,COMP 011,10,20261,S501,Laboratory,Tuesday,6:00 PM,9:00 PM,Completed
20261-00026,FA-020,COMP 035,48,20261,S508,Laboratory,Tuesday,9:00 AM,12:00 PM,Completed
20261-00027,FA-016,COMP 038,35,20261,S504,Laboratory,Friday,7:30 AM,10:30 AM,Completed
20261-00028,FA-001,COMP 033,13,20261,S510,Laboratory,Tuesday,4:30 PM,7:30 PM,Completed
20261-00029,FA-015,COMP 010,2,20261,S502,Laboratory,Saturday,4:30 PM,7:30 PM,Completed
20261-00030,FA-004,COMP 008,43,20261,S504,Laboratory,Wednesday,9:00 AM,12:00 PM,Completed
20261-00031,FA-006,INTE 202,15,20261,S508,Laboratory,Wednesday,10:30 AM,1:30 PM,Completed
20261-00032,FA-007,COMP 022,13,20261,S502,Laboratory,Tuesday,1:30 PM,4:30 PM,Completed
20261-00033,FA-013,COMP 006,2,20261,S510,Laboratory,Saturday,10:30 AM,1:30 PM,Completed
20261-00034,FA-012,COMP 010,17,20261,S504,Laboratory,Saturday,6:00 PM,9:00 PM,Completed
20261-00035,FA-013,COMP 038,30,20261,S503,Laboratory,Tuesday,3:00 PM,6:00 PM,Completed
20261-00036,FA-009,COMP 034,32,20261,S510,Laboratory,Tuesday,1:30 PM,4:30 PM,Completed
20261-00037,FA-016,COMP 022,46,20261,S510,Laboratory,Thursday,7:30 AM,10:30 AM,Completed
20261-00038,FA-017,COMP 007,3,20261,S502,Laboratory,Monday,10:30 AM,1:30 PM,Completed
20261-00039,FA-019,INTE 403,31,20261,S501,Laboratory,Saturday,7:30 AM,10:30 AM,Completed
20261-00040,FA-005,INTE 403,5,20261,S510,Laboratory,Saturday,4:30 PM,7:30 PM,Completed
20261-00041,FA-026,COSC 351,7,20261,S503,Laboratory,Monday,7:30 PM,10:30 PM,Completed
20261-00042,FA-035,COMP 006,39,20261,S508,Laboratory,Wednesday,1:30 PM,4:30 PM,Completed
20261-00043,FA-005,COMP 032,37,20261,S511,Laboratory,Friday,4:30 PM,7:30 PM,Completed
20261-00044,FA-032,COMP 007,19,20261,S511,Laboratory,Thursday,7:30 AM,10:30 AM,Completed
20261-00045,FA-033,COMP 035,33,20261,S503,Laboratory,Thursday,6:00 PM,9:00 PM,Completed
20261-00046,FA-019,COMP 001,41,20261,S503,Laboratory,Monday,4:30 PM,7:30 PM,Completed
20261-00047,FA-036,COMP 011,43,20261,S511,Laboratory,Thursday,7:30 PM,10:30 PM,Completed
20261-00048,FA-037,COMP 038,4,20261,S508,Laboratory,Saturday,9:00 AM,12:00 PM,Completed
20261-00049,FA-018,INTE 302,43,20261,S502,Laboratory,Friday,1:30 PM,4:30 PM,Completed
20261-00050,FA-039,COSC 351,36,20261,S504,Laboratory,Thursday,4:30 PM,7:30 PM,Completed
20261-00051,FA-015,COSC 203,16,20261,S510,Laboratory,Saturday,1:30 PM,4:30 PM,Completed
20261-00052,FA-013,COMP 032,51,20261,S511,Laboratory,Saturday,7:30 PM,10:30 PM,Completed
20261-00053,FA-011,COMP 010,8,20261,S502,Laboratory,Saturday,9:00 AM,12:00 PM,Completed
20261-00054,FA-008,INTE 403,41,20261,S511,Laboratory,Friday,12:00 PM,3:00 PM,Completed
20261-00055,FA-050,COMP 013,20,20261,S502,Laboratory,Friday,10:30 AM,1:30 PM,Completed
20261-00056,FA-052,COSC 203,25,20261,S501,Laboratory,Thursday,7:30 PM,10:30 PM,Completed
20261-00057,FA-053,COMP 002,36,20261,S504,Laboratory,Tuesday,4:30 PM,7:30 PM,Completed
20261-00058,FA-000,COSC 351,19,20261,S501,Laboratory,Thursday,1:30 PM,4:30 PM,Completed
20261-00059,FA-001,COMP 018,30,20261,S510,Laboratory,Monday,4:30 PM,7:30 PM,Completed
20261-00060,FA-002,COMP 014,35,20261,S501,Laboratory,Saturday,4:30 PM,7:30 PM,Completed
20261-00061,FA-031,COMP 038,25,20261,S503,Laboratory,Saturday,6:00 PM,9:00 PM,Completed
20261-00062,FA-034,COMP 001,23,20261,S510,Laboratory,Tuesday,7:30 AM,10:30 AM,Completed
20261-00063,FA-030,COMP 022,36,20261,S510,Laboratory,Monday,12:00 PM,3:00 PM,Completed
20261-00064,FA-024,COMP 032,39,20261,S501,Laboratory,Friday,1:30 PM,4:30 PM,Completed
20261-00065,FA-033,COMP 035,32,20261,S508,Laboratory,Monday,10:30 AM,1:30 PM,Completed
20261-00066,FA-007,COMP 032,27,20261,S504,Laboratory,Thursday,1:30 PM,4:30 PM,Completed
20261-00067,FA-032,COMP 007,4,20261,S504,Laboratory,Friday,3:00 PM,6:00 PM,Completed
20261-00068,FA-009,COMP 001,15,20261,S508,Laboratory,Thursday,1:30 PM,4:30 PM,Completed
20261-00069,FA-010,COMP 008,6,20261,S511,Laboratory,Tuesday,7:30 PM,10:30 PM,Completed
20261-00070,FA-011,COMP 035,42,20261,S502,Laboratory,Wednesday,1:30 PM,4:30 PM,Completed
20261-00071,FA-031,COMP 011,34,20261,S508,Laboratory,Tuesday,4:30 PM,7:30 PM,Completed
20261-00072,FA-013,COMP 013,6,20261,S502,Laboratory,Thursday,4:30 PM,7:30 PM,Completed
20261-00073,FA-014,COMP 025,34,20261,S502,Laboratory,Wednesday,6:00 PM,9:00 PM,Completed
20261-00074,FA-029,COMP 004,11,20261,S508,Laboratory,Wednesday,4:30 PM,7:30 PM,Completed
20261-00075,FA-017,COMP 010,12,20261,S508,Laboratory,Monday,4:30 PM,7:30 PM,Completed
20261-00076,FA-027,COMP 035,31,20261,S501,Laboratory,Saturday,12:00 PM,3:00 PM,Completed
20261-00077,FA-020,COMP 037,21,20261,S502,Laboratory,Thursday,7:30 PM,10:30 PM,Completed
20261-00078,FA-021,COSC 203,7,20261,S504,Laboratory,Tuesday,12:00 PM,3:00 PM,Completed
20261-00079,FA-026,COSC 203,48,20261,S502,Laboratory,Monday,3:00 PM,6:00 PM,Completed
20261-00080,FA-023,COMP 025,18,20261,S503,Laboratory,Thursday,3:00 PM,6:00 PM,Completed
20261-00081,FA-025,COSC 301,47,20261,S501,Laboratory,Monday,9:00 AM,12:00 PM,Completed
20261-00082,FA-022,INTE 202,37,20261,S508,Laboratory,Thursday,10:30 AM,1:30 PM,Completed
20261-00083,FA-042,COSC 303,33,20261,S501,Laboratory,Monday,6:00 PM,9:00 PM,Completed
20261-00084,FA-009,COMP 032,12,20261,S504,Laboratory,Saturday,3:00 PM,6:00 PM,Completed
20261-00085,FA-004,COMP 019,1,20261,S503,Laboratory,Thursday,9:00 AM,12:00 PM,Completed
20261-00086,FA-042,COSC 303,3,20261,S508,Laboratory,Friday,3:00 PM,6:00 PM,Completed
20261-00087,FA-006,COMP 007,23,20261,S504,Laboratory,Saturday,7:30 AM,10:30 AM,Completed
20261-00088,FA-015,COMP 034,3,20261,S502,Laboratory,Tuesday,7:30 PM,10:30 PM,Completed
20261-00089,FA-007,COMP 013,30,20261,S504,Laboratory,Wednesday,12:00 PM,3:00 PM,Completed
20261-00090,FA-044,COMP 001,19,20261,S511,Laboratory,Tuesday,12:00 PM,3:00 PM,Completed
20261-00091,FA-005,COMP 034,2,20261,S504,Laboratory,Wednesday,6:00 PM,9:00 PM,Completed
20261-00092,FA-045,COMP 025,52,20261,S501,Laboratory,Tuesday,12:00 PM,3:00 PM,Completed
20261-00093,FA-017,COMP 007,18,20261,S502,Laboratory,Thursday,9:00 AM,12:00 PM,Completed
20261-00094,FA-000,COMP 010,48,20261,S508,Laboratory,Thursday,6:00 PM,9:00 PM,Completed
20261-00095,FA-054,COMP 033,36,20261,S504,Laboratory,Thursday,9:00 AM,12:00 PM,Completed
20261-00096,FA-053,COMP 025,24,20261,S508,Laboratory,Saturday,7:30 PM,10:30 PM,Completed
20261-00097,FA-052,COMP 019,44,20261,S511,Laboratory,Saturday,4:30 PM,7:30 PM,Completed
20261-00098,FA-020,COSC 303,40,20261,S511,Laboratory,Tuesday,3:00 PM,6:00 PM,Completed
20261-00099,FA-021,INTE 202,47,20261,S504,Laboratory,Monday,4:30 PM,7:30 PM,Completed
20261-00100,FA-014,COMP 008,27,20261,S511,Laboratory,Friday,7:30 AM,10:30 AM,Completed
20261-00101,FA-006,INTE 202,13,20261,S508,Laboratory,Monday,7:30 PM,10:30 PM,Completed
20261-00102,FA-048,COMP 019,35,20261,S503,Laboratory,Saturday,7:30 AM,10:30 AM,Completed
20261-00103,FA-041,COMP 008,29,20261,S503,Laboratory,Wednesday,3:00 PM,6:00 PM,Completed
20261-00104,FA-050,COMP 013,40,20261,S504,Laboratory,Tuesday,7:30 PM,10:30 PM,Completed
20261-00105,FA-051,COMP 001,21,20261,S511,Laboratory,Wednesday,10:30 AM,1:30 PM,Completed
20261-00106,FA-025,COMP 037,41,20261,S503,Laboratory,Monday,12:00 PM,3:00 PM,Completed
20261-00107,FA-044,COMP 034,36,20261,S502,Laboratory,Saturday,1:30 PM,4:30 PM,Completed
20261-00108,FA-043,COMP 033,42,20261,S502,Laboratory,Tuesday,4:30 PM,7:30 PM,Completed
20261-00109,FA-053,COMP 006,9,20261,S511,Laboratory,Tuesday,9:00 AM,12:00 PM,Completed
20261-00110,FA-041,COMP 008,17,20261,S503,Laboratory,Tuesday,6:00 PM,9:00 PM,Completed
20261-00111,FA-054,COMP 007,27,20261,S504,Laboratory,Thursday,7:30 PM,10:30 PM,Completed
20261-00112,FA-039,COMP 002,7,20261,S504,Laboratory,Monday,10:30 AM,1:30 PM,Completed
20261-00113,FA-033,COMP 037,44,20261,S508,Laboratory,Friday,12:00 PM,3:00 PM,Completed
20261-00114,FA-001,COMP 032,44,20261,S510,Laboratory,Thursday,7:30 PM,10:30 PM,Completed
20261-00115,FA-029,COMP 019,39,20261,S508,Laboratory,Friday,9:00 AM,12:00 PM,Completed
20261-00116,FA-005,COMP 014,28,20261,S511,Laboratory,Thursday,12:00 PM,3:00 PM,Completed
20261-00117,FA-015,COSC 301,39,20261,S510,Laboratory,Tuesday,10:30 AM,1:30 PM,Completed
20261-00118,FA-027,COSC 351,21,20261,S510,Laboratory,Saturday,7:30 AM,10:30 AM,Completed
20261-00119,FA-004,COMP 022,32,20261,S508,Laboratory,Friday,6:00 PM,9:00 PM,Completed
20261-00120,FA-032,COMP 022,35,20261,S510,Laboratory,Wednesday,7:30 AM,10:30 AM,Completed
20261-00121,FA-015,COMP 011,11,20261,S501,Laboratory,Friday,9:00 AM,12:00 PM,Completed
20261-00122,FA-014,COMP 013,43,20261,S503,Laboratory,Tuesday,9:00 AM,12:00 PM,Completed
20261-00123,FA-005,COSC 303,46,20261,S511,Laboratory,Wednesday,1:30 PM,4:30 PM,Completed
20261-00124,FA-024,COMP 010,35,20261,S502,Laboratory,Tuesday,10:30 AM,1:30 PM,Completed
20261-00125,FA-030,INTE 403,17,20261,S501,Laboratory,Tuesday,3:00 PM,6:00 PM,Completed
20261-00126,FA-044,COMP 011,21,20261,S510,Laboratory,Thursday,1:30 PM,4:30 PM,Completed
20261-00127,FA-033,COMP 037,48,20261,S503,Laboratory,Tuesday,12:00 PM,3:00 PM,Completed
20261-00128,FA-033,COMP 001,49,20261,S501,Laboratory,Monday,3:00 PM,6:00 PM,Completed
20261-00129,FA-006,COSC 301,45,20261,S510,Laboratory,Tuesday,7:30 PM,10:30 PM,Completed
20261-00130,FA-022,COMP 037,49,20261,S504,Laboratory,Friday,12:00 PM,3:00 PM,Completed
20261-00131,FA-020,COMP 010,37,20261,S510,Laboratory,Friday,7:30 AM,10:30 AM,Completed
20261-00132,FA-038,COMP 022,16,20261,S511,Laboratory,Wednesday,4:30 PM,7:30 PM,Completed
20261-00133,FA-005,COMP 001,39,20261,S502,Laboratory,Monday,6:00 PM,9:00 PM,Completed
20261-00134,FA-004,COMP 010,14,20261,S503,Laboratory,Saturday,3:00 PM,6:00 PM,Completed
20261-00135,FA-018,COMP 033,46,20261,S510,Laboratory,Thursday,10:30 AM,1:30 PM,Completed
20261-00136,FA-039,INTE 202,21,20261,S504,Laboratory,Wednesday,3:00 PM,6:00 PM,Completed
20261-00137,FA-001,COMP 014,23,20261,S501,Laboratory,Thursday,9:00 AM,12:00 PM,Completed
20261-00138,FA-039,COMP 038,11,20261,S508,Laboratory,Monday,1:30 PM,4:30 PM,Completed
20261-00139,FA-028,COMP 018,24,20261,S502,Laboratory,Thursday,1:30 PM,4:30 PM,Completed
20261-00140,FA-006,COSC 401,7,20261,E410,Lecture,Thursday,12:00 PM,2:00 PM,Completed
20261-00141,FA-003,COMP 020,5,20261,E412,Lecture,Wednesday,4:30 PM,6:30 PM,Completed
20261-00142,FA-017,COMP 020,24,20261,E418,Lecture,Saturday,12:00 PM,2:00 PM,Completed
20261-00143,FA-007,GEED 014,25,20261,E401,Lecture,Wednesday,7:30 AM,9:30 AM,Completed
20261-00144,FA-028,COMP 005,2,20261,E413,Lecture,Monday,1:30 PM,3:30 PM,Completed
20261-00145,FA-004,COMP 038,10,20261,E401,Lecture,Monday,1:30 PM,3:30 PM,Completed
20261-00146,FA-016,COSC 201,31,20261,E408,Lecture,Friday,10:30 AM,12:30 PM,Completed
20261-00147,FA-025,COMP 002,51,20261,E410,Lecture,Thursday,6:00 PM,8:00 PM,Completed
20261-00148,FA-010,INTE 403,2,20261,E414,Lecture,Thursday,12:00 PM,2:00 PM,Completed
20261-00149,FA-012,COMP 005,49,20261,E401,Lecture,Friday,7:30 AM,9:30 AM,Completed
20261-00150,FA-020,COMP 010,43,20261,E403,Lecture,Wednesday,7:30 PM,9:30 PM,Completed
20261-00151,FA-030,COMP 032,22,20261,E413,Lecture,Monday,7:30 AM,9:30 AM,Completed
20261-00152,FA-010,COMP 037,10,20261,E418,Lecture,Tuesday,9:00 AM,11:00 AM,Completed
20261-00153,FA-009,COMP 035,15,20261,E414,Lecture,Friday,12:00 PM,2:00 PM,Completed
20261-00154,FA-021,COSC 401,28,20261,E405,Lecture,Thursday,9:00 AM,11:00 AM,Completed
20261-00155,FA-009,INTE 402,52,20261,E405,Lecture,Friday,4:30 PM,6:30 PM,Completed
20261-00156,FA-017,COSC 303,51,20261,E418,Lecture,Tuesday,7:30 PM,9:30 PM,Completed
20261-00157,FA-014,COMP 032,33,20261,E403,Lecture,Saturday,7:30 AM,9:30 AM,Completed
20261-00158,FA-013,COMP 007,47,20261,E413,Lecture,Friday,3:00 PM,5:00 PM,Completed
20261-00159,FA-023,COMP 023,39,20261,E410,Lecture,Saturday,9:00 AM,11:00 AM,Completed
20261-00160,FA-012,COSC 203,5,20261,E416,Lecture,Monday,7:30 PM,9:30 PM,Completed
20261-00161,FA-008,COMP 015,46,20261,E405,Lecture,Monday,7:30 PM,9:30 PM,Completed
20261-00162,FA-007,COMP 106,40,20261,E407,Lecture,Monday,3:00 PM,5:00 PM,Completed
20261-00163,FA-016,COSC 401,48,20261,E403,Lecture,Monday,6:00 PM,8:00 PM,Completed
20261-00164,FA-011,COMP 035,17,20261,E417,Lecture,Thursday,12:00 PM,2:00 PM,Completed
20261-00165,FA-027,COMP 013,38,20261,E412,Lecture,Friday,6:00 PM,8:00 PM,Completed
20261-00166,FA-000,COSC 201,28,20261,E408,Lecture,Wednesday,9:00 AM,11:00 AM,Completed
20261-00167,FA-008,COMP 033,1,20261,E404,Lecture,Tuesday,4:30 PM,6:30 PM,Completed
20261-00168,FA-037,COMP 006,16,20261,E417,Lecture,Monday,12:00 PM,2:00 PM,Completed
20261-00169,FA-010,COSC 401,52,20261,E414,Lecture,Saturday,9:00 AM,11:00 AM,Completed
20261-00170,FA-011,COMP 015,40,20261,E410,Lecture,Saturday,3:00 PM,5:00 PM,Completed
20261-00171,FA-036,GEED 014,7,20261,E403,Lecture,Saturday,1:30 PM,3:30 PM,Completed
20261-00172,FA-005,INTE 403,15,20261,E408,Lecture,Tuesday,7:30 PM,9:30 PM,Completed
20261-00173,FA-035,COMP 023,26,20261,E407,Lecture,Saturday,12:00 PM,2:00 PM,Completed
20261-00174,FA-034,COSC 201,50,20261,E417,Lecture,Monday,4:30 PM,6:30 PM,Completed
20261-00175,FA-007,COMP 025,14,20261,E404,Lecture,Friday,12:00 PM,2:00 PM,Completed
20261-00176,FA-014,COMP 015,29,20261,E415,Lecture,Thursday,3:00 PM,5:00 PM,Completed
20261-00177,FA-017,COMP 002,29,20261,E409,Lecture,Saturday,4:30 PM,6:30 PM,Completed
20261-00178,FA-018,INTE 302,14,20261,E406,Lecture,Tuesday,4:30 PM,6:30 PM,Completed
20261-00179,FA-019,GEED 013,5,20261,E413,Lecture,Friday,7:30 PM,9:30 PM,Completed
20261-00180,FA-029,COMP 018,52,20261,E416,Lecture,Saturday,12:00 PM,2:00 PM,Completed
20261-00181,FA-023,COMP 106,30,20261,E416,Lecture,Friday,9:00 AM,11:00 AM,Completed
20261-00182,FA-024,COMP 005,18,20261,E406,Lecture,Saturday,7:30 PM,9:30 PM,Completed
20261-00183,FA-025,COMP 033,31,20261,E413,Lecture,Wednesday,6:00 PM,8:00 PM,Completed
20261-00184,FA-028,COMP 013,32,20261,E404,Lecture,Monday,7:30 PM,9:30 PM,Completed
20261-00185,FA-031,COMP 008,45,20261,E401,Lecture,Wednesday,3:00 PM,5:00 PM,Completed
20261-00186,FA-006,COMP 023,44,20261,E404,Lecture,Tuesday,1:30 PM,3:30 PM,Completed
20261-00187,FA-040,INTE 402,44,20261,E406,Lecture,Tuesday,10:30 AM,12:30 PM,Completed
20261-00188,FA-041,GEED 013,13,20261,E405,Lecture,Thursday,12:00 PM,2:00 PM,Completed
20261-00189,FA-036,COSC 201,34,20261,E414,Lecture,Tuesday,9:00 AM,11:00 AM,Completed
20261-00190,FA-037,COMP 022,6,20261,E409,Lecture,Thursday,7:30 PM,9:30 PM,Completed
20261-00191,FA-052,COMP 023,50,20261,E405,Lecture,Monday,9:00 AM,11:00 AM,Completed
20261-00192,FA-049,GEED 013,20,20261,E407,Lecture,Wednesday,10:30 AM,12:30 PM,Completed
20261-00193,FA-048,COMP 020,31,20261,E409,Lecture,Tuesday,9:00 AM,11:00 AM,Completed
20261-00194,FA-041,INTE 403,11,20261,E410,Lecture,Monday,7:30 PM,9:30 PM,Completed
20261-00195,FA-047,COMP 019,8,20261,E414,Lecture,Tuesday,7:30 PM,9:30 PM,Completed
20261-00196,FA-042,INTE 202,36,20261,E404,Lecture,Friday,9:00 AM,11:00 AM,Completed
20261-00197,FA-043,COMP 011,35,20261,E409,Lecture,Friday,7:30 PM,9:30 PM,Completed
20261-00198,FA-044,COSC 401,1,20261,E415,Lecture,Friday,10:30 AM,12:30 PM,Completed
20261-00199,FA-047,COMP 005,31,20261,E418,Lecture,Monday,7:30 PM,9:30 PM,Completed
20261-00200,FA-046,COSC 301,12,20261,E411,Lecture,Monday,7:30 PM,9:30 PM,Completed
20261-00201,FA-051,COMP 106,10,20261,E410,Lecture,Thursday,3:00 PM,5:00 PM,Completed
20261-00202,FA-052,INTE 402,20,20261,E408,Lecture,Thursday,10:30 AM,12:30 PM,Completed
20261-00203,FA-054,GEED 013,24,20261,E404,Lecture,Friday,3:00 PM,5:00 PM,Completed
20261-00204,FA-000,COSC 351,42,20261,E408,Lecture,Friday,1:30 PM,3:30 PM,Completed
20261-00205,FA-043,COSC 305,26,20261,E411,Lecture,Monday,12:00 PM,2:00 PM,Completed
20261-00206,FA-002,COMP 038,52,20261,E406,Lecture,Monday,12:00 PM,2:00 PM,Completed
20261-00207,FA-003,INTE 402,29,20261,E418,Lecture,Thursday,9:00 AM,11:00 AM,Completed
20261-00208,FA-002,COMP 002,30,20261,E412,Lecture,Saturday,12:00 PM,2:00 PM,Completed
20261-00209,FA-040,COMP 034,38,20261,E405,Lecture,Wednesday,7:30 PM,9:30 PM,Completed
20261-00210,FA-018,COMP 037,46,20261,E417,Lecture,Friday,10:30 AM,12:30 PM,Completed
20261-00211,FA-054,COSC 203,6,20261,E415,Lecture,Saturday,6:00 PM,8:00 PM,Completed
20261-00212,FA-016,COMP 022,1,20261,E414,Lecture,Thursday,3:00 PM,5:00 PM,Completed
20261-00213,FA-017,COMP 032,9,20261,E414,Lecture,Monday,7:30 AM,9:30 AM,Completed
20261-00214,FA-018,COSC 201,9,20261,E401,Lecture,Friday,4:30 PM,6:30 PM,Completed
20261-00215,FA-019,COMP 035,8,20261,E404,Lecture,Wednesday,7:30 AM,9:30 AM,Completed
20261-00216,FA-021,COMP 033,40,20261,E406,Lecture,Saturday,9:00 AM,11:00 AM,Completed
20261-00217,FA-023,COMP 011,51,20261,E404,Lecture,Monday,12:00 PM,2:00 PM,Completed
20261-00218,FA-025,COMP 022,20,20261,E414,Lecture,Saturday,4:30 PM,6:30 PM,Completed
20261-00219,FA-026,GEED 013,5,20261,E415,Lecture,Saturday,10:30 AM,12:30 PM,Completed
20261-00220,FA-027,INTE 202,29,20261,E412,Lecture,Thursday,6:00 PM,8:00 PM,Completed
20261-00221,FA-029,COMP 106,16,20261,E417,Lecture,Tuesday,4:30 PM,6:30 PM,Completed
20261-00222,FA-030,COMP 007,14,20261,E413,Lecture,Saturday,10:30 AM,12:30 PM,Completed
20261-00223,FA-032,COMP 020,32,20261,E401,Lecture,Wednesday,7:30 PM,9:30 PM,Completed
20261-00224,FA-037,COMP 013,29,20261,E412,Lecture,Monday,9:00 AM,11:00 AM,Completed
20261-00225,FA-040,COMP 106,4,20261,E412,Lecture,Wednesday,9:00 AM,11:00 AM,Completed
20261-00226,FA-043,COMP 032,12,20261,E415,Lecture,Saturday,7:30 AM,9:30 AM,Completed
20261-00227,FA-044,COMP 015,12,20261,E410,Lecture,Friday,1:30 PM,3:30 PM,Completed
20261-00228,FA-045,COSC 401,25,20261,E401,Lecture,Friday,10:30 AM,12:30 PM,Completed
20261-00229,FA-046,INTE 302,34,20261,E413,Lecture,Friday,7:30 AM,9:30 AM,Completed
20261-00230,FA-047,COMP 014,26,20261,E401,Lecture,Saturday,6:00 PM,8:00 PM,Completed
20261-00231,FA-049,COMP 034,37,20261,E411,Lecture,Saturday,10:30 AM,12:30 PM,Completed
20261-00232,FA-050,COMP 022,50,20261,E408,Lecture,Saturday,12:00 PM,2:00 PM,Completed
20261-00233,FA-051,GEED 013,45,20261,E403,Lecture,Thursday,7:30 PM,9:30 PM,Completed
20261-00234,FA-052,COMP 022,52,20261,E405,Lecture,Wednesday,1:30 PM,3:30 PM,Completed
20261-00235,FA-053,COMP 023,2,20261,E414,Lecture,Friday,7:30 PM,9:30 PM,Completed
20261-00236,FA-054,COSC 303,33,20261,E408,Lecture,Wednesday,3:00 PM,5:00 PM,Completed
20261-00237,FA-000,INTE 402,23,20261,E415,Lecture,Monday,7:30 AM,9:30 AM,Completed
20261-00238,FA-003,COMP 038,24,20261,E414,Lecture,Thursday,7:30 PM,9:30 PM,Completed
20261-00239,FA-011,COMP 008,8,20261,E404,Lecture,Wednesday,4:30 PM,6:30 PM,Completed
20261-00240,FA-009,COMP 015,22,20261,E418,Lecture,Saturday,9:00 AM,11:00 AM,Completed
20261-00241,FA-006,COMP 022,42,20261,E411,Lecture,Friday,7:30 PM,9:30 PM,Completed
20261-00242,FA-004,COMP 106,17,20261,E405,Lecture,Saturday,7:30 AM,9:30 AM,Completed
20261-00243,FA-001,COMP 013,23,20261,E407,Lecture,Tuesday,12:00 PM,2:00 PM,Completed
20261-00244,FA-009,INTE 402,4,20261,E418,Lecture,Friday,7:30 PM,9:30 PM,Completed
20261-00245,FA-033,COMP 005,45,20261,E413,Lecture,Thursday,9:00 AM,11:00 AM,Completed
20261-00246,FA-037,COMP 034,24,20261,E405,Lecture,Wednesday,4:30 PM,6:30 PM,Completed
20261-00247,FA-039,INTE 302,38,20261,E409,Lecture,Monday,7:30 PM,9:30 PM,Completed
20261-00248,FA-040,GEED 013,26,20261,E411,Lecture,Thursday,9:00 AM,11:00 AM,Completed
20261-00249,FA-000,COSC 305,48,20261,E418,Lecture,Saturday,6:00 PM,8:00 PM,Completed
20261-00250,FA-009,COMP 011,17,20261,E407,Lecture,Monday,9:00 AM,11:00 AM,Completed
20261-00251,FA-014,INTE 403,22,20261,E417,Lecture,Saturday,7:30 PM,9:30 PM,Completed
20261-00252,FA-016,COSC 305,43,20261,E408,Lecture,Tuesday,12:00 PM,2:00 PM,Completed
20261-00253,FA-018,COMP 023,25,20261,E411,Lecture,Saturday,7:30 AM,9:30 AM,Completed
20261-00254,FA-019,COSC 301,44,20261,E408,Lecture,Friday,4:30 PM,6:30 PM,Completed
20261-00255,FA-022,GEED 013,17,20261,E411,Lecture,Friday,7:30 AM,9:30 AM,Completed
20261-00256,FA-005,COMP 025,15,20261,E414,Lecture,Monday,10:30 AM,12:30 PM,Completed
20261-00257,FA-023,COMP 022,30,20261,E412,Lecture,Thursday,10:30 AM,12:30 PM,Completed
20261-00258,FA-026,COSC 203,3,20261,E413,Lecture,Saturday,4:30 PM,6:30 PM,Completed
20261-00259,FA-028,GEED 014,41,20261,E403,Lecture,Saturday,4:30 PM,6:30 PM,Completed
20261-00260,FA-030,COMP 034,22,20261,E416,Lecture,Saturday,3:00 PM,5:00 PM,Completed
20261-00261,FA-037,COMP 020,33,20261,E405,Lecture,Friday,7:30 AM,9:30 AM,Completed
20261-00262,FA-040,COMP 005,42,20261,E405,Lecture,Thursday,6:00 PM,8:00 PM,Completed
20261-00263,FA-042,COMP 014,18,20261,E416,Lecture,Wednesday,3:00 PM,5:00 PM,Completed
20261-00264,FA-045,COMP 106,45,20261,E415,Lecture,Wednesday,7:30 PM,9:30 PM,Completed
20261-00265,FA-046,COMP 015,4,20261,E413,Lecture,Thursday,1:30 PM,3:30 PM,Completed
20261-00266,FA-047,INTE 402,25,20261,E410,Lecture,Friday,4:30 PM,6:30 PM,Completed
20261-00267,FA-049,GEED 013,1,20261,E417,Lecture,Wednesday,3:00 PM,5:00 PM,Completed
20261-00268,FA-050,COSC 401,6,20261,E410,Lecture,Tuesday,9:00 AM,11:00 AM,Completed
20261-00269,FA-051,COSC 303,11,20261,E409,Lecture,Tuesday,12:00 PM,2:00 PM,Completed
20261-00270,FA-001,COMP 023,48,20261,E410,Lecture,Wednesday,3:00 PM,5:00 PM,Completed
20261-00271,FA-024,COMP 007,13,20261,E404,Lecture,Saturday,9:00 AM,11:00 AM,Completed
20261-00272,FA-003,COSC 201,1,20261,E407,Lecture,Monday,7:30 PM,9:30 PM,Completed
20261-00273,FA-008,COMP 018,26,20261,E408,Lecture,Thursday,4:30 PM,6:30 PM,Completed
20261-00274,FA-011,COMP 011,6,20261,E412,Lecture,Friday,9:00 AM,11:00 AM,Completed
20261-00275,FA-006,COSC 401,18,20261,E403,Lecture,Tuesday,7:30 AM,9:30 AM,Completed
20261-00276,FA-008,COMP 035,39,20261,E415,Lecture,Wednesday,9:00 AM,11:00 AM,Completed
20261-00277,FA-012,COSC 401,14,20261,E416,Lecture,Thursday,10:30 AM,12:30 PM,Completed
20261-00278,FA-015,GEED 014,9,20261,E403,Lecture,Saturday,10:30 AM,12:30 PM,Completed
20261-00279,FA-016,COSC 203,14,20261,E401,Lecture,Monday,9:00 AM,11:00 AM,Completed
20261-00280,FA-019,COSC 201,47,20261,E417,Lecture,Saturday,1:30 PM,3:30 PM,Completed
20261-00281,FA-019,GEED 013,38,20261,E418,Lecture,Tuesday,4:30 PM,6:30 PM,Completed
20261-00282,FA-022,GEED 014,27,20261,E417,Lecture,Friday,3:00 PM,5:00 PM,Completed
20261-00283,FA-024,COMP 006,47,20261,E416,Lecture,Friday,7:30 PM,9:30 PM,Completed
20261-00284,FA-026,COMP 032,41,20261,E416,Lecture,Wednesday,10:30 AM,12:30 PM,Completed
20261-00285,FA-027,COMP 005,9,20261,E406,Lecture,Friday,7:30 AM,9:30 AM,Completed
20261-00286,FA-028,INTE 403,32,20261,E411,Lecture,Wednesday,9:00 AM,11:00 AM,Completed
20261-00287,FA-029,COMP 007,7,20261,E405,Lecture,Tuesday,7:30 AM,9:30 AM,Completed
20261-00288,FA-034,COMP 015,19,20261,E418,Lecture,Monday,10:30 AM,12:30 PM,Completed
20261-00289,FA-035,COMP 010,34,20261,E415,Lecture,Thursday,6:00 PM,8:00 PM,Completed
20261-00290,FA-038,COMP 035,35,20261,E418,Lecture,Thursday,6:00 PM,8:00 PM,Completed
20261-00291,FA-040,COSC 203,31,20261,E415,Lecture,Monday,1:30 PM,3:30 PM,Completed
20261-00292,FA-041,COMP 037,26,20261,E410,Lecture,Monday,7:30 AM,9:30 AM,Completed
20261-00293,FA-042,COMP 002,9,20261,E409,Lecture,Wednesday,7:30 PM,9:30 PM,Completed
20261-00294,FA-043,COMP 005,3,20261,E413,Lecture,Thursday,7:30 PM,9:30 PM,Completed
20261-00295,FA-044,COMP 008,5,20261,E407,Lecture,Wednesday,7:30 AM,9:30 AM,Completed
20261-00296,FA-045,INTE 403,46,20261,E418,Lecture,Friday,7:30 AM,9:30 AM,Completed
20261-00297,FA-046,COMP 034,8,20261,E408,Lecture,Friday,7:30 PM,9:30 PM,Completed
20261-00298,FA-047,COSC 401,45,20261,E416,Lecture,Tuesday,10:30 AM,12:30 PM,Completed
20261-00299,FA-048,COSC 305,24,20261,E405,Lecture,Monday,3:00 PM,5:00 PM,Completed
20261-00300,FA-049,COMP 023,23,20261,E411,Lecture,Saturday,4:30 PM,6:30 PM,Completed
20261-00301,FA-051,COSC 305,15,20261,E403,Lecture,Friday,7:30 PM,9:30 PM,Completed
20261-00302,FA-004,COMP 014,12,20261,E413,Lecture,Tuesday,3:00 PM,5:00 PM,Completed
20261-00303,FA-003,COMP 106,22,20261,E405,Lecture,Tuesday,1:30 PM,3:30 PM,Completed
20261-00304,FA-002,COMP 023,38,20261,E412,Lecture,Tuesday,12:00 PM,2:00 PM,Completed
20261-00305,FA-001,COSC 401,50,20261,E409,Lecture,Saturday,7:30 PM,9:30 PM,Completed
20261-00306,FA-012,COSC 303,22,20261,E412,Lecture,Tuesday,4:30 PM,6:30 PM,Completed
20261-00307,FA-014,COMP 038,5,20261,E401,Lecture,Tuesday,1:30 PM,3:30 PM,Completed
20261-00308,FA-015,COMP 035,22,20261,E406,Lecture,Wednesday,3:00 PM,5:00 PM,Completed
20261-00309,FA-018,COMP 007,33,20261,E405,Lecture,Saturday,6:00 PM,8:00 PM,Completed
20261-00310,FA-020,COMP 022,38,20261,E416,Lecture,Thursday,4:30 PM,6:30 PM,Completed
20261-00311,FA-022,INTE 202,40,20261,E410,Lecture,Saturday,6:00 PM,8:00 PM,Completed
20261-00312,FA-023,COMP 019,51,20261,E404,Lecture,Friday,6:00 PM,8:00 PM,Completed
20261-00313,FA-026,INTE 202,41,20261,E407,Lecture,Thursday,6:00 PM,8:00 PM,Completed
20261-00314,FA-027,COMP 038,16,20261,E403,Lecture,Thursday,9:00 AM,11:00 AM,Completed
20261-00315,FA-028,COMP 033,27,20261,E408,Lecture,Saturday,7:30 AM,9:30 AM,Completed
20261-00316,FA-029,INTE 402,51,20261,E415,Lecture,Thursday,10:30 AM,12:30 PM,Completed
20261-00317,FA-030,INTE 403,28,20261,E417,Lecture,Tuesday,7:30 PM,9:30 PM,Completed
20261-00318,FA-031,COMP 019,20,20261,E411,Lecture,Monday,4:30 PM,6:30 PM,Completed
20261-00319,FA-010,COMP 014,16,20261,E409,Lecture,Thursday,4:30 PM,6:30 PM,Completed
20261-00320,FA-032,COSC 201,42,20261,E405,Lecture,Saturday,3:00 PM,5:00 PM,Completed
20261-00321,FA-034,INTE 402,34,20261,E406,Lecture,Thursday,3:00 PM,5:00 PM,Completed
20261-00322,FA-037,COMP 005,13,20261,E412,Lecture,Saturday,7:30 PM,9:30 PM,Completed
20261-00323,FA-039,COMP 004,49,20261,E405,Lecture,Wednesday,9:00 AM,11:00 AM,Completed
20261-00324,FA-041,COMP 035,30,20261,E415,Lecture,Saturday,3:00 PM,5:00 PM,Completed
20261-00325,FA-042,COMP 037,21,20261,E407,Lecture,Saturday,6:00 PM,8:00 PM,Completed
20261-00326,FA-043,COMP 008,3,20261,E412,Lecture,Thursday,3:00 PM,5:00 PM,Completed
20261-00327,FA-044,COMP 013,33,20261,E410,Lecture,Monday,12:00 PM,2:00 PM,Completed
20261-00328,FA-045,COMP 013,11,20261,E408,Lecture,Thursday,7:30 PM,9:30 PM,Completed
20261-00329,FA-046,COSC 305,14,20261,E414,Lecture,Tuesday,1:30 PM,3:30 PM,Completed
20261-00330,FA-048,COMP 014,50,20261,E411,Lecture,Thursday,7:30 PM,9:30 PM,Completed
20261-00331,FA-052,COMP 025,37,20261,E411,Lecture,Tuesday,4:30 PM,6:30 PM,Completed
20261-00332,FA-054,GEED 013,10,20261,E414,Lecture,Saturday,12:00 PM,2:00 PM,Completed
20261-00333,FA-000,COMP 019,27,20261,E408,Lecture,Monday,6:00 PM,8:00 PM,Completed
20261-00334,FA-033,COSC 351,37,20261,E416,Lecture,Saturday,7:30 AM,9:30 AM,Completed
20261-00335,FA-020,COMP 023,49,20261,E418,Lecture,Thursday,1:30 PM,3:30 PM,Completed
