availability_id,semester_id,faculty_id,day_of_week,shift_block,start_time,end_time
AV-00001,20241,FA-000,Monday,Morning,7:30 AM,12:30 PM
AV-00002,20241,FA-000,Monday,Afternoon,12:30 PM,5:30 PM
AV-00003,20241,FA-000,Monday,Evening,5:30 PM,10:30 PM
AV-00004,20241,FA-000,Tuesday,Morning,7:30 AM,12:30 PM
AV-00005,20241,FA-000,Tuesday,Afternoon,12:30 PM,5:30 PM
AV-00006,20241,FA-000,Tuesday,Evening,5:30 PM,10:30 PM
AV-00007,20241,FA-000,Wednesday,Morning,7:30 AM,12:30 PM
AV-00008,20241,FA-000,Wednesday,Afternoon,12:30 PM,5:30 PM
AV-00009,20241,FA-000,Thursday,Morning,7:30 AM,12:30 PM
AV-00010,20241,FA-000,Thursday,Afternoon,12:30 PM,5:30 PM
AV-00011,20241,FA-000,Thursday,Evening,5:30 PM,10:30 PM
AV-00012,20241,FA-000,Friday,Morning,7:30 AM,12:30 PM
AV-00013,20241,FA-000,Friday,Afternoon,12:30 PM,5:30 PM
AV-00014,20241,FA-000,Friday,Evening,5:30 PM,10:30 PM
AV-00015,20241,FA-000,Saturday,Morning,7:30 AM,12:30 PM
AV-00016,20241,FA-000,Saturday,Evening,5:30 PM,10:30 PM
AV-00017,20241,FA-001,Monday,Morning,7:30 AM,12:30 PM
AV-00018,20241,FA-001,Monday,Afternoon,12:30 PM,5:30 PM
AV-00019,20241,FA-001,Monday,Evening,5:30 PM,10:30 PM
AV-00020,20241,FA-001,Tuesday,Morning,7:30 AM,12:30 PM
AV-00021,20241,FA-001,Tuesday,Afternoon,12:30 PM,5:30 PM
AV-00022,20241,FA-001,Tuesday,Evening,5:30 PM,10:30 PM
AV-00023,20241,FA-001,Wednesday,Morning,7:30 AM,12:30 PM
AV-00024,20241,FA-001,Wednesday,Evening,5:30 PM,10:30 PM
AV-00025,20241,FA-001,Thursday,Afternoon,12:30 PM,5:30 PM
AV-00026,20241,FA-001,Friday,Morning,7:30 AM,12:30 PM
AV-00027,20241,FA-001,Friday,Afternoon,12:30 PM,5:30 PM
AV-00028,20241,FA-001,Friday,Evening,5:30 PM,10:30 PM
AV-00029,20241,FA-001,Saturday,Morning,7:30 AM,12:30 PM
AV-00030,20241,FA-001,Saturday,Afternoon,12:30 PM,5:30 PM
AV-00031,20241,FA-001,Saturday,Evening,5:30 PM,10:30 PM
AV-00032,20241,FA-002,Monday,Morning,7:30 AM,12:30 PM
AV-00033,20241,FA-002,Tuesday,Morning,7:30 AM,12:30 PM
AV-00034,20241,FA-002,Thursday,Morning,7:30 AM,12:30 PM
AV-00035,20241,FA-002,Thursday,Afternoon,12:30 PM,5:30 PM
AV-00036,20241,FA-002,Thursday,Evening,5:30 PM,10:30 PM
AV-00037,20241,FA-002,Friday,Morning,7:30 AM,12:30 PM
AV-00038,20241,FA-002,Friday,Afternoon,12:30 PM,5:30 PM
AV-00039,20241,FA-003,Monday,Afternoon,12:30 PM,5:30 PM
AV-00040,20241,FA-003,Monday,Evening,5:30 PM,10:30 PM
AV-00041,20241,FA-003,Tuesday,Afternoon,12:30 PM,5:30 PM
AV-00042,20241,FA-003,Tuesday,Evening,5:30 PM,10:30 PM
AV-00043,20241,FA-003,Wednesday,Afternoon,12:30 PM,5:30 PM
AV-00044,20241,FA-003,Friday,Afternoon,12:30 PM,5:30 PM
AV-00045,20241,FA-003,Friday,Evening,5:30 PM,10:30 PM
AV-00046,20241,FA-003,Saturday,Afternoon,12:30 PM,5:30 PM
AV-00047,20241,FA-003,Saturday,Evening,5:30 PM,10:30 PM
AV-00048,20241,FA-004,Monday,Morning,7:30 AM,12:30 PM
AV-00049,20241,FA-004,Monday,Afternoon,12:30 PM,5:30 PM
AV-00050,20241,FA-004,Monday,Evening,5:30 PM,10:30 PM
AV-00051,20241,FA-004,Tuesday,Morning,7:30 AM,12:30 PM
AV-00052,20241,FA-004,Tuesday,Evening,5:30 PM,10:30 PM
AV-00053,20241,FA-004,Wednesday,Afternoon,12:30 PM,5:30 PM
AV-00054,20241,FA-004,Wednesday,Evening,5:30 PM,10:30 PM
AV-00055,20241,FA-004,Thursday,Morning,7:30 AM,12:30 PM
AV-00056,20241,FA-004,Thursday,Afternoon,12:30 PM,5:30 PM
AV-00057,20241,FA-004,Thursday,Evening,5:30 PM,10:30 PM
AV-00058,20241,FA-004,Friday,Afternoon,12:30 PM,5:30 PM
AV-00059,20241,FA-004,Saturday,Evening,5:30 PM,10:30 PM
AV-00060,20241,FA-005,Monday,Morning,7:30 AM,12:30 PM
AV-00061,20241,FA-005,Monday,Afternoon,12:30 PM,5:30 PM
AV-00062,20241,FA-005,Monday,Evening,5:30 PM,10:30 PM
AV-00063,20241,FA-005,Tuesday,Morning,7:30 AM,12:30 PM
AV-00064,20241,FA-005,Tuesday,Evening,5:30 PM,10:30 PM
AV-00065,20241,FA-005,Thursday,Morning,7:30 AM,12:30 PM
AV-00066,20241,FA-005,Thursday,Afternoon,12:30 PM,5:30 PM
AV-00067,20241,FA-005,Thursday,Evening,5:30 PM,10:30 PM
AV-00068,20241,FA-005,Friday,Morning,7:30 AM,12:30 PM
AV-00069,20241,FA-005,Friday,Afternoon,12:30 PM,5:30 PM
AV-00070,20241,FA-005,Saturday,Morning,7:30 AM,12:30 PM
AV-00071,20241,FA-005,Saturday,Afternoon,12:30 PM,5:30 PM
AV-00072,20241,FA-005,Saturday,Evening,5:30 PM,10:30 PM
AV-00073,20241,FA-006,Monday,Morning,7:30 AM,12:30 PM
AV-00074,20241,FA-006,Monday,Afternoon,12:30 PM,5:30 PM
AV-00075,20241,FA-006,Monday,Evening,5:30 PM,10:30 PM
AV-00076,20241,FA-006,Tuesday,Morning,7:30 AM,12:30 PM
AV-00077,20241,FA-006,Wednesday,Evening,5:30 PM,10:30 PM
AV-00078,20241,FA-006,Thursday,Morning,7:30 AM,12:30 PM
AV-00079,20241,FA-006,Thursday,Evening,5:30 PM,10:30 PM
AV-00080,20241,FA-006,Friday,Morning,7:30 AM,12:30 PM
AV-00081,20241,FA-006,Friday,Afternoon,12:30 PM,5:30 PM
AV-00082,20241,FA-006,Friday,Evening,5:30 PM,10:30 PM
AV-00083,20241,FA-006,Saturday,Morning,7:30 AM,12:30 PM
AV-00084,20241,FA-006,Saturday,Afternoon,12:30 PM,5:30 PM
AV-00085,20241,FA-007,Monday,Morning,7:30 AM,12:30 PM
AV-00086,20241,FA-007,Monday,Afternoon,12:30 PM,5:30 PM
AV-00087,20241,FA-007,Tuesday,Morning,7:30 AM,12:30 PM
AV-00088,20241,FA-007,Tuesday,Afternoon,12:30 PM,5:30 PM
AV-00089,20241,FA-007,Tuesday,Evening,5:30 PM,10:30 PM
AV-00090,20241,FA-007,Wednesday,Morning,7:30 AM,12:30 PM
AV-00091,20241,FA-007,Thursday,Morning,7:30 AM,12:30 PM
AV-00092,20241,FA-007,Thursday,Afternoon,12:30 PM,5:30 PM
AV-00093,20241,FA-007,Thursday,Evening,5:30 PM,10:30 PM
AV-00094,20241,FA-007,Friday,Morning,7:30 AM,12:30 PM
AV-00095,20241,FA-007,Saturday,Morning,7:30 AM,12:30 PM
AV-00096,20241,FA-007,Saturday,Afternoon,12:30 PM,5:30 PM
AV-00097,20241,FA-008,Monday,Evening,5:30 PM,10:30 PM
AV-00098,20241,FA-008,Tuesday,Morning,7:30 AM,12:30 PM
AV-00099,20241,FA-008,Wednesday,Morning,7:30 AM,12:30 PM
AV-00100,20241,FA-008,Wednesday,Afternoon,12:30 PM,5:30 PM
AV-00101,20241,FA-008,Thursday,Morning,7:30 AM,12:30 PM
AV-00102,20241,FA-008,Thursday,Afternoon,12:30 PM,5:30 PM
AV-00103,20241,FA-008,Friday,Afternoon,12:30 PM,5:30 PM
AV-00104,20241,FA-008,Friday,Evening,5:30 PM,10:30 PM
AV-00105,20241,FA-008,Saturday,Morning,7:30 AM,12:30 PM
AV-00106,20241,FA-008,Saturday,Evening,5:30 PM,10:30 PM
AV-00107,20241,FA-009,Monday,Morning,7:30 AM,12:30 PM
AV-00108,20241,FA-009,Tuesday,Morning,7:30 AM,12:30 PM
AV-00109,20241,FA-009,Tuesday,Afternoon,12:30 PM,5:30 PM
AV-00110,20241,FA-009,Wednesday,Morning,7:30 AM,12:30 PM
AV-00111,20241,FA-009,Wednesday,Afternoon,12:30 PM,5:30 PM
AV-00112,20241,FA-009,Wednesday,Evening,5:30 PM,10:30 PM
AV-00113,20241,FA-009,Thursday,Morning,7:30 AM,12:30 PM
AV-00114,20241,FA-009,Friday,Morning,7:30 AM,12:30 PM
AV-00115,20241,FA-009,Saturday,Afternoon,12:30 PM,5:30 PM
AV-00116,20241,FA-009,Saturday,Evening,5:30 PM,10:30 PM
AV-00117,20241,FA-010,Tuesday,Afternoon,12:30 PM,5:30 PM
AV-00118,20241,FA-010,Tuesday,Evening,5:30 PM,10:30 PM
AV-00119,20241,FA-010,Wednesday,Afternoon,12:30 PM,5:30 PM
AV-00120,20241,FA-010,Thursday,Morning,7:30 AM,12:30 PM
AV-00121,20241,FA-010,Thursday,Afternoon,12:30 PM,5:30 PM
AV-00122,20241,FA-010,Friday,Evening,5:30 PM,10:30 PM
AV-00123,20241,FA-010,Saturday,Morning,7:30 AM,12:30 PM
AV-00124,20241,FA-011,Monday,Evening,5:30 PM,10:30 PM
AV-00125,20241,FA-011,Thursday,Morning,7:30 AM,12:30 PM
AV-00126,20241,FA-011,Thursday,Afternoon,12:30 PM,5:30 PM
AV-00127,20241,FA-011,Thursday,Evening,5:30 PM,10:30 PM
AV-00128,20241,FA-011,Friday,Morning,7:30 AM,12:30 PM
AV-00129,20241,FA-011,Friday,Afternoon,12:30 PM,5:30 PM
AV-00130,20241,FA-011,Friday,Evening,5:30 PM,10:30 PM
AV-00131,20241,FA-011,Saturday,Morning,7:30 AM,12:30 PM
AV-00132,20241,FA-011,Saturday,Afternoon,12:30 PM,5:30 PM
AV-00133,20241,FA-011,Saturday,Evening,5:30 PM,10:30 PM
AV-00134,20241,FA-012,Monday,Morning,7:30 AM,12:30 PM
AV-00135,20241,FA-012,Tuesday,Morning,7:30 AM,12:30 PM
AV-00136,20241,FA-012,Tuesday,Afternoon,12:30 PM,5:30 PM
AV-00137,20241,FA-012,Wednesday,Morning,7:30 AM,12:30 PM
AV-00138,20241,FA-012,Wednesday,Evening,5:30 PM,10:30 PM
AV-00139,20241,FA-012,Thursday,Morning,7:30 AM,12:30 PM
AV-00140,20241,FA-012,Friday,Morning,7:30 AM,12:30 PM
AV-00141,20241,FA-012,Friday,Afternoon,12:30 PM,5:30 PM
AV-00142,20241,FA-012,Saturday,Morning,7:30 AM,12:30 PM
AV-00143,20241,FA-013,Monday,Morning,7:30 AM,12:30 PM
AV-00144,20241,FA-013,Monday,Afternoon,12:30 PM,5:30 PM
AV-00145,20241,FA-013,Monday,Evening,5:30 PM,10:30 PM
AV-00146,20241,FA-013,Tuesday,Morning,7:30 AM,12:30 PM
AV-00147,20241,FA-013,Tuesday,Afternoon,12:30 PM,5:30 PM
AV-00148,20241,FA-013,Tuesday,Evening,5:30 PM,10:30 PM
AV-00149,20241,FA-013,Friday,Afternoon,12:30 PM,5:30 PM
AV-00150,20241,FA-013,Saturday,Afternoon,12:30 PM,5:30 PM
AV-00151,20241,FA-013,Saturday,Evening,5:30 PM,10:30 PM
AV-00152,20241,FA-014,Monday,Morning,7:30 AM,12:30 PM
AV-00153,20241,FA-014,Tuesday,Afternoon,12:30 PM,5:30 PM
AV-00154,20241,FA-014,Tuesday,Evening,5:30 PM,10:30 PM
AV-00155,20241,FA-014,Wednesday,Morning,7:30 AM,12:30 PM
AV-00156,20241,FA-014,Wednesday,Evening,5:30 PM,10:30 PM
AV-00157,20241,FA-014,Thursday,Morning,7:30 AM,12:30 PM
AV-00158,20241,FA-014,Thursday,Afternoon,12:30 PM,5:30 PM
AV-00159,20241,FA-014,Friday,Morning,7:30 AM,12:30 PM
AV-00160,20241,FA-014,Friday,Afternoon,12:30 PM,5:30 PM
AV-00161,20241,FA-014,Saturday,Evening,5:30 PM,10:30 PM
AV-00162,20241,FA-015,Monday,Morning,7:30 AM,12:30 PM
AV-00163,20241,FA-015,Monday,Afternoon,12:30 PM,5:30 PM
AV-00164,20241,FA-015,Monday,Evening,5:30 PM,10:30 PM
AV-00165,20241,FA-015,Tuesday,Morning,7:30 AM,12:30 PM
AV-00166,20241,FA-015,Tuesday,Afternoon,12:30 PM,5:30 PM
AV-00167,20241,FA-015,Tuesday,Evening,5:30 PM,10:30 PM
AV-00168,20241,FA-015,Wednesday,Morning,7:30 AM,12:30 PM
AV-00169,20241,FA-015,Wednesday,Afternoon,12:30 PM,5:30 PM
AV-00170,20241,FA-015,Thursday,Morning,7:30 AM,12:30 PM
AV-00171,20241,FA-015,Friday,Morning,7:30 AM,12:30 PM
AV-00172,20241,FA-015,Friday,Afternoon,12:30 PM,5:30 PM
AV-00173,20241,FA-015,Friday,Evening,5:30 PM,10:30 PM
AV-00174,20241,FA-015,Saturday,Morning,7:30 AM,12:30 PM
AV-00175,20241,FA-015,Saturday,Afternoon,12:30 PM,5:30 PM
AV-00176,20241,FA-015,Saturday,Evening,5:30 PM,10:30 PM
AV-00177,20241,FA-016,Monday,Morning,7:30 AM,12:30 PM
AV-00178,20241,FA-016,Monday,Afternoon,12:30 PM,5:30 PM
AV-00179,20241,FA-016,Monday,Evening,5:30 PM,10:30 PM
AV-00180,20241,FA-016,Tuesday,Morning,7:30 AM,12:30 PM
AV-00181,20241,FA-016,Wednesday,Morning,7:30 AM,12:30 PM
AV-00182,20241,FA-016,Wednesday,Afternoon,12:30 PM,5:30 PM
AV-00183,20241,FA-016,Thursday,Afternoon,12:30 PM,5:30 PM
AV-00184,20241,FA-016,Friday,Morning,7:30 AM,12:30 PM
AV-00185,20241,FA-016,Friday,Afternoon,12:30 PM,5:30 PM
AV-00186,20241,FA-016,Friday,Evening,5:30 PM,10:30 PM
AV-00187,20241,FA-016,Saturday,Morning,7:30 AM,12:30 PM
AV-00188,20241,FA-016,Saturday,Evening,5:30 PM,10:30 PM
AV-00189,20241,FA-017,Monday,Morning,7:30 AM,12:30 PM
AV-00190,20241,FA-017,Monday,Afternoon,12:30 PM,5:30 PM
AV-00191,20241,FA-017,Monday,Evening,5:30 PM,10:30 PM
AV-00192,20241,FA-017,Wednesday,Morning,7:30 AM,12:30 PM
AV-00193,20241,FA-017,Wednesday,Evening,5:30 PM,10:30 PM
AV-00194,20241,FA-017,Thursday,Morning,7:30 AM,12:30 PM
AV-00195,20241,FA-017,Thursday,Afternoon,12:30 PM,5:30 PM
AV-00196,20241,FA-017,Saturday,Morning,7:30 AM,12:30 PM
AV-00197,20241,FA-017,Saturday,Afternoon,12:30 PM,5:30 PM
AV-00198,20241,FA-017,Saturday,Evening,5:30 PM,10:30 PM
AV-00199,20241,FA-018,Monday,Morning,7:30 AM,12:30 PM
AV-00200,20241,FA-018,Monday,Afternoon,12:30 PM,5:30 PM
AV-00201,20241,FA-018,Monday,Evening,5:30 PM,10:30 PM
AV-00202,20241,FA-018,Tuesday,Morning,7:30 AM,12:30 PM
AV-00203,20241,FA-018,Tuesday,Afternoon,12:30 PM,5:30 PM
AV-00204,20241,FA-018,Tuesday,Evening,5:30 PM,10:30 PM
AV-00205,20241,FA-018,Wednesday,Morning,7:30 AM,12:30 PM
AV-00206,20241,FA-018,Wednesday,Afternoon,12:30 PM,5:30 PM
AV-00207,20241,FA-018,Wednesday,Evening,5:30 PM,10:30 PM
AV-00208,20241,FA-018,Thursday,Morning,7:30 AM,12:30 PM
AV-00209,20241,FA-018,Thursday,Evening,5:30 PM,10:30 PM
AV-00210,20241,FA-018,Friday,Morning,7:30 AM,12:30 PM
AV-00211,20241,FA-018,Friday,Evening,5:30 PM,10:30 PM
AV-00212,20241,FA-018,Saturday,Morning,7:30 AM,12:30 PM
AV-00213,20241,FA-018,Saturday,Evening,5:30 PM,10:30 PM
AV-00214,20241,FA-019,Monday,Morning,7:30 AM,12:30 PM
AV-00215,20241,FA-019,Monday,Afternoon,12:30 PM,5:30 PM
AV-00216,20241,FA-019,Monday,Evening,5:30 PM,10:30 PM
AV-00217,20241,FA-019,Tuesday,Morning,7:30 AM,12:30 PM
AV-00218,20241,FA-019,Tuesday,Afternoon,12:30 PM,5:30 PM
AV-00219,20241,FA-019,Tuesday,Evening,5:30 PM,10:30 PM
AV-00220,20241,FA-019,Wednesday,Morning,7:30 AM,12:30 PM
AV-00221,20241,FA-019,Wednesday,Afternoon,12:30 PM,5:30 PM
AV-00222,20241,FA-019,Wednesday,Evening,5:30 PM,10:30 PM
AV-00223,20241,FA-019,Thursday,Morning,7:30 AM,12:30 PM
AV-00224,20241,FA-019,Thursday,Afternoon,12:30 PM,5:30 PM
AV-00225,20241,FA-019,Thursday,Evening,5:30 PM,10:30 PM
AV-00226,20241,FA-019,Friday,Evening,5:30 PM,10:30 PM
AV-00227,20241,FA-019,Saturday,Afternoon,12:30 PM,5:30 PM
AV-00228,20241,FA-019,Saturday,Evening,5:30 PM,10:30 PM
AV-00229,20241,FA-020,Monday,Morning,7:30 AM,12:30 PM
AV-00230,20241,FA-020,Monday,Afternoon,12:30 PM,5:30 PM
AV-00231,20241,FA-020,Monday,Evening,5:30 PM,10:30 PM
AV-00232,20241,FA-020,Tuesday,Morning,7:30 AM,12:30 PM
AV-00233,20241,FA-020,Tuesday,Evening,5:30 PM,10:30 PM
AV-00234,20241,FA-020,Wednesday,Afternoon,12:30 PM,5:30 PM
AV-00235,20241,FA-020,Thursday,Morning,7:30 AM,12:30 PM
AV-00236,20241,FA-020,Thursday,Afternoon,12:30 PM,5:30 PM
AV-00237,20241,FA-020,Thursday,Evening,5:30 PM,10:30 PM
AV-00238,20241,FA-020,Friday,Morning,7:30 AM,12:30 PM
AV-00239,20241,FA-020,Saturday,Morning,7:30 AM,12:30 PM
AV-00240,20241,FA-020,Saturday,Evening,5:30 PM,10:30 PM
AV-00241,20241,FA-021,Monday,Morning,7:30 AM,12:30 PM
AV-00242,20241,FA-021,Monday,Afternoon,12:30 PM,5:30 PM
AV-00243,20241,FA-021,Monday,Evening,5:30 PM,10:30 PM
AV-00244,20241,FA-021,Tuesday,Morning,7:30 AM,12:30 PM
AV-00245,20241,FA-021,Tuesday,Afternoon,12:30 PM,5:30 PM
AV-00246,20241,FA-021,Wednesday,Morning,7:30 AM,12:30 PM
AV-00247,20241,FA-021,Wednesday,Afternoon,12:30 PM,5:30 PM
AV-00248,20241,FA-021,Wednesday,Evening,5:30 PM,10:30 PM
AV-00249,20241,FA-021,Thursday,Morning,7:30 AM,12:30 PM
AV-00250,20241,FA-021,Thursday,Afternoon,12:30 PM,5:30 PM
AV-00251,20241,FA-021,Friday,Morning,7:30 AM,12:30 PM
AV-00252,20241,FA-021,Friday,Afternoon,12:30 PM,5:30 PM
AV-00253,20241,FA-021,Saturday,Evening,5:30 PM,10:30 PM
AV-00254,20241,FA-022,Monday,Morning,7:30 AM,12:30 PM
AV-00255,20241,FA-022,Monday,Evening,5:30 PM,10:30 PM
AV-00256,20241,FA-022,Wednesday,Afternoon,12:30 PM,5:30 PM
AV-00257,20241,FA-022,Thursday,Morning,7:30 AM,12:30 PM
AV-00258,20241,FA-022,Thursday,Afternoon,12:30 PM,5:30 PM
AV-00259,20241,FA-022,Thursday,Evening,5:30 PM,10:30 PM
AV-00260,20241,FA-022,Friday,Morning,7:30 AM,12:30 PM
AV-00261,20241,FA-022,Friday,Afternoon,12:30 PM,5:30 PM
AV-00262,20241,FA-022,Friday,Evening,5:30 PM,10:30 PM
AV-00263,20241,FA-022,Saturday,Morning,7:30 AM,12:30 PM
AV-00264,20241,FA-022,Saturday,Afternoon,12:30 PM,5:30 PM
AV-00265,20241,FA-022,Saturday,Evening,5:30 PM,10:30 PM
AV-00266,20241,FA-023,Monday,Morning,7:30 AM,12:30 PM
AV-00267,20241,FA-023,Tuesday,Morning,7:30 AM,12:30 PM
AV-00268,20241,FA-023,Tuesday,Afternoon,12:30 PM,5:30 PM
AV-00269,20241,FA-023,Tuesday,Evening,5:30 PM,10:30 PM
AV-00270,20241,FA-023,Wednesday,Morning,7:30 AM,12:30 PM
AV-00271,20241,FA-023,Wednesday,Afternoon,12:30 PM,5:30 PM
AV-00272,20241,FA-023,Thursday,Morning,7:30 AM,12:30 PM
AV-00273,20241,FA-023,Thursday,Afternoon,12:30 PM,5:30 PM
AV-00274,20241,FA-023,Thursday,Evening,5:30 PM,10:30 PM
AV-00275,20241,FA-023,Friday,Evening,5:30 PM,10:30 PM
AV-00276,20241,FA-024,Monday,Evening,5:30 PM,10:30 PM
AV-00277,20241,FA-024,Tuesday,Morning,7:30 AM,12:30 PM
AV-00278,20241,FA-024,Tuesday,Afternoon,12:30 PM,5:30 PM
AV-00279,20241,FA-024,Wednesday,Morning,7:30 AM,12:30 PM
AV-00280,20241,FA-024,Wednesday,Evening,5:30 PM,10:30 PM
AV-00281,20241,FA-024,Friday,Afternoon,12:30 PM,5:30 PM
AV-00282,20241,FA-024,Saturday,Morning,7:30 AM,12:30 PM
AV-00283,20241,FA-024,Saturday,Afternoon,12:30 PM,5:30 PM
AV-00284,20241,FA-024,Saturday,Evening,5:30 PM,10:30 PM
AV-00285,20241,FA-025,Monday,Morning,7:30 AM,12:30 PM
AV-00286,20241,FA-025,Monday,Evening,5:30 PM,10:30 PM
AV-00287,20241,FA-025,Tuesday,Morning,7:30 AM,12:30 PM
AV-00288,20241,FA-025,Tuesday,Afternoon,12:30 PM,5:30 PM
AV-00289,20241,FA-025,Tuesday,Evening,5:30 PM,10:30 PM
AV-00290,20241,FA-025,Thursday,Afternoon,12:30 PM,5:30 PM
AV-00291,20241,FA-025,Thursday,Evening,5:30 PM,10:30 PM
AV-00292,20241,FA-025,Friday,Afternoon,12:30 PM,5:30 PM
AV-00293,20241,FA-025,Saturday,Morning,7:30 AM,12:30 PM
AV-00294,20241,FA-025,Saturday,Evening,5:30 PM,10:30 PM
AV-00295,20241,FA-026,Monday,Afternoon,12:30 PM,5:30 PM
AV-00296,20241,FA-026,Tuesday,Morning,7:30 AM,12:30 PM
AV-00297,20241,FA-026,Tuesday,Afternoon,12:30 PM,5:30 PM
AV-00298,20241,FA-026,Tuesday,Evening,5:30 PM,10:30 PM
AV-00299,20241,FA-026,Wednesday,Morning,7:30 AM,12:30 PM
AV-00300,20241,FA-026,Wednesday,Afternoon,12:30 PM,5:30 PM
AV-00301,20241,FA-026,Thursday,Morning,7:30 AM,12:30 PM
AV-00302,20241,FA-026,Thursday,Evening,5:30 PM,10:30 PM
AV-00303,20241,FA-026,Friday,Afternoon,12:30 PM,5:30 PM
AV-00304,20241,FA-026,Friday,Evening,5:30 PM,10:30 PM
AV-00305,20241,FA-026,Saturday,Afternoon,12:30 PM,5:30 PM
AV-00306,20241,FA-026,Saturday,Evening,5:30 PM,10:30 PM
AV-00307,20241,FA-027,Monday,Morning,7:30 AM,12:30 PM
AV-00308,20241,FA-027,Tuesday,Morning,7:30 AM,12:30 PM
AV-00309,20241,FA-027,Tuesday,Afternoon,12:30 PM,5:30 PM
AV-00310,20241,FA-027,Tuesday,Evening,5:30 PM,10:30 PM
AV-00311,20241,FA-027,Wednesday,Morning,7:30 AM,12:30 PM
AV-00312,20241,FA-027,Wednesday,Afternoon,12:30 PM,5:30 PM
AV-00313,20241,FA-027,Thursday,Afternoon,12:30 PM,5:30 PM
AV-00314,20241,FA-027,Friday,Morning,7:30 AM,12:30 PM
AV-00315,20241,FA-027,Saturday,Morning,7:30 AM,12:30 PM
AV-00316,20241,FA-027,Saturday,Evening,5:30 PM,10:30 PM
AV-00317,20241,FA-028,Monday,Morning,7:30 AM,12:30 PM
AV-00318,20241,FA-028,Tuesday,Morning,7:30 AM,12:30 PM
AV-00319,20241,FA-028,Tuesday,Afternoon,12:30 PM,5:30 PM
AV-00320,20241,FA-028,Wednesday,Afternoon,12:30 PM,5:30 PM
AV-00321,20241,FA-028,Wednesday,Evening,5:30 PM,10:30 PM
AV-00322,20241,FA-028,Thursday,Afternoon,12:30 PM,5:30 PM
AV-00323,20241,FA-028,Friday,Afternoon,12:30 PM,5:30 PM
AV-00324,20241,FA-028,Friday,Evening,5:30 PM,10:30 PM
AV-00325,20241,FA-028,Saturday,Afternoon,12:30 PM,5:30 PM
AV-00326,20241,FA-029,Tuesday,Morning,7:30 AM,12:30 PM
AV-00327,20241,FA-029,Tuesday,Afternoon,12:30 PM,5:30 PM
AV-00328,20241,FA-029,Wednesday,Morning,7:30 AM,12:30 PM
AV-00329,20241,FA-029,Wednesday,Afternoon,12:30 PM,5:30 PM
AV-00330,20241,FA-029,Thursday,Afternoon,12:30 PM,5:30 PM
AV-00331,20241,FA-029,Thursday,Evening,5:30 PM,10:30 PM
AV-00332,20241,FA-029,Friday,Morning,7:30 AM,12:30 PM
AV-00333,20241,FA-029,Friday,Afternoon,12:30 PM,5:30 PM
AV-00334,20241,FA-029,Friday,Evening,5:30 PM,10:30 PM
AV-00335,20241,FA-030,Monday,Evening,5:30 PM,10:30 PM
AV-00336,20241,FA-030,Tuesday,Morning,7:30 AM,12:30 PM
AV-00337,20241,FA-030,Tuesday,Afternoon,12:30 PM,5:30 PM
AV-00338,20241,FA-030,Wednesday,Morning,7:30 AM,12:30 PM
AV-00339,20241,FA-030,Wednesday,Afternoon,12:30 PM,5:30 PM
AV-00340,20241,FA-030,Wednesday,Evening,5:30 PM,10:30 PM
AV-00341,20241,FA-030,Thursday,Morning,7:30 AM,12:30 PM
AV-00342,20241,FA-030,Saturday,Morning,7:30 AM,12:30 PM
AV-00343,20241,FA-030,Saturday,Evening,5:30 PM,10:30 PM
AV-00344,20241,FA-031,Monday,Morning,7:30 AM,12:30 PM
AV-00345,20241,FA-031,Monday,Afternoon,12:30 PM,5:30 PM
AV-00346,20241,FA-031,Monday,Evening,5:30 PM,10:30 PM
AV-00347,20241,FA-031,Tuesday,Morning,7:30 AM,12:30 PM
AV-00348,20241,FA-031,Wednesday,Evening,5:30 PM,10:30 PM
AV-00349,20241,FA-031,Friday,Morning,7:30 AM,12:30 PM
AV-00350,20241,FA-031,Saturday,Morning,7:30 AM,12:30 PM
AV-00351,20241,FA-032,Monday,Morning,7:30 AM,12:30 PM
AV-00352,20241,FA-032,Monday,Afternoon,12:30 PM,5:30 PM
AV-00353,20241,FA-032,Monday,Evening,5:30 PM,10:30 PM
AV-00354,20241,FA-032,Wednesday,Morning,7:30 AM,12:30 PM
AV-00355,20241,FA-032,Thursday,Morning,7:30 AM,12:30 PM
AV-00356,20241,FA-032,Thursday,Afternoon,12:30 PM,5:30 PM
AV-00357,20241,FA-032,Friday,Morning,7:30 AM,12:30 PM
AV-00358,20241,FA-032,Friday,Afternoon,12:30 PM,5:30 PM
AV-00359,20241,FA-032,Saturday,Morning,7:30 AM,12:30 PM
AV-00360,20241,FA-033,Monday,Morning,7:30 AM,12:30 PM
AV-00361,20241,FA-033,Tuesday,Morning,7:30 AM,12:30 PM
AV-00362,20241,FA-033,Tuesday,Afternoon,12:30 PM,5:30 PM
AV-00363,20241,FA-033,Tuesday,Evening,5:30 PM,10:30 PM
AV-00364,20241,FA-033,Wednesday,Morning,7:30 AM,12:30 PM
AV-00365,20241,FA-033,Wednesday,Afternoon,12:30 PM,5:30 PM
AV-00366,20241,FA-033,Friday,Morning,7:30 AM,12:30 PM
AV-00367,20241,FA-033,Friday,Afternoon,12:30 PM,5:30 PM
AV-00368,20241,FA-033,Friday,Evening,5:30 PM,10:30 PM
AV-00369,20241,FA-033,Saturday,Morning,7:30 AM,12:30 PM
AV-00370,20241,FA-033,Saturday,Afternoon,12:30 PM,5:30 PM
AV-00371,20241,FA-033,Saturday,Evening,5:30 PM,10:30 PM
AV-00372,20241,FA-034,Monday,Morning,7:30 AM,12:30 PM
AV-00373,20241,FA-034,Monday,Evening,5:30 PM,10:30 PM
AV-00374,20241,FA-034,Wednesday,Afternoon,12:30 PM,5:30 PM
AV-00375,20241,FA-034,Thursday,Evening,5:30 PM,10:30 PM
AV-00376,20241,FA-034,Friday,Afternoon,12:30 PM,5:30 PM
AV-00377,20241,FA-034,Friday,Evening,5:30 PM,10:30 PM
AV-00378,20241,FA-034,Saturday,Evening,5:30 PM,10:30 PM
AV-00379,20241,FA-035,Monday,Morning,7:30 AM,12:30 PM
AV-00380,20241,FA-035,Monday,Afternoon,12:30 PM,5:30 PM
AV-00381,20241,FA-035,Tuesday,Afternoon,12:30 PM,5:30 PM
AV-00382,20241,FA-035,Tuesday,Evening,5:30 PM,10:30 PM
AV-00383,20241,FA-035,Wednesday,Afternoon,12:30 PM,5:30 PM
AV-00384,20241,FA-035,Thursday,Morning,7:30 AM,12:30 PM
AV-00385,20241,FA-035,Friday,Morning,7:30 AM,12:30 PM
AV-00386,20241,FA-036,Monday,Evening,5:30 PM,10:30 PM
AV-00387,20241,FA-036,Tuesday,Morning,7:30 AM,12:30 PM
AV-00388,20241,FA-036,Tuesday,Afternoon,12:30 PM,5:30 PM
AV-00389,20241,FA-036,Tuesday,Evening,5:30 PM,10:30 PM
AV-00390,20241,FA-036,Wednesday,Afternoon,12:30 PM,5:30 PM
AV-00391,20241,FA-036,Wednesday,Evening,5:30 PM,10:30 PM
AV-00392,20241,FA-036,Thursday,Afternoon,12:30 PM,5:30 PM
AV-00393,20241,FA-036,Thursday,Evening,5:30 PM,10:30 PM
AV-00394,20241,FA-036,Friday,Morning,7:30 AM,12:30 PM
AV-00395,20241,FA-036,Saturday,Morning,7:30 AM,12:30 PM
AV-00396,20241,FA-037,Monday,Afternoon,12:30 PM,5:30 PM
AV-00397,20241,FA-037,Monday,Evening,5:30 PM,10:30 PM
AV-00398,20241,FA-037,Tuesday,Morning,7:30 AM,12:30 PM
AV-00399,20241,FA-037,Tuesday,Afternoon,12:30 PM,5:30 PM
AV-00400,20241,FA-037,Wednesday,Morning,7:30 AM,12:30 PM
AV-00401,20241,FA-037,Wednesday,Afternoon,12:30 PM,5:30 PM
AV-00402,20241,FA-037,Wednesday,Evening,5:30 PM,10:30 PM
AV-00403,20241,FA-037,Friday,Morning,7:30 AM,12:30 PM
AV-00404,20241,FA-037,Friday,Afternoon,12:30 PM,5:30 PM
AV-00405,20241,FA-037,Saturday,Morning,7:30 AM,12:30 PM
AV-00406,20241,FA-037,Saturday,Afternoon,12:30 PM,5:30 PM
AV-00407,20241,FA-037,Saturday,Evening,5:30 PM,10:30 PM
AV-00408,20241,FA-038,Tuesday,Morning,7:30 AM,12:30 PM
AV-00409,20241,FA-038,Thursday,Morning,7:30 AM,12:30 PM
AV-00410,20241,FA-038,Thursday,Evening,5:30 PM,10:30 PM
AV-00411,20241,FA-038,Friday,Morning,7:30 AM,12:30 PM
AV-00412,20241,FA-039,Monday,Morning,7:30 AM,12:30 PM
AV-00413,20241,FA-039,Monday,Afternoon,12:30 PM,5:30 PM
AV-00414,20241,FA-039,Tuesday,Afternoon,12:30 PM,5:30 PM
AV-00415,20241,FA-039,Tuesday,Evening,5:30 PM,10:30 PM
AV-00416,20241,FA-039,Wednesday,Morning,7:30 AM,12:30 PM
AV-00417,20241,FA-039,Wednesday,Afternoon,12:30 PM,5:30 PM
AV-00418,20241,FA-039,Thursday,Morning,7:30 AM,12:30 PM
AV-00419,20241,FA-039,Thursday,Afternoon,12:30 PM,5:30 PM
AV-00420,20241,FA-039,Thursday,Evening,5:30 PM,10:30 PM
AV-00421,20241,FA-039,Friday,Morning,7:30 AM,12:30 PM
AV-00422,20241,FA-039,Friday,Afternoon,12:30 PM,5:30 PM
AV-00423,20241,FA-039,Friday,Evening,5:30 PM,10:30 PM
AV-00424,20241,FA-039,Saturday,Morning,7:30 AM,12:30 PM
AV-00425,20241,FA-039,Saturday,Afternoon,12:30 PM,5:30 PM
AV-00426,20241,FA-039,Saturday,Evening,5:30 PM,10:30 PM
AV-00427,20241,FA-040,Monday,Morning,7:30 AM,12:30 PM
AV-00428,20241,FA-040,Monday,Afternoon,12:30 PM,5:30 PM
AV-00429,20241,FA-040,Tuesday,Morning,7:30 AM,12:30 PM
AV-00430,20241,FA-040,Tuesday,Afternoon,12:30 PM,5:30 PM
AV-00431,20241,FA-040,Wednesday,Morning,7:30 AM,12:30 PM
AV-00432,20241,FA-040,Wednesday,Evening,5:30 PM,10:30 PM
AV-00433,20241,FA-040,Thursday,Morning,7:30 AM,12:30 PM
AV-00434,20241,FA-040,Thursday,Afternoon,12:30 PM,5:30 PM
AV-00435,20241,FA-040,Thursday,Evening,5:30 PM,10:30 PM
AV-00436,20241,FA-040,Friday,Evening,5:30 PM,10:30 PM
AV-00437,20241,FA-040,Saturday,Morning,7:30 AM,12:30 PM
AV-00438,20241,FA-040,Saturday,Afternoon,12:30 PM,5:30 PM
AV-00439,20241,FA-041,Monday,Morning,7:30 AM,12:30 PM
AV-00440,20241,FA-041,Monday,Afternoon,12:30 PM,5:30 PM
AV-00441,20241,FA-041,Tuesday,Morning,7:30 AM,12:30 PM
AV-00442,20241,FA-041,Tuesday,Afternoon,12:30 PM,5:30 PM
AV-00443,20241,FA-041,Tuesday,Evening,5:30 PM,10:30 PM
AV-00444,20241,FA-041,Wednesday,Morning,7:30 AM,12:30 PM
AV-00445,20241,FA-041,Wednesday,Afternoon,12:30 PM,5:30 PM
AV-00446,20241,FA-041,Friday,Morning,7:30 AM,12:30 PM
AV-00447,20241,FA-041,Friday,Afternoon,12:30 PM,5:30 PM
AV-00448,20241,FA-041,Saturday,Evening,5:30 PM,10:30 PM
AV-00449,20241,FA-042,Monday,Morning,7:30 AM,12:30 PM
AV-00450,20241,FA-042,Tuesday,Morning,7:30 AM,12:30 PM
AV-00451,20241,FA-042,Tuesday,Afternoon,12:30 PM,5:30 PM
AV-00452,20241,FA-042,Tuesday,Evening,5:30 PM,10:30 PM
AV-00453,20241,FA-042,Wednesday,Morning,7:30 AM,12:30 PM
AV-00454,20241,FA-042,Wednesday,Afternoon,12:30 PM,5:30 PM
AV-00455,20241,FA-042,Wednesday,Evening,5:30 PM,10:30 PM
AV-00456,20241,FA-042,Friday,Morning,7:30 AM,12:30 PM
AV-00457,20241,FA-042,Friday,Evening,5:30 PM,10:30 PM
AV-00458,20241,FA-042,Saturday,Morning,7:30 AM,12:30 PM
AV-00459,20241,FA-043,Monday,Morning,7:30 AM,12:30 PM
AV-00460,20241,FA-043,Monday,Afternoon,12:30 PM,5:30 PM
AV-00461,20241,FA-043,Tuesday,Afternoon,12:30 PM,5:30 PM
AV-00462,20241,FA-043,Wednesday,Morning,7:30 AM,12:30 PM
AV-00463,20241,FA-043,Wednesday,Afternoon,12:30 PM,5:30 PM
AV-00464,20241,FA-043,Wednesday,Evening,5:30 PM,10:30 PM
AV-00465,20241,FA-043,Friday,Afternoon,12:30 PM,5:30 PM
AV-00466,20241,FA-043,Saturday,Morning,7:30 AM,12:30 PM
AV-00467,20241,FA-043,Saturday,Afternoon,12:30 PM,5:30 PM
AV-00468,20241,FA-044,Monday,Morning,7:30 AM,12:30 PM
AV-00469,20241,FA-044,Monday,Afternoon,12:30 PM,5:30 PM
AV-00470,20241,FA-044,Tuesday,Morning,7:30 AM,12:30 PM
AV-00471,20241,FA-044,Tuesday,Evening,5:30 PM,10:30 PM
AV-00472,20241,FA-044,Wednesday,Evening,5:30 PM,10:30 PM
AV-00473,20241,FA-044,Thursday,Morning,7:30 AM,12:30 PM
AV-00474,20241,FA-044,Thursday,Afternoon,12:30 PM,5:30 PM
AV-00475,20241,FA-044,Thursday,Evening,5:30 PM,10:30 PM
AV-00476,20241,FA-044,Friday,Morning,7:30 AM,12:30 PM
AV-00477,20241,FA-044,Friday,Afternoon,12:30 PM,5:30 PM
AV-00478,20241,FA-044,Friday,Evening,5:30 PM,10:30 PM
AV-00479,20241,FA-044,Saturday,Afternoon,12:30 PM,5:30 PM
AV-00480,20241,FA-045,Monday,Afternoon,12:30 PM,5:30 PM
AV-00481,20241,FA-045,Monday,Evening,5:30 PM,10:30 PM
AV-00482,20241,FA-045,Tuesday,Evening,5:30 PM,10:30 PM
AV-00483,20241,FA-045,Wednesday,Afternoon,12:30 PM,5:30 PM
AV-00484,20241,FA-045,Wednesday,Evening,5:30 PM,10:30 PM
AV-00485,20241,FA-045,Thursday,Morning,7:30 AM,12:30 PM
AV-00486,20241,FA-045,Thursday,Afternoon,12:30 PM,5:30 PM
AV-00487,20241,FA-045,Thursday,Evening,5:30 PM,10:30 PM
AV-00488,20241,FA-045,Friday,Morning,7:30 AM,12:30 PM
AV-00489,20241,FA-045,Friday,Afternoon,12:30 PM,5:30 PM
AV-00490,20241,FA-046,Monday,Afternoon,12:30 PM,5:30 PM
AV-00491,20241,FA-046,Tuesday,Afternoon,12:30 PM,5:30 PM
AV-00492,20241,FA-046,Wednesday,Morning,7:30 AM,12:30 PM
AV-00493,20241,FA-046,Wednesday,Afternoon,12:30 PM,5:30 PM
AV-00494,20241,FA-046,Wednesday,Evening,5:30 PM,10:30 PM
AV-00495,20241,FA-046,Friday,Morning,7:30 AM,12:30 PM
AV-00496,20241,FA-046,Friday,Evening,5:30 PM,10:30 PM
AV-00497,20241,FA-046,Saturday,Morning,7:30 AM,12:30 PM
AV-00498,20241,FA-046,Saturday,Afternoon,12:30 PM,5:30 PM
AV-00499,20241,FA-047,Tuesday,Morning,7:30 AM,12:30 PM
AV-00500,20241,FA-047,Tuesday,Evening,5:30 PM,10:30 PM
AV-00501,20241,FA-047,Wednesday,Afternoon,12:30 PM,5:30 PM
AV-00502,20241,FA-047,Wednesday,Evening,5:30 PM,10:30 PM
AV-00503,20241,FA-047,Thursday,Morning,7:30 AM,12:30 PM
AV-00504,20241,FA-047,Thursday,Afternoon,12:30 PM,5:30 PM
AV-00505,20241,FA-047,Thursday,Evening,5:30 PM,10:30 PM
AV-00506,20241,FA-047,Friday,Morning,7:30 AM,12:30 PM
AV-00507,20241,FA-047,Friday,Afternoon,12:30 PM,5:30 PM
AV-00508,20241,FA-047,Friday,Evening,5:30 PM,10:30 PM
AV-00509,20241,FA-047,Saturday,Morning,7:30 AM,12:30 PM
AV-00510,20241,FA-047,Saturday,Evening,5:30 PM,10:30 PM
AV-00511,20241,FA-048,Monday,Morning,7:30 AM,12:30 PM
AV-00512,20241,FA-048,Tuesday,Afternoon,12:30 PM,5:30 PM
AV-00513,20241,FA-048,Tuesday,Evening,5:30 PM,10:30 PM
AV-00514,20241,FA-048,Wednesday,Morning,7:30 AM,12:30 PM
AV-00515,20241,FA-048,Wednesday,Afternoon,12:30 PM,5:30 PM
AV-00516,20241,FA-048,Thursday,Afternoon,12:30 PM,5:30 PM
AV-00517,20241,FA-048,Friday,Afternoon,12:30 PM,5:30 PM
AV-00518,20241,FA-048,Friday,Evening,5:30 PM,10:30 PM
AV-00519,20241,FA-048,Saturday,Morning,7:30 AM,12:30 PM
AV-00520,20241,FA-049,Monday,Evening,5:30 PM,10:30 PM
AV-00521,20241,FA-049,Tuesday,Morning,7:30 AM,12:30 PM
AV-00522,20241,FA-049,Tuesday,Afternoon,12:30 PM,5:30 PM
AV-00523,20241,FA-049,Tuesday,Evening,5:30 PM,10:30 PM
AV-00524,20241,FA-049,Wednesday,Morning,7:30 AM,12:30 PM
AV-00525,20241,FA-049,Wednesday,Evening,5:30 PM,10:30 PM
AV-00526,20241,FA-049,Friday,Morning,7:30 AM,12:30 PM
AV-00527,20241,FA-049,Friday,Afternoon,12:30 PM,5:30 PM
AV-00528,20241,FA-049,Friday,Evening,5:30 PM,10:30 PM
AV-00529,20241,FA-050,Monday,Morning,7:30 AM,12:30 PM
AV-00530,20241,FA-050,Monday,Afternoon,12:30 PM,5:30 PM
AV-00531,20241,FA-050,Tuesday,Morning,7:30 AM,12:30 PM
AV-00532,20241,FA-050,Tuesday,Afternoon,12:30 PM,5:30 PM
AV-00533,20241,FA-050,Wednesday,Evening,5:30 PM,10:30 PM
AV-00534,20241,FA-050,Thursday,Morning,7:30 AM,12:30 PM
AV-00535,20241,FA-050,Friday,Morning,7:30 AM,12:30 PM
AV-00536,20241,FA-050,Friday,Afternoon,12:30 PM,5:30 PM
AV-00537,20241,FA-050,Friday,Evening,5:30 PM,10:30 PM
AV-00538,20241,FA-050,Saturday,Morning,7:30 AM,12:30 PM
AV-00539,20241,FA-050,Saturday,Afternoon,12:30 PM,5:30 PM
AV-00540,20241,FA-050,Saturday,Evening,5:30 PM,10:30 PM
AV-00541,20241,FA-051,Monday,Afternoon,12:30 PM,5:30 PM
AV-00542,20241,FA-051,Monday,Evening,5:30 PM,10:30 PM
AV-00543,20241,FA-051,Wednesday,Morning,7:30 AM,12:30 PM
AV-00544,20241,FA-051,Wednesday,Afternoon,12:30 PM,5:30 PM
AV-00545,20241,FA-051,Wednesday,Evening,5:30 PM,10:30 PM
AV-00546,20241,FA-051,Thursday,Afternoon,12:30 PM,5:30 PM
AV-00547,20241,FA-051,Thursday,Evening,5:30 PM,10:30 PM
AV-00548,20241,FA-051,Friday,Morning,7:30 AM,12:30 PM
AV-00549,20241,FA-051,Friday,Afternoon,12:30 PM,5:30 PM
AV-00550,20241,FA-051,Friday,Evening,5:30 PM,10:30 PM
AV-00551,20241,FA-051,Saturday,Morning,7:30 AM,12:30 PM
AV-00552,20241,FA-051,Saturday,Afternoon,12:30 PM,5:30 PM
AV-00553,20241,FA-052,Tuesday,Morning,7:30 AM,12:30 PM
AV-00554,20241,FA-052,Wednesday,Afternoon,12:30 PM,5:30 PM
AV-00555,20241,FA-052,Wednesday,Evening,5:30 PM,10:30 PM
AV-00556,20241,FA-052,Thursday,Afternoon,12:30 PM,5:30 PM
AV-00557,20241,FA-052,Thursday,Evening,5:30 PM,10:30 PM
AV-00558,20241,FA-052,Friday,Morning,7:30 AM,12:30 PM
AV-00559,20241,FA-052,Friday,Afternoon,12:30 PM,5:30 PM
AV-00560,20241,FA-052,Friday,Evening,5:30 PM,10:30 PM
AV-00561,20241,FA-052,Saturday,Morning,7:30 AM,12:30 PM
AV-00562,20241,FA-052,Saturday,Afternoon,12:30 PM,5:30 PM
AV-00563,20241,FA-053,Monday,Morning,7:30 AM,12:30 PM
AV-00564,20241,FA-053,Tuesday,Morning,7:30 AM,12:30 PM
AV-00565,20241,FA-053,Tuesday,Afternoon,12:30 PM,5:30 PM
AV-00566,20241,FA-053,Wednesday,Morning,7:30 AM,12:30 PM
AV-00567,20241,FA-053,Wednesday,Evening,5:30 PM,10:30 PM
AV-00568,20241,FA-053,Thursday,Morning,7:30 AM,12:30 PM
AV-00569,20241,FA-053,Thursday,Afternoon,12:30 PM,5:30 PM
AV-00570,20241,FA-053,Friday,Morning,7:30 AM,12:30 PM
AV-00571,20241,FA-053,Saturday,Morning,7:30 AM,12:30 PM
AV-00572,20241,FA-053,Saturday,Afternoon,12:30 PM,5:30 PM
AV-00573,20241,FA-054,Monday,Afternoon,12:30 PM,5:30 PM
AV-00574,20241,FA-054,Monday,Evening,5:30 PM,10:30 PM
AV-00575,20241,FA-054,Tuesday,Afternoon,12:30 PM,5:30 PM
AV-00576,20241,FA-054,Thursday,Morning,7:30 AM,12:30 PM
AV-00577,20241,FA-054,Thursday,Afternoon,12:30 PM,5:30 PM
AV-00578,20241,FA-054,Thursday,Evening,5:30 PM,10:30 PM
AV-00579,20241,FA-054,Friday,Evening,5:30 PM,10:30 PM
AV-00580,20241,FA-054,Saturday,Morning,7:30 AM,12:30 PM
AV-00581,20241,FA-054,Saturday,Evening,5:30 PM,10:30 PM
AV-00582,20242,FA-000,Monday,Evening,5:30 PM,10:30 PM
AV-00583,20242,FA-000,Tuesday,Morning,7:30 AM,12:30 PM
AV-00584,20242,FA-000,Tuesday,Afternoon,12:30 PM,5:30 PM
AV-00585,20242,FA-000,Tuesday,Evening,5:30 PM,10:30 PM
AV-00586,20242,FA-000,Wednesday,Morning,7:30 AM,12:30 PM
AV-00587,20242,FA-000,Thursday,Morning,7:30 AM,12:30 PM
AV-00588,20242,FA-000,Thursday,Afternoon,12:30 PM,5:30 PM
AV-00589,20242,FA-000,Friday,Morning,7:30 AM,12:30 PM
AV-00590,20242,FA-000,Friday,Afternoon,12:30 PM,5:30 PM
AV-00591,20242,FA-000,Saturday,Morning,7:30 AM,12:30 PM
AV-00592,20242,FA-000,Saturday,Afternoon,12:30 PM,5:30 PM
AV-00593,20242,FA-000,Saturday,Evening,5:30 PM,10:30 PM
AV-00594,20242,FA-001,Monday,Morning,7:30 AM,12:30 PM
AV-00595,20242,FA-001,Monday,Evening,5:30 PM,10:30 PM
AV-00596,20242,FA-001,Tuesday,Afternoon,12:30 PM,5:30 PM
AV-00597,20242,FA-001,Tuesday,Evening,5:30 PM,10:30 PM
AV-00598,20242,FA-001,Wednesday,Morning,7:30 AM,12:30 PM
AV-00599,20242,FA-001,Wednesday,Afternoon,12:30 PM,5:30 PM
AV-00600,20242,FA-001,Wednesday,Evening,5:30 PM,10:30 PM
AV-00601,20242,FA-001,Thursday,Morning,7:30 AM,12:30 PM
AV-00602,20242,FA-001,Thursday,Afternoon,12:30 PM,5:30 PM
AV-00603,20242,FA-001,Friday,Morning,7:30 AM,12:30 PM
AV-00604,20242,FA-001,Friday,Afternoon,12:30 PM,5:30 PM
AV-00605,20242,FA-001,Saturday,Afternoon,12:30 PM,5:30 PM
AV-00606,20242,FA-002,Monday,Morning,7:30 AM,12:30 PM
AV-00607,20242,FA-002,Monday,Afternoon,12:30 PM,5:30 PM
AV-00608,20242,FA-002,Wednesday,Morning,7:30 AM,12:30 PM
AV-00609,20242,FA-002,Wednesday,Afternoon,12:30 PM,5:30 PM
AV-00610,20242,FA-002,Wednesday,Evening,5:30 PM,10:30 PM
AV-00611,20242,FA-002,Thursday,Morning,7:30 AM,12:30 PM
AV-00612,20242,FA-003,Monday,Afternoon,12:30 PM,5:30 PM
AV-00613,20242,FA-003,Tuesday,Morning,7:30 AM,12:30 PM
AV-00614,20242,FA-003,Tuesday,Afternoon,12:30 PM,5:30 PM
AV-00615,20242,FA-003,Tuesday,Evening,5:30 PM,10:30 PM
AV-00616,20242,FA-003,Wednesday,Afternoon,12:30 PM,5:30 PM
AV-00617,20242,FA-003,Wednesday,Evening,5:30 PM,10:30 PM
AV-00618,20242,FA-003,Thursday,Morning,7:30 AM,12:30 PM
AV-00619,20242,FA-003,Friday,Afternoon,12:30 PM,5:30 PM
AV-00620,20242,FA-003,Friday,Evening,5:30 PM,10:30 PM
AV-00621,20242,FA-004,Tuesday,Morning,7:30 AM,12:30 PM
AV-00622,20242,FA-004,Tuesday,Afternoon,12:30 PM,5:30 PM
AV-00623,20242,FA-004,Tuesday,Evening,5:30 PM,10:30 PM
AV-00624,20242,FA-004,Wednesday,Morning,7:30 AM,12:30 PM
AV-00625,20242,FA-004,Wednesday,Afternoon,12:30 PM,5:30 PM
AV-00626,20242,FA-004,Wednesday,Evening,5:30 PM,10:30 PM
AV-00627,20242,FA-004,Thursday,Morning,7:30 AM,12:30 PM
AV-00628,20242,FA-004,Thursday,Afternoon,12:30 PM,5:30 PM
AV-00629,20242,FA-004,Thursday,Evening,5:30 PM,10:30 PM
AV-00630,20242,FA-004,Friday,Morning,7:30 AM,12:30 PM
AV-00631,20242,FA-004,Friday,Evening,5:30 PM,10:30 PM
AV-00632,20242,FA-004,Saturday,Afternoon,12:30 PM,5:30 PM
AV-00633,20242,FA-004,Saturday,Evening,5:30 PM,10:30 PM
AV-00634,20242,FA-005,Monday,Afternoon,12:30 PM,5:30 PM
AV-00635,20242,FA-005,Monday,Evening,5:30 PM,10:30 PM
AV-00636,20242,FA-005,Tuesday,Afternoon,12:30 PM,5:30 PM
AV-00637,20242,FA-005,Tuesday,Evening,5:30 PM,10:30 PM
AV-00638,20242,FA-005,Wednesday,Afternoon,12:30 PM,5:30 PM
AV-00639,20242,FA-005,Wednesday,Evening,5:30 PM,10:30 PM
AV-00640,20242,FA-005,Thursday,Afternoon,12:30 PM,5:30 PM
AV-00641,20242,FA-005,Thursday,Evening,5:30 PM,10:30 PM
AV-00642,20242,FA-005,Friday,Morning,7:30 AM,12:30 PM
AV-00643,20242,FA-005,Friday,Afternoon,12:30 PM,5:30 PM
AV-00644,20242,FA-005,Friday,Evening,5:30 PM,10:30 PM
AV-00645,20242,FA-005,Saturday,Afternoon,12:30 PM,5:30 PM
AV-00646,20242,FA-005,Saturday,Evening,5:30 PM,10:30 PM
AV-00647,20242,FA-006,Monday,Afternoon,12:30 PM,5:30 PM
AV-00648,20242,FA-006,Tuesday,Morning,7:30 AM,12:30 PM
AV-00649,20242,FA-006,Tuesday,Afternoon,12:30 PM,5:30 PM
AV-00650,20242,FA-006,Wednesday,Afternoon,12:30 PM,5:30 PM
AV-00651,20242,FA-006,Wednesday,Evening,5:30 PM,10:30 PM
AV-00652,20242,FA-006,Thursday,Afternoon,12:30 PM,5:30 PM
AV-00653,20242,FA-006,Friday,Morning,7:30 AM,12:30 PM
AV-00654,20242,FA-006,Friday,Evening,5:30 PM,10:30 PM
AV-00655,20242,FA-006,Saturday,Morning,7:30 AM,12:30 PM
AV-00656,20242,FA-006,Saturday,Evening,5:30 PM,10:30 PM
AV-00657,20242,FA-007,Tuesday,Evening,5:30 PM,10:30 PM
AV-00658,20242,FA-007,Wednesday,Morning,7:30 AM,12:30 PM
AV-00659,20242,FA-007,Wednesday,Afternoon,12:30 PM,5:30 PM
AV-00660,20242,FA-007,Wednesday,Evening,5:30 PM,10:30 PM
AV-00661,20242,FA-007,Thursday,Evening,5:30 PM,10:30 PM
AV-00662,20242,FA-007,Friday,Afternoon,12:30 PM,5:30 PM
AV-00663,20242,FA-007,Friday,Evening,5:30 PM,10:30 PM
AV-00664,20242,FA-007,Saturday,Morning,7:30 AM,12:30 PM
AV-00665,20242,FA-007,Saturday,Afternoon,12:30 PM,5:30 PM
AV-00666,20242,FA-007,Saturday,Evening,5:30 PM,10:30 PM
AV-00667,20242,FA-008,Monday,Evening,5:30 PM,10:30 PM
AV-00668,20242,FA-008,Tuesday,Evening,5:30 PM,10:30 PM
AV-00669,20242,FA-008,Thursday,Morning,7:30 AM,12:30 PM
AV-00670,20242,FA-008,Thursday,Evening,5:30 PM,10:30 PM
AV-00671,20242,FA-008,Saturday,Morning,7:30 AM,12:30 PM
AV-00672,20242,FA-008,Saturday,Evening,5:30 PM,10:30 PM
AV-00673,20242,FA-009,Monday,Afternoon,12:30 PM,5:30 PM
AV-00674,20242,FA-009,Monday,Evening,5:30 PM,10:30 PM
AV-00675,20242,FA-009,Tuesday,Afternoon,12:30 PM,5:30 PM
AV-00676,20242,FA-009,Wednesday,Evening,5:30 PM,10:30 PM
AV-00677,20242,FA-009,Thursday,Morning,7:30 AM,12:30 PM
AV-00678,20242,FA-009,Thursday,Afternoon,12:30 PM,5:30 PM
AV-00679,20242,FA-009,Friday,Afternoon,12:30 PM,5:30 PM
AV-00680,20242,FA-009,Friday,Evening,5:30 PM,10:30 PM
AV-00681,20242,FA-009,Saturday,Afternoon,12:30 PM,5:30 PM
AV-00682,20242,FA-010,Monday,Morning,7:30 AM,12:30 PM
AV-00683,20242,FA-010,Monday,Afternoon,12:30 PM,5:30 PM
AV-00684,20242,FA-010,Wednesday,Morning,7:30 AM,12:30 PM
AV-00685,20242,FA-010,Thursday,Morning,7:30 AM,12:30 PM
AV-00686,20242,FA-010,Friday,Morning,7:30 AM,12:30 PM
AV-00687,20242,FA-010,Saturday,Morning,7:30 AM,12:30 PM
AV-00688,20242,FA-010,Saturday,Afternoon,12:30 PM,5:30 PM
AV-00689,20242,FA-011,Monday,Morning,7:30 AM,12:30 PM
AV-00690,20242,FA-011,Monday,Afternoon,12:30 PM,5:30 PM
AV-00691,20242,FA-011,Monday,Evening,5:30 PM,10:30 PM
AV-00692,20242,FA-011,Tuesday,Afternoon,12:30 PM,5:30 PM
AV-00693,20242,FA-011,Wednesday,Afternoon,12:30 PM,5:30 PM
AV-00694,20242,FA-011,Wednesday,Evening,5:30 PM,10:30 PM
AV-00695,20242,FA-011,Thursday,Morning,7:30 AM,12:30 PM
AV-00696,20242,FA-011,Friday,Morning,7:30 AM,12:30 PM
AV-00697,20242,FA-011,Friday,Afternoon,12:30 PM,5:30 PM
AV-00698,20242,FA-011,Friday,Evening,5:30 PM,10:30 PM
AV-00699,20242,FA-011,Saturday,Morning,7:30 AM,12:30 PM
AV-00700,20242,FA-011,Saturday,Afternoon,12:30 PM,5:30 PM
AV-00701,20242,FA-011,Saturday,Evening,5:30 PM,10:30 PM
AV-00702,20242,FA-012,Monday,Morning,7:30 AM,12:30 PM
AV-00703,20242,FA-012,Monday,Evening,5:30 PM,10:30 PM
AV-00704,20242,FA-012,Wednesday,Afternoon,12:30 PM,5:30 PM
AV-00705,20242,FA-012,Thursday,Afternoon,12:30 PM,5:30 PM
AV-00706,20242,FA-012,Friday,Morning,7:30 AM,12:30 PM
AV-00707,20242,FA-012,Friday,Evening,5:30 PM,10:30 PM
AV-00708,20242,FA-013,Tuesday,Morning,7:30 AM,12:30 PM
AV-00709,20242,FA-013,Tuesday,Afternoon,12:30 PM,5:30 PM
AV-00710,20242,FA-013,Tuesday,Evening,5:30 PM,10:30 PM
AV-00711,20242,FA-013,Wednesday,Evening,5:30 PM,10:30 PM
AV-00712,20242,FA-013,Thursday,Morning,7:30 AM,12:30 PM
AV-00713,20242,FA-013,Friday,Morning,7:30 AM,12:30 PM
AV-00714,20242,FA-013,Saturday,Morning,7:30 AM,12:30 PM
AV-00715,20242,FA-014,Monday,Morning,7:30 AM,12:30 PM
AV-00716,20242,FA-014,Monday,Afternoon,12:30 PM,5:30 PM
AV-00717,20242,FA-014,Tuesday,Morning,7:30 AM,12:30 PM
AV-00718,20242,FA-014,Tuesday,Afternoon,12:30 PM,5:30 PM
AV-00719,20242,FA-014,Tuesday,Evening,5:30 PM,10:30 PM
AV-00720,20242,FA-014,Wednesday,Morning,7:30 AM,12:30 PM
AV-00721,20242,FA-014,Wednesday,Afternoon,12:30 PM,5:30 PM
AV-00722,20242,FA-014,Wednesday,Evening,5:30 PM,10:30 PM
AV-00723,20242,FA-014,Thursday,Morning,7:30 AM,12:30 PM
AV-00724,20242,FA-014,Thursday,Afternoon,12:30 PM,5:30 PM
AV-00725,20242,FA-014,Friday,Morning,7:30 AM,12:30 PM
AV-00726,20242,FA-014,Friday,Afternoon,12:30 PM,5:30 PM
AV-00727,20242,FA-014,Friday,Evening,5:30 PM,10:30 PM
AV-00728,20242,FA-015,Monday,Morning,7:30 AM,12:30 PM
AV-00729,20242,FA-015,Monday,Afternoon,12:30 PM,5:30 PM
AV-00730,20242,FA-015,Tuesday,Morning,7:30 AM,12:30 PM
AV-00731,20242,FA-015,Tuesday,Afternoon,12:30 PM,5:30 PM
AV-00732,20242,FA-015,Tuesday,Evening,5:30 PM,10:30 PM
AV-00733,20242,FA-015,Wednesday,Morning,7:30 AM,12:30 PM
AV-00734,20242,FA-015,Thursday,Morning,7:30 AM,12:30 PM
AV-00735,20242,FA-015,Thursday,Afternoon,12:30 PM,5:30 PM
AV-00736,20242,FA-015,Thursday,Evening,5:30 PM,10:30 PM
AV-00737,20242,FA-015,Friday,Morning,7:30 AM,12:30 PM
AV-00738,20242,FA-015,Friday,Evening,5:30 PM,10:30 PM
AV-00739,20242,FA-015,Saturday,Evening,5:30 PM,10:30 PM
AV-00740,20242,FA-016,Monday,Morning,7:30 AM,12:30 PM
AV-00741,20242,FA-016,Monday,Evening,5:30 PM,10:30 PM
AV-00742,20242,FA-016,Tuesday,Morning,7:30 AM,12:30 PM
AV-00743,20242,FA-016,Tuesday,Afternoon,12:30 PM,5:30 PM
AV-00744,20242,FA-016,Tuesday,Evening,5:30 PM,10:30 PM
AV-00745,20242,FA-016,Wednesday,Afternoon,12:30 PM,5:30 PM
AV-00746,20242,FA-016,Friday,Afternoon,12:30 PM,5:30 PM
AV-00747,20242,FA-016,Friday,Evening,5:30 PM,10:30 PM
AV-00748,20242,FA-016,Saturday,Afternoon,12:30 PM,5:30 PM
AV-00749,20242,FA-016,Saturday,Evening,5:30 PM,10:30 PM
AV-00750,20242,FA-017,Monday,Afternoon,12:30 PM,5:30 PM
AV-00751,20242,FA-017,Monday,Evening,5:30 PM,10:30 PM
AV-00752,20242,FA-017,Tuesday,Afternoon,12:30 PM,5:30 PM
AV-00753,20242,FA-017,Tuesday,Evening,5:30 PM,10:30 PM
AV-00754,20242,FA-017,Wednesday,Morning,7:30 AM,12:30 PM
AV-00755,20242,FA-017,Wednesday,Afternoon,12:30 PM,5:30 PM
AV-00756,20242,FA-017,Thursday,Morning,7:30 AM,12:30 PM
AV-00757,20242,FA-017,Friday,Afternoon,12:30 PM,5:30 PM
AV-00758,20242,FA-017,Friday,Evening,5:30 PM,10:30 PM
AV-00759,20242,FA-018,Tuesday,Morning,7:30 AM,12:30 PM
AV-00760,20242,FA-018,Tuesday,Afternoon,12:30 PM,5:30 PM
AV-00761,20242,FA-018,Tuesday,Evening,5:30 PM,10:30 PM
AV-00762,20242,FA-018,Wednesday,Morning,7:30 AM,12:30 PM
AV-00763,20242,FA-018,Thursday,Morning,7:30 AM,12:30 PM
AV-00764,20242,FA-018,Thursday,Afternoon,12:30 PM,5:30 PM
AV-00765,20242,FA-018,Thursday,Evening,5:30 PM,10:30 PM
AV-00766,20242,FA-018,Friday,Afternoon,12:30 PM,5:30 PM
AV-00767,20242,FA-018,Friday,Evening,5:30 PM,10:30 PM
AV-00768,20242,FA-018,Saturday,Afternoon,12:30 PM,5:30 PM
AV-00769,20242,FA-019,Tuesday,Morning,7:30 AM,12:30 PM
AV-00770,20242,FA-019,Tuesday,Afternoon,12:30 PM,5:30 PM
AV-00771,20242,FA-019,Wednesday,Evening,5:30 PM,10:30 PM
AV-00772,20242,FA-019,Thursday,Afternoon,12:30 PM,5:30 PM
AV-00773,20242,FA-019,Thursday,Evening,5:30 PM,10:30 PM
AV-00774,20242,FA-019,Friday,Morning,7:30 AM,12:30 PM
AV-00775,20242,FA-019,Friday,Afternoon,12:30 PM,5:30 PM
AV-00776,20242,FA-019,Saturday,Morning,7:30 AM,12:30 PM
AV-00777,20242,FA-019,Saturday,Evening,5:30 PM,10:30 PM
AV-00778,20242,FA-020,Monday,Afternoon,12:30 PM,5:30 PM
AV-00779,20242,FA-020,Wednesday,Afternoon,12:30 PM,5:30 PM
AV-00780,20242,FA-020,Thursday,Morning,7:30 AM,12:30 PM
AV-00781,20242,FA-020,Thursday,Afternoon,12:30 PM,5:30 PM
AV-00782,20242,FA-020,Thursday,Evening,5:30 PM,10:30 PM
AV-00783,20242,FA-020,Friday,Afternoon,12:30 PM,5:30 PM
AV-00784,20242,FA-020,Saturday,Morning,7:30 AM,12:30 PM
AV-00785,20242,FA-020,Saturday,Afternoon,12:30 PM,5:30 PM
AV-00786,20242,FA-020,Saturday,Evening,5:30 PM,10:30 PM
AV-00787,20242,FA-021,Monday,Morning,7:30 AM,12:30 PM
AV-00788,20242,FA-021,Monday,Afternoon,12:30 PM,5:30 PM
AV-00789,20242,FA-021,Tuesday,Morning,7:30 AM,12:30 PM
AV-00790,20242,FA-021,Wednesday,Morning,7:30 AM,12:30 PM
AV-00791,20242,FA-021,Thursday,Morning,7:30 AM,12:30 PM
AV-00792,20242,FA-021,Friday,Afternoon,12:30 PM,5:30 PM
AV-00793,20242,FA-021,Friday,Evening,5:30 PM,10:30 PM
AV-00794,20242,FA-021,Saturday,Morning,7:30 AM,12:30 PM
AV-00795,20242,FA-021,Saturday,Afternoon,12:30 PM,5:30 PM
AV-00796,20242,FA-022,Monday,Morning,7:30 AM,12:30 PM
AV-00797,20242,FA-022,Monday,Evening,5:30 PM,10:30 PM
AV-00798,20242,FA-022,Tuesday,Afternoon,12:30 PM,5:30 PM
AV-00799,20242,FA-022,Tuesday,Evening,5:30 PM,10:30 PM
AV-00800,20242,FA-022,Wednesday,Evening,5:30 PM,10:30 PM
AV-00801,20242,FA-022,Thursday,Morning,7:30 AM,12:30 PM
AV-00802,20242,FA-022,Thursday,Evening,5:30 PM,10:30 PM
AV-00803,20242,FA-022,Friday,Morning,7:30 AM,12:30 PM
AV-00804,20242,FA-022,Friday,Evening,5:30 PM,10:30 PM
AV-00805,20242,FA-022,Saturday,Morning,7:30 AM,12:30 PM
AV-00806,20242,FA-023,Tuesday,Afternoon,12:30 PM,5:30 PM
AV-00807,20242,FA-023,Tuesday,Evening,5:30 PM,10:30 PM
AV-00808,20242,FA-023,Wednesday,Morning,7:30 AM,12:30 PM
AV-00809,20242,FA-023,Wednesday,Afternoon,12:30 PM,5:30 PM
AV-00810,20242,FA-023,Thursday,Morning,7:30 AM,12:30 PM
AV-00811,20242,FA-023,Thursday,Evening,5:30 PM,10:30 PM
AV-00812,20242,FA-023,Friday,Evening,5:30 PM,10:30 PM
AV-00813,20242,FA-024,Monday,Morning,7:30 AM,12:30 PM
AV-00814,20242,FA-024,Monday,Afternoon,12:30 PM,5:30 PM
AV-00815,20242,FA-024,Monday,Evening,5:30 PM,10:30 PM
AV-00816,20242,FA-024,Tuesday,Morning,7:30 AM,12:30 PM
AV-00817,20242,FA-024,Tuesday,Evening,5:30 PM,10:30 PM
AV-00818,20242,FA-024,Wednesday,Evening,5:30 PM,10:30 PM
AV-00819,20242,FA-024,Thursday,Morning,7:30 AM,12:30 PM
AV-00820,20242,FA-024,Thursday,Afternoon,12:30 PM,5:30 PM
AV-00821,20242,FA-024,Thursday,Evening,5:30 PM,10:30 PM
AV-00822,20242,FA-024,Friday,Afternoon,12:30 PM,5:30 PM
AV-00823,20242,FA-024,Friday,Evening,5:30 PM,10:30 PM
AV-00824,20242,FA-024,Saturday,Morning,7:30 AM,12:30 PM
AV-00825,20242,FA-025,Monday,Morning,7:30 AM,12:30 PM
AV-00826,20242,FA-025,Monday,Afternoon,12:30 PM,5:30 PM
AV-00827,20242,FA-025,Monday,Evening,5:30 PM,10:30 PM
AV-00828,20242,FA-025,Tuesday,Evening,5:30 PM,10:30 PM
AV-00829,20242,FA-025,Wednesday,Afternoon,12:30 PM,5:30 PM
AV-00830,20242,FA-025,Thursday,Morning,7:30 AM,12:30 PM
AV-00831,20242,FA-025,Thursday,Afternoon,12:30 PM,5:30 PM
AV-00832,20242,FA-025,Saturday,Morning,7:30 AM,12:30 PM
AV-00833,20242,FA-025,Saturday,Afternoon,12:30 PM,5:30 PM
AV-00834,20242,FA-026,Monday,Evening,5:30 PM,10:30 PM
AV-00835,20242,FA-026,Tuesday,Morning,7:30 AM,12:30 PM
AV-00836,20242,FA-026,Wednesday,Evening,5:30 PM,10:30 PM
AV-00837,20242,FA-026,Thursday,Afternoon,12:30 PM,5:30 PM
AV-00838,20242,FA-026,Friday,Morning,7:30 AM,12:30 PM
AV-00839,20242,FA-026,Friday,Afternoon,12:30 PM,5:30 PM
AV-00840,20242,FA-026,Friday,Evening,5:30 PM,10:30 PM
AV-00841,20242,FA-026,Saturday,Afternoon,12:30 PM,5:30 PM
AV-00842,20242,FA-026,Saturday,Evening,5:30 PM,10:30 PM
AV-00843,20242,FA-027,Monday,Morning,7:30 AM,12:30 PM
AV-00844,20242,FA-027,Monday,Evening,5:30 PM,10:30 PM
AV-00845,20242,FA-027,Tuesday,Morning,7:30 AM,12:30 PM
AV-00846,20242,FA-027,Tuesday,Evening,5:30 PM,10:30 PM
AV-00847,20242,FA-027,Wednesday,Morning,7:30 AM,12:30 PM
AV-00848,20242,FA-027,Wednesday,Evening,5:30 PM,10:30 PM
AV-00849,20242,FA-027,Thursday,Morning,7:30 AM,12:30 PM
AV-00850,20242,FA-027,Thursday,Afternoon,12:30 PM,5:30 PM
AV-00851,20242,FA-027,Friday,Afternoon,12:30 PM,5:30 PM
AV-00852,20242,FA-027,Saturday,Morning,7:30 AM,12:30 PM
AV-00853,20242,FA-028,Monday,Evening,5:30 PM,10:30 PM
AV-00854,20242,FA-028,Tuesday,Morning,7:30 AM,12:30 PM
AV-00855,20242,FA-028,Tuesday,Evening,5:30 PM,10:30 PM
AV-00856,20242,FA-028,Wednesday,Evening,5:30 PM,10:30 PM
AV-00857,20242,FA-028,Thursday,Morning,7:30 AM,12:30 PM
AV-00858,20242,FA-028,Thursday,Afternoon,12:30 PM,5:30 PM
AV-00859,20242,FA-028,Thursday,Evening,5:30 PM,10:30 PM
AV-00860,20242,FA-028,Friday,Morning,7:30 AM,12:30 PM
AV-00861,20242,FA-028,Friday,Afternoon,12:30 PM,5:30 PM
AV-00862,20242,FA-028,Saturday,Morning,7:30 AM,12:30 PM
AV-00863,20242,FA-029,Tuesday,Morning,7:30 AM,12:30 PM
AV-00864,20242,FA-029,Tuesday,Afternoon,12:30 PM,5:30 PM
AV-00865,20242,FA-029,Wednesday,Evening,5:30 PM,10:30 PM
AV-00866,20242,FA-029,Thursday,Morning,7:30 AM,12:30 PM
AV-00867,20242,FA-029,Thursday,Evening,5:30 PM,10:30 PM
AV-00868,20242,FA-029,Friday,Morning,7:30 AM,12:30 PM
AV-00869,20242,FA-029,Friday,Afternoon,12:30 PM,5:30 PM
AV-00870,20242,FA-029,Saturday,Morning,7:30 AM,12:30 PM
AV-00871,20242,FA-029,Saturday,Afternoon,12:30 PM,5:30 PM
AV-00872,20242,FA-029,Saturday,Evening,5:30 PM,10:30 PM
AV-00873,20242,FA-030,Monday,Morning,7:30 AM,12:30 PM
AV-00874,20242,FA-030,Monday,Afternoon,12:30 PM,5:30 PM
AV-00875,20242,FA-030,Monday,Evening,5:30 PM,10:30 PM
AV-00876,20242,FA-030,Tuesday,Morning,7:30 AM,12:30 PM
AV-00877,20242,FA-030,Wednesday,Afternoon,12:30 PM,5:30 PM
AV-00878,20242,FA-030,Wednesday,Evening,5:30 PM,10:30 PM
AV-00879,20242,FA-030,Thursday,Morning,7:30 AM,12:30 PM
AV-00880,20242,FA-030,Friday,Morning,7:30 AM,12:30 PM
AV-00881,20242,FA-030,Saturday,Morning,7:30 AM,12:30 PM
AV-00882,20242,FA-030,Saturday,Evening,5:30 PM,10:30 PM
AV-00883,20242,FA-031,Monday,Evening,5:30 PM,10:30 PM
AV-00884,20242,FA-031,Wednesday,Evening,5:30 PM,10:30 PM
AV-00885,20242,FA-031,Thursday,Morning,7:30 AM,12:30 PM
AV-00886,20242,FA-031,Thursday,Afternoon,12:30 PM,5:30 PM
AV-00887,20242,FA-031,Friday,Evening,5:30 PM,10:30 PM
AV-00888,20242,FA-031,Saturday,Afternoon,12:30 PM,5:30 PM
AV-00889,20242,FA-032,Monday,Morning,7:30 AM,12:30 PM
AV-00890,20242,FA-032,Monday,Afternoon,12:30 PM,5:30 PM
AV-00891,20242,FA-032,Monday,Evening,5:30 PM,10:30 PM
AV-00892,20242,FA-032,Tuesday,Morning,7:30 AM,12:30 PM
AV-00893,20242,FA-032,Wednesday,Afternoon,12:30 PM,5:30 PM
AV-00894,20242,FA-032,Wednesday,Evening,5:30 PM,10:30 PM
AV-00895,20242,FA-032,Thursday,Morning,7:30 AM,12:30 PM
AV-00896,20242,FA-032,Thursday,Afternoon,12:30 PM,5:30 PM
AV-00897,20242,FA-032,Friday,Afternoon,12:30 PM,5:30 PM
AV-00898,20242,FA-032,Friday,Evening,5:30 PM,10:30 PM
AV-00899,20242,FA-032,Saturday,Morning,7:30 AM,12:30 PM
AV-00900,20242,FA-032,Saturday,Evening,5:30 PM,10:30 PM
AV-00901,20242,FA-033,Monday,Afternoon,12:30 PM,5:30 PM
AV-00902,20242,FA-033,Monday,Evening,5:30 PM,10:30 PM
AV-00903,20242,FA-033,Tuesday,Morning,7:30 AM,12:30 PM
AV-00904,20242,FA-033,Tuesday,Afternoon,12:30 PM,5:30 PM
AV-00905,20242,FA-033,Tuesday,Evening,5:30 PM,10:30 PM
AV-00906,20242,FA-033,Wednesday,Morning,7:30 AM,12:30 PM
AV-00907,20242,FA-033,Friday,Afternoon,12:30 PM,5:30 PM
AV-00908,20242,FA-033,Friday,Evening,5:30 PM,10:30 PM
AV-00909,20242,FA-033,Saturday,Morning,7:30 AM,12:30 PM
AV-00910,20242,FA-033,Saturday,Evening,5:30 PM,10:30 PM
AV-00911,20242,FA-034,Monday,Morning,7:30 AM,12:30 PM
AV-00912,20242,FA-034,Wednesday,Morning,7:30 AM,12:30 PM
AV-00913,20242,FA-034,Wednesday,Afternoon,12:30 PM,5:30 PM
AV-00914,20242,FA-034,Thursday,Afternoon,12:30 PM,5:30 PM
AV-00915,20242,FA-034,Friday,Morning,7:30 AM,12:30 PM
AV-00916,20242,FA-034,Saturday,Morning,7:30 AM,12:30 PM
AV-00917,20242,FA-034,Saturday,Afternoon,12:30 PM,5:30 PM
AV-00918,20242,FA-035,Monday,Morning,7:30 AM,12:30 PM
AV-00919,20242,FA-035,Monday,Afternoon,12:30 PM,5:30 PM
AV-00920,20242,FA-035,Monday,Evening,5:30 PM,10:30 PM
AV-00921,20242,FA-035,Tuesday,Afternoon,12:30 PM,5:30 PM
AV-00922,20242,FA-035,Friday,Evening,5:30 PM,10:30 PM
AV-00923,20242,FA-035,Saturday,Morning,7:30 AM,12:30 PM
AV-00924,20242,FA-036,Monday,Afternoon,12:30 PM,5:30 PM
AV-00925,20242,FA-036,Tuesday,Morning,7:30 AM,12:30 PM
AV-00926,20242,FA-036,Wednesday,Morning,7:30 AM,12:30 PM
AV-00927,20242,FA-036,Wednesday,Afternoon,12:30 PM,5:30 PM
AV-00928,20242,FA-036,Wednesday,Evening,5:30 PM,10:30 PM
AV-00929,20242,FA-036,Thursday,Afternoon,12:30 PM,5:30 PM
AV-00930,20242,FA-036,Thursday,Evening,5:30 PM,10:30 PM
AV-00931,20242,FA-036,Friday,Morning,7:30 AM,12:30 PM
AV-00932,20242,FA-036,Saturday,Afternoon,12:30 PM,5:30 PM
AV-00933,20242,FA-037,Monday,Morning,7:30 AM,12:30 PM
AV-00934,20242,FA-037,Monday,Afternoon,12:30 PM,5:30 PM
AV-00935,20242,FA-037,Monday,Evening,5:30 PM,10:30 PM
AV-00936,20242,FA-037,Tuesday,Morning,7:30 AM,12:30 PM
AV-00937,20242,FA-037,Tuesday,Afternoon,12:30 PM,5:30 PM
AV-00938,20242,FA-037,Tuesday,Evening,5:30 PM,10:30 PM
AV-00939,20242,FA-037,Wednesday,Morning,7:30 AM,12:30 PM
AV-00940,20242,FA-037,Wednesday,Afternoon,12:30 PM,5:30 PM
AV-00941,20242,FA-037,Wednesday,Evening,5:30 PM,10:30 PM
AV-00942,20242,FA-037,Thursday,Morning,7:30 AM,12:30 PM
AV-00943,20242,FA-037,Thursday,Afternoon,12:30 PM,5:30 PM
AV-00944,20242,FA-037,Friday,Afternoon,12:30 PM,5:30 PM
AV-00945,20242,FA-037,Friday,Evening,5:30 PM,10:30 PM
AV-00946,20242,FA-037,Saturday,Morning,7:30 AM,12:30 PM
AV-00947,20242,FA-037,Saturday,Afternoon,12:30 PM,5:30 PM
AV-00948,20242,FA-038,Monday,Morning,7:30 AM,12:30 PM
AV-00949,20242,FA-038,Wednesday,Morning,7:30 AM,12:30 PM
AV-00950,20242,FA-038,Thursday,Evening,5:30 PM,10:30 PM
AV-00951,20242,FA-038,Friday,Evening,5:30 PM,10:30 PM
AV-00952,20242,FA-039,Monday,Morning,7:30 AM,12:30 PM
AV-00953,20242,FA-039,Monday,Afternoon,12:30 PM,5:30 PM
AV-00954,20242,FA-039,Tuesday,Morning,7:30 AM,12:30 PM
AV-00955,20242,FA-039,Wednesday,Morning,7:30 AM,12:30 PM
AV-00956,20242,FA-039,Wednesday,Afternoon,12:30 PM,5:30 PM
AV-00957,20242,FA-039,Wednesday,Evening,5:30 PM,10:30 PM
AV-00958,20242,FA-039,Thursday,Morning,7:30 AM,12:30 PM
AV-00959,20242,FA-039,Friday,Morning,7:30 AM,12:30 PM
AV-00960,20242,FA-039,Friday,Afternoon,12:30 PM,5:30 PM
AV-00961,20242,FA-039,Saturday,Morning,7:30 AM,12:30 PM
AV-00962,20242,FA-039,Saturday,Afternoon,12:30 PM,5:30 PM
AV-00963,20242,FA-039,Saturday,Evening,5:30 PM,10:30 PM
AV-00964,20242,FA-040,Monday,Morning,7:30 AM,12:30 PM
AV-00965,20242,FA-040,Monday,Afternoon,12:30 PM,5:30 PM
AV-00966,20242,FA-040,Monday,Evening,5:30 PM,10:30 PM
AV-00967,20242,FA-040,Tuesday,Morning,7:30 AM,12:30 PM
AV-00968,20242,FA-040,Wednesday,Morning,7:30 AM,12:30 PM
AV-00969,20242,FA-040,Wednesday,Afternoon,12:30 PM,5:30 PM
AV-00970,20242,FA-040,Wednesday,Evening,5:30 PM,10:30 PM
AV-00971,20242,FA-040,Thursday,Morning,7:30 AM,12:30 PM
AV-00972,20242,FA-040,Thursday,Evening,5:30 PM,10:30 PM
AV-00973,20242,FA-040,Friday,Afternoon,12:30 PM,5:30 PM
AV-00974,20242,FA-040,Saturday,Afternoon,12:30 PM,5:30 PM
AV-00975,20242,FA-040,Saturday,Evening,5:30 PM,10:30 PM
AV-00976,20242,FA-041,Monday,Morning,7:30 AM,12:30 PM
AV-00977,20242,FA-041,Monday,Afternoon,12:30 PM,5:30 PM
AV-00978,20242,FA-041,Monday,Evening,5:30 PM,10:30 PM
AV-00979,20242,FA-041,Tuesday,Morning,7:30 AM,12:30 PM
AV-00980,20242,FA-041,Tuesday,Evening,5:30 PM,10:30 PM
AV-00981,20242,FA-041,Thursday,Afternoon,12:30 PM,5:30 PM
AV-00982,20242,FA-041,Thursday,Evening,5:30 PM,10:30 PM
AV-00983,20242,FA-041,Friday,Morning,7:30 AM,12:30 PM
AV-00984,20242,FA-041,Friday,Evening,5:30 PM,10:30 PM
AV-00985,20242,FA-041,Saturday,Morning,7:30 AM,12:30 PM
AV-00986,20242,FA-042,Monday,Morning,7:30 AM,12:30 PM
AV-00987,20242,FA-042,Monday,Afternoon,12:30 PM,5:30 PM
AV-00988,20242,FA-042,Tuesday,Morning,7:30 AM,12:30 PM
AV-00989,20242,FA-042,Tuesday,Evening,5:30 PM,10:30 PM
AV-00990,20242,FA-042,Wednesday,Morning,7:30 AM,12:30 PM
AV-00991,20242,FA-042,Wednesday,Afternoon,12:30 PM,5:30 PM
AV-00992,20242,FA-042,Thursday,Morning,7:30 AM,12:30 PM
AV-00993,20242,FA-042,Thursday,Evening,5:30 PM,10:30 PM
AV-00994,20242,FA-042,Friday,Morning,7:30 AM,12:30 PM
AV-00995,20242,FA-042,Friday,Afternoon,12:30 PM,5:30 PM
AV-00996,20242,FA-042,Friday,Evening,5:30 PM,10:30 PM
AV-00997,20242,FA-042,Saturday,Afternoon,12:30 PM,5:30 PM
AV-00998,20242,FA-042,Saturday,Evening,5:30 PM,10:30 PM
AV-00999,20242,FA-043,Monday,Afternoon,12:30 PM,5:30 PM
AV-01000,20242,FA-043,Tuesday,Afternoon,12:30 PM,5:30 PM
AV-01001,20242,FA-043,Tuesday,Evening,5:30 PM,10:30 PM
AV-01002,20242,FA-043,Wednesday,Afternoon,12:30 PM,5:30 PM
AV-01003,20242,FA-043,Wednesday,Evening,5:30 PM,10:30 PM
AV-01004,20242,FA-043,Thursday,Morning,7:30 AM,12:30 PM
AV-01005,20242,FA-043,Thursday,Afternoon,12:30 PM,5:30 PM
AV-01006,20242,FA-043,Friday,Morning,7:30 AM,12:30 PM
AV-01007,20242,FA-043,Friday,Afternoon,12:30 PM,5:30 PM
AV-01008,20242,FA-043,Friday,Evening,5:30 PM,10:30 PM
AV-01009,20242,FA-043,Saturday,Morning,7:30 AM,12:30 PM
AV-01010,20242,FA-043,Saturday,Evening,5:30 PM,10:30 PM
AV-01011,20242,FA-044,Monday,Afternoon,12:30 PM,5:30 PM
AV-01012,20242,FA-044,Tuesday,Morning,7:30 AM,12:30 PM
AV-01013,20242,FA-044,Tuesday,Afternoon,12:30 PM,5:30 PM
AV-01014,20242,FA-044,Wednesday,Morning,7:30 AM,12:30 PM
AV-01015,20242,FA-044,Wednesday,Evening,5:30 PM,10:30 PM
AV-01016,20242,FA-044,Friday,Afternoon,12:30 PM,5:30 PM
AV-01017,20242,FA-044,Friday,Evening,5:30 PM,10:30 PM
AV-01018,20242,FA-044,Saturday,Morning,7:30 AM,12:30 PM
AV-01019,20242,FA-044,Saturday,Afternoon,12:30 PM,5:30 PM
AV-01020,20242,FA-045,Monday,Morning,7:30 AM,12:30 PM
AV-01021,20242,FA-045,Tuesday,Morning,7:30 AM,12:30 PM
AV-01022,20242,FA-045,Tuesday,Afternoon,12:30 PM,5:30 PM
AV-01023,20242,FA-045,Wednesday,Morning,7:30 AM,12:30 PM
AV-01024,20242,FA-045,Thursday,Morning,7:30 AM,12:30 PM
AV-01025,20242,FA-045,Friday,Afternoon,12:30 PM,5:30 PM
AV-01026,20242,FA-045,Friday,Evening,5:30 PM,10:30 PM
AV-01027,20242,FA-045,Saturday,Morning,7:30 AM,12:30 PM
AV-01028,20242,FA-045,Saturday,Afternoon,12:30 PM,5:30 PM
AV-01029,20242,FA-045,Saturday,Evening,5:30 PM,10:30 PM
AV-01030,20242,FA-046,Monday,Morning,7:30 AM,12:30 PM
AV-01031,20242,FA-046,Tuesday,Evening,5:30 PM,10:30 PM
AV-01032,20242,FA-046,Wednesday,Morning,7:30 AM,12:30 PM
AV-01033,20242,FA-046,Wednesday,Afternoon,12:30 PM,5:30 PM
AV-01034,20242,FA-046,Wednesday,Evening,5:30 PM,10:30 PM
AV-01035,20242,FA-046,Thursday,Morning,7:30 AM,12:30 PM
AV-01036,20242,FA-046,Thursday,Afternoon,12:30 PM,5:30 PM
AV-01037,20242,FA-046,Friday,Morning,7:30 AM,12:30 PM
AV-01038,20242,FA-046,Saturday,Afternoon,12:30 PM,5:30 PM
AV-01039,20242,FA-047,Monday,Morning,7:30 AM,12:30 PM
AV-01040,20242,FA-047,Monday,Afternoon,12:30 PM,5:30 PM
AV-01041,20242,FA-047,Monday,Evening,5:30 PM,10:30 PM
AV-01042,20242,FA-047,Tuesday,Evening,5:30 PM,10:30 PM
AV-01043,20242,FA-047,Wednesday,Evening,5:30 PM,10:30 PM
AV-01044,20242,FA-047,Thursday,Morning,7:30 AM,12:30 PM
AV-01045,20242,FA-047,Thursday,Evening,5:30 PM,10:30 PM
AV-01046,20242,FA-047,Saturday,Morning,7:30 AM,12:30 PM
AV-01047,20242,FA-047,Saturday,Afternoon,12:30 PM,5:30 PM
AV-01048,20242,FA-047,Saturday,Evening,5:30 PM,10:30 PM
AV-01049,20242,FA-048,Monday,Afternoon,12:30 PM,5:30 PM
AV-01050,20242,FA-048,Monday,Evening,5:30 PM,10:30 PM
AV-01051,20242,FA-048,Wednesday,Morning,7:30 AM,12:30 PM
AV-01052,20242,FA-048,Thursday,Afternoon,12:30 PM,5:30 PM
AV-01053,20242,FA-048,Thursday,Evening,5:30 PM,10:30 PM
AV-01054,20242,FA-048,Friday,Afternoon,12:30 PM,5:30 PM
AV-01055,20242,FA-048,Friday,Evening,5:30 PM,10:30 PM
AV-01056,20242,FA-048,Saturday,Afternoon,12:30 PM,5:30 PM
AV-01057,20242,FA-048,Saturday,Evening,5:30 PM,10:30 PM
AV-01058,20242,FA-049,Monday,Morning,7:30 AM,12:30 PM
AV-01059,20242,FA-049,Monday,Evening,5:30 PM,10:30 PM
AV-01060,20242,FA-049,Tuesday,Morning,7:30 AM,12:30 PM
AV-01061,20242,FA-049,Wednesday,Afternoon,12:30 PM,5:30 PM
AV-01062,20242,FA-049,Wednesday,Evening,5:30 PM,10:30 PM
AV-01063,20242,FA-049,Thursday,Afternoon,12:30 PM,5:30 PM
AV-01064,20242,FA-049,Friday,Morning,7:30 AM,12:30 PM
AV-01065,20242,FA-049,Friday,Afternoon,12:30 PM,5:30 PM
AV-01066,20242,FA-049,Saturday,Afternoon,12:30 PM,5:30 PM
AV-01067,20242,FA-050,Monday,Morning,7:30 AM,12:30 PM
AV-01068,20242,FA-050,Monday,Afternoon,12:30 PM,5:30 PM
AV-01069,20242,FA-050,Tuesday,Afternoon,12:30 PM,5:30 PM
AV-01070,20242,FA-050,Tuesday,Evening,5:30 PM,10:30 PM
AV-01071,20242,FA-050,Wednesday,Evening,5:30 PM,10:30 PM
AV-01072,20242,FA-050,Thursday,Afternoon,12:30 PM,5:30 PM
AV-01073,20242,FA-050,Friday,Morning,7:30 AM,12:30 PM
AV-01074,20242,FA-050,Friday,Afternoon,12:30 PM,5:30 PM
AV-01075,20242,FA-050,Saturday,Afternoon,12:30 PM,5:30 PM
AV-01076,20242,FA-051,Monday,Afternoon,12:30 PM,5:30 PM
AV-01077,20242,FA-051,Tuesday,Morning,7:30 AM,12:30 PM
AV-01078,20242,FA-051,Tuesday,Afternoon,12:30 PM,5:30 PM
AV-01079,20242,FA-051,Tuesday,Evening,5:30 PM,10:30 PM
AV-01080,20242,FA-051,Wednesday,Morning,7:30 AM,12:30 PM
AV-01081,20242,FA-051,Thursday,Afternoon,12:30 PM,5:30 PM
AV-01082,20242,FA-051,Thursday,Evening,5:30 PM,10:30 PM
AV-01083,20242,FA-051,Friday,Afternoon,12:30 PM,5:30 PM
AV-01084,20242,FA-051,Saturday,Morning,7:30 AM,12:30 PM
AV-01085,20242,FA-051,Saturday,Afternoon,12:30 PM,5:30 PM
AV-01086,20242,FA-052,Monday,Morning,7:30 AM,12:30 PM
AV-01087,20242,FA-052,Tuesday,Morning,7:30 AM,12:30 PM
AV-01088,20242,FA-052,Tuesday,Afternoon,12:30 PM,5:30 PM
AV-01089,20242,FA-052,Tuesday,Evening,5:30 PM,10:30 PM
AV-01090,20242,FA-052,Wednesday,Morning,7:30 AM,12:30 PM
AV-01091,20242,FA-052,Thursday,Morning,7:30 AM,12:30 PM
AV-01092,20242,FA-052,Thursday,Afternoon,12:30 PM,5:30 PM
AV-01093,20242,FA-052,Friday,Evening,5:30 PM,10:30 PM
AV-01094,20242,FA-052,Saturday,Morning,7:30 AM,12:30 PM
AV-01095,20242,FA-052,Saturday,Afternoon,12:30 PM,5:30 PM
AV-01096,20242,FA-053,Monday,Morning,7:30 AM,12:30 PM
AV-01097,20242,FA-053,Monday,Afternoon,12:30 PM,5:30 PM
AV-01098,20242,FA-053,Monday,Evening,5:30 PM,10:30 PM
AV-01099,20242,FA-053,Tuesday,Morning,7:30 AM,12:30 PM
AV-01100,20242,FA-053,Tuesday,Evening,5:30 PM,10:30 PM
AV-01101,20242,FA-053,Wednesday,Morning,7:30 AM,12:30 PM
AV-01102,20242,FA-053,Wednesday,Afternoon,12:30 PM,5:30 PM
AV-01103,20242,FA-053,Wednesday,Evening,5:30 PM,10:30 PM
AV-01104,20242,FA-053,Friday,Afternoon,12:30 PM,5:30 PM
AV-01105,20242,FA-053,Friday,Evening,5:30 PM,10:30 PM
AV-01106,20242,FA-053,Saturday,Morning,7:30 AM,12:30 PM
AV-01107,20242,FA-053,Saturday,Evening,5:30 PM,10:30 PM
AV-01108,20242,FA-054,Monday,Afternoon,12:30 PM,5:30 PM
AV-01109,20242,FA-054,Wednesday,Morning,7:30 AM,12:30 PM
AV-01110,20242,FA-054,Wednesday,Evening,5:30 PM,10:30 PM
AV-01111,20242,FA-054,Friday,Morning,7:30 AM,12:30 PM
AV-01112,20242,FA-054,Friday,Afternoon,12:30 PM,5:30 PM
AV-01113,20242,FA-054,Friday,Evening,5:30 PM,10:30 PM
AV-01114,20242,FA-054,Saturday,Morning,7:30 AM,12:30 PM
AV-01115,20242,FA-054,Saturday,Afternoon,12:30 PM,5:30 PM
AV-01116,20242,FA-054,Saturday,Evening,5:30 PM,10:30 PM
AV-01117,20243,FA-000,Thursday,Morning,7:30 AM,12:30 PM
AV-01118,20243,FA-000,Thursday,Afternoon,12:30 PM,5:30 PM
AV-01119,20243,FA-000,Friday,Morning,7:30 AM,12:30 PM
AV-01120,20243,FA-000,Saturday,Morning,7:30 AM,12:30 PM
AV-01121,20243,FA-001,Monday,Morning,7:30 AM,12:30 PM
AV-01122,20243,FA-001,Monday,Afternoon,12:30 PM,5:30 PM
AV-01123,20243,FA-001,Monday,Evening,5:30 PM,10:30 PM
AV-01124,20243,FA-001,Thursday,Morning,7:30 AM,12:30 PM
AV-01125,20243,FA-002,Monday,Morning,7:30 AM,12:30 PM
AV-01126,20243,FA-002,Tuesday,Afternoon,12:30 PM,5:30 PM
AV-01127,20243,FA-002,Friday,Afternoon,12:30 PM,5:30 PM
AV-01128,20243,FA-002,Saturday,Evening,5:30 PM,10:30 PM
AV-01129,20243,FA-003,Monday,Morning,7:30 AM,12:30 PM
AV-01130,20243,FA-003,Tuesday,Afternoon,12:30 PM,5:30 PM
AV-01131,20243,FA-003,Thursday,Morning,7:30 AM,12:30 PM
AV-01132,20243,FA-003,Saturday,Morning,7:30 AM,12:30 PM
AV-01133,20243,FA-004,Tuesday,Afternoon,12:30 PM,5:30 PM
AV-01134,20243,FA-004,Thursday,Morning,7:30 AM,12:30 PM
AV-01135,20243,FA-004,Friday,Afternoon,12:30 PM,5:30 PM
AV-01136,20243,FA-004,Saturday,Morning,7:30 AM,12:30 PM
AV-01137,20243,FA-005,Monday,Afternoon,12:30 PM,5:30 PM
AV-01138,20243,FA-005,Monday,Evening,5:30 PM,10:30 PM
AV-01139,20243,FA-005,Thursday,Afternoon,12:30 PM,5:30 PM
AV-01140,20243,FA-005,Saturday,Morning,7:30 AM,12:30 PM
AV-01141,20243,FA-006,Wednesday,Morning,7:30 AM,12:30 PM
AV-01142,20243,FA-006,Thursday,Morning,7:30 AM,12:30 PM
AV-01143,20243,FA-006,Saturday,Morning,7:30 AM,12:30 PM
AV-01144,20243,FA-006,Saturday,Afternoon,12:30 PM,5:30 PM
AV-01145,20243,FA-007,Tuesday,Morning,7:30 AM,12:30 PM
AV-01146,20243,FA-007,Tuesday,Afternoon,12:30 PM,5:30 PM
AV-01147,20243,FA-007,Wednesday,Evening,5:30 PM,10:30 PM
AV-01148,20243,FA-007,Saturday,Evening,5:30 PM,10:30 PM
AV-01149,20243,FA-008,Tuesday,Evening,5:30 PM,10:30 PM
AV-01150,20243,FA-008,Wednesday,Morning,7:30 AM,12:30 PM
AV-01151,20243,FA-008,Saturday,Morning,7:30 AM,12:30 PM
AV-01152,20243,FA-008,Saturday,Evening,5:30 PM,10:30 PM
AV-01153,20243,FA-009,Wednesday,Afternoon,12:30 PM,5:30 PM
AV-01154,20243,FA-009,Saturday,Morning,7:30 AM,12:30 PM
AV-01155,20243,FA-009,Saturday,Afternoon,12:30 PM,5:30 PM
AV-01156,20243,FA-009,Saturday,Evening,5:30 PM,10:30 PM
AV-01157,20243,FA-010,Thursday,Morning,7:30 AM,12:30 PM
AV-01158,20243,FA-010,Thursday,Afternoon,12:30 PM,5:30 PM
AV-01159,20243,FA-010,Friday,Morning,7:30 AM,12:30 PM
AV-01160,20243,FA-010,Saturday,Morning,7:30 AM,12:30 PM
AV-01161,20243,FA-011,Tuesday,Morning,7:30 AM,12:30 PM
AV-01162,20243,FA-011,Tuesday,Evening,5:30 PM,10:30 PM
AV-01163,20243,FA-011,Wednesday,Afternoon,12:30 PM,5:30 PM
AV-01164,20243,FA-011,Saturday,Afternoon,12:30 PM,5:30 PM
AV-01165,20243,FA-012,Tuesday,Afternoon,12:30 PM,5:30 PM
AV-01166,20243,FA-012,Wednesday,Afternoon,12:30 PM,5:30 PM
AV-01167,20243,FA-012,Wednesday,Evening,5:30 PM,10:30 PM
AV-01168,20243,FA-012,Thursday,Morning,7:30 AM,12:30 PM
AV-01169,20243,FA-013,Monday,Morning,7:30 AM,12:30 PM
AV-01170,20243,FA-013,Tuesday,Morning,7:30 AM,12:30 PM
AV-01171,20243,FA-013,Friday,Evening,5:30 PM,10:30 PM
AV-01172,20243,FA-013,Saturday,Evening,5:30 PM,10:30 PM
AV-01173,20243,FA-014,Tuesday,Morning,7:30 AM,12:30 PM
AV-01174,20243,FA-014,Wednesday,Afternoon,12:30 PM,5:30 PM
AV-01175,20243,FA-014,Saturday,Morning,7:30 AM,12:30 PM
AV-01176,20243,FA-014,Saturday,Afternoon,12:30 PM,5:30 PM
AV-01177,20243,FA-015,Monday,Afternoon,12:30 PM,5:30 PM
AV-01178,20243,FA-015,Tuesday,Evening,5:30 PM,10:30 PM
AV-01179,20243,FA-015,Wednesday,Evening,5:30 PM,10:30 PM
AV-01180,20243,FA-015,Saturday,Morning,7:30 AM,12:30 PM
AV-01181,20243,FA-016,Monday,Evening,5:30 PM,10:30 PM
AV-01182,20243,FA-016,Wednesday,Morning,7:30 AM,12:30 PM
AV-01183,20243,FA-016,Wednesday,Afternoon,12:30 PM,5:30 PM
AV-01184,20243,FA-016,Friday,Morning,7:30 AM,12:30 PM
AV-01185,20243,FA-017,Monday,Evening,5:30 PM,10:30 PM
AV-01186,20243,FA-017,Thursday,Morning,7:30 AM,12:30 PM
AV-01187,20243,FA-017,Thursday,Evening,5:30 PM,10:30 PM
AV-01188,20243,FA-017,Friday,Evening,5:30 PM,10:30 PM
AV-01189,20243,FA-018,Tuesday,Morning,7:30 AM,12:30 PM
AV-01190,20243,FA-018,Tuesday,Evening,5:30 PM,10:30 PM
AV-01191,20243,FA-018,Thursday,Afternoon,12:30 PM,5:30 PM
AV-01192,20243,FA-018,Saturday,Morning,7:30 AM,12:30 PM
AV-01193,20243,FA-019,Monday,Evening,5:30 PM,10:30 PM
AV-01194,20243,FA-019,Tuesday,Evening,5:30 PM,10:30 PM
AV-01195,20243,FA-019,Friday,Afternoon,12:30 PM,5:30 PM
AV-01196,20243,FA-019,Saturday,Afternoon,12:30 PM,5:30 PM
AV-01197,20243,FA-020,Tuesday,Evening,5:30 PM,10:30 PM
AV-01198,20243,FA-020,Wednesday,Afternoon,12:30 PM,5:30 PM
AV-01199,20243,FA-020,Thursday,Evening,5:30 PM,10:30 PM
AV-01200,20243,FA-020,Friday,Evening,5:30 PM,10:30 PM
AV-01201,20243,FA-021,Wednesday,Morning,7:30 AM,12:30 PM
AV-01202,20243,FA-021,Friday,Morning,7:30 AM,12:30 PM
AV-01203,20243,FA-021,Saturday,Afternoon,12:30 PM,5:30 PM
AV-01204,20243,FA-021,Saturday,Evening,5:30 PM,10:30 PM
AV-01205,20243,FA-022,Monday,Evening,5:30 PM,10:30 PM
AV-01206,20243,FA-022,Tuesday,Afternoon,12:30 PM,5:30 PM
AV-01207,20243,FA-022,Thursday,Morning,7:30 AM,12:30 PM
AV-01208,20243,FA-022,Friday,Evening,5:30 PM,10:30 PM
AV-01209,20243,FA-023,Wednesday,Morning,7:30 AM,12:30 PM
AV-01210,20243,FA-023,Thursday,Evening,5:30 PM,10:30 PM
AV-01211,20243,FA-023,Friday,Afternoon,12:30 PM,5:30 PM
AV-01212,20243,FA-023,Saturday,Evening,5:30 PM,10:30 PM
AV-01213,20243,FA-024,Monday,Morning,7:30 AM,12:30 PM
AV-01214,20243,FA-024,Tuesday,Morning,7:30 AM,12:30 PM
AV-01215,20243,FA-024,Wednesday,Morning,7:30 AM,12:30 PM
AV-01216,20243,FA-024,Saturday,Afternoon,12:30 PM,5:30 PM
AV-01217,20243,FA-025,Monday,Afternoon,12:30 PM,5:30 PM
AV-01218,20243,FA-025,Monday,Evening,5:30 PM,10:30 PM
AV-01219,20243,FA-025,Wednesday,Morning,7:30 AM,12:30 PM
AV-01220,20243,FA-025,Thursday,Evening,5:30 PM,10:30 PM
AV-01221,20243,FA-026,Monday,Morning,7:30 AM,12:30 PM
AV-01222,20243,FA-026,Wednesday,Evening,5:30 PM,10:30 PM
AV-01223,20243,FA-026,Thursday,Evening,5:30 PM,10:30 PM
AV-01224,20243,FA-026,Saturday,Morning,7:30 AM,12:30 PM
AV-01225,20243,FA-027,Monday,Morning,7:30 AM,12:30 PM
AV-01226,20243,FA-027,Monday,Afternoon,12:30 PM,5:30 PM
AV-01227,20243,FA-027,Monday,Evening,5:30 PM,10:30 PM
AV-01228,20243,FA-027,Friday,Evening,5:30 PM,10:30 PM
AV-01229,20243,FA-028,Tuesday,Morning,7:30 AM,12:30 PM
AV-01230,20243,FA-028,Wednesday,Afternoon,12:30 PM,5:30 PM
AV-01231,20243,FA-028,Thursday,Evening,5:30 PM,10:30 PM
AV-01232,20243,FA-028,Friday,Morning,7:30 AM,12:30 PM
AV-01233,20243,FA-029,Tuesday,Morning,7:30 AM,12:30 PM
AV-01234,20243,FA-029,Tuesday,Afternoon,12:30 PM,5:30 PM
AV-01235,20243,FA-029,Thursday,Morning,7:30 AM,12:30 PM
AV-01236,20243,FA-029,Saturday,Evening,5:30 PM,10:30 PM
AV-01237,20243,FA-030,Tuesday,Morning,7:30 AM,12:30 PM
AV-01238,20243,FA-030,Tuesday,Afternoon,12:30 PM,5:30 PM
AV-01239,20243,FA-030,Wednesday,Evening,5:30 PM,10:30 PM
AV-01240,20243,FA-030,Friday,Evening,5:30 PM,10:30 PM
AV-01241,20243,FA-031,Monday,Evening,5:30 PM,10:30 PM
AV-01242,20243,FA-031,Thursday,Evening,5:30 PM,10:30 PM
AV-01243,20243,FA-031,Saturday,Morning,7:30 AM,12:30 PM
AV-01244,20243,FA-031,Saturday,Evening,5:30 PM,10:30 PM
AV-01245,20243,FA-032,Monday,Evening,5:30 PM,10:30 PM
AV-01246,20243,FA-032,Tuesday,Morning,7:30 AM,12:30 PM
AV-01247,20243,FA-032,Wednesday,Morning,7:30 AM,12:30 PM
AV-01248,20243,FA-032,Thursday,Morning,7:30 AM,12:30 PM
AV-01249,20243,FA-033,Tuesday,Morning,7:30 AM,12:30 PM
AV-01250,20243,FA-033,Tuesday,Afternoon,12:30 PM,5:30 PM
AV-01251,20243,FA-033,Friday,Morning,7:30 AM,12:30 PM
AV-01252,20243,FA-033,Saturday,Morning,7:30 AM,12:30 PM
AV-01253,20243,FA-034,Monday,Afternoon,12:30 PM,5:30 PM
AV-01254,20243,FA-034,Wednesday,Afternoon,12:30 PM,5:30 PM
AV-01255,20243,FA-034,Friday,Afternoon,12:30 PM,5:30 PM
AV-01256,20243,FA-034,Friday,Evening,5:30 PM,10:30 PM
AV-01257,20243,FA-035,Monday,Afternoon,12:30 PM,5:30 PM
AV-01258,20243,FA-035,Tuesday,Morning,7:30 AM,12:30 PM
AV-01259,20243,FA-035,Wednesday,Morning,7:30 AM,12:30 PM
AV-01260,20243,FA-035,Saturday,Afternoon,12:30 PM,5:30 PM
AV-01261,20243,FA-036,Monday,Evening,5:30 PM,10:30 PM
AV-01262,20243,FA-036,Thursday,Afternoon,12:30 PM,5:30 PM
AV-01263,20243,FA-036,Friday,Morning,7:30 AM,12:30 PM
AV-01264,20243,FA-036,Saturday,Evening,5:30 PM,10:30 PM
AV-01265,20243,FA-037,Monday,Afternoon,12:30 PM,5:30 PM
AV-01266,20243,FA-037,Tuesday,Evening,5:30 PM,10:30 PM
AV-01267,20243,FA-037,Friday,Evening,5:30 PM,10:30 PM
AV-01268,20243,FA-037,Saturday,Afternoon,12:30 PM,5:30 PM
AV-01269,20243,FA-038,Tuesday,Evening,5:30 PM,10:30 PM
AV-01270,20243,FA-038,Wednesday,Morning,7:30 AM,12:30 PM
AV-01271,20243,FA-038,Wednesday,Afternoon,12:30 PM,5:30 PM
AV-01272,20243,FA-038,Friday,Afternoon,12:30 PM,5:30 PM
AV-01273,20243,FA-039,Tuesday,Afternoon,12:30 PM,5:30 PM
AV-01274,20243,FA-039,Tuesday,Evening,5:30 PM,10:30 PM
AV-01275,20243,FA-039,Friday,Evening,5:30 PM,10:30 PM
AV-01276,20243,FA-039,Saturday,Morning,7:30 AM,12:30 PM
AV-01277,20243,FA-040,Monday,Evening,5:30 PM,10:30 PM
AV-01278,20243,FA-040,Thursday,Afternoon,12:30 PM,5:30 PM
AV-01279,20243,FA-040,Friday,Afternoon,12:30 PM,5:30 PM
AV-01280,20243,FA-040,Friday,Evening,5:30 PM,10:30 PM
AV-01281,20243,FA-041,Monday,Morning,7:30 AM,12:30 PM
AV-01282,20243,FA-041,Tuesday,Afternoon,12:30 PM,5:30 PM
AV-01283,20243,FA-041,Tuesday,Evening,5:30 PM,10:30 PM
AV-01284,20243,FA-041,Wednesday,Morning,7:30 AM,12:30 PM
AV-01285,20243,FA-042,Tuesday,Morning,7:30 AM,12:30 PM
AV-01286,20243,FA-042,Wednesday,Evening,5:30 PM,10:30 PM
AV-01287,20243,FA-042,Thursday,Evening,5:30 PM,10:30 PM
AV-01288,20243,FA-042,Friday,Evening,5:30 PM,10:30 PM
AV-01289,20243,FA-043,Tuesday,Evening,5:30 PM,10:30 PM
AV-01290,20243,FA-043,Wednesday,Afternoon,12:30 PM,5:30 PM
AV-01291,20243,FA-043,Wednesday,Evening,5:30 PM,10:30 PM
AV-01292,20243,FA-043,Thursday,Evening,5:30 PM,10:30 PM
AV-01293,20243,FA-044,Monday,Morning,7:30 AM,12:30 PM
AV-01294,20243,FA-044,Monday,Afternoon,12:30 PM,5:30 PM
AV-01295,20243,FA-044,Wednesday,Evening,5:30 PM,10:30 PM
AV-01296,20243,FA-044,Saturday,Evening,5:30 PM,10:30 PM
AV-01297,20243,FA-045,Monday,Evening,5:30 PM,10:30 PM
AV-01298,20243,FA-045,Tuesday,Morning,7:30 AM,12:30 PM
AV-01299,20243,FA-045,Tuesday,Evening,5:30 PM,10:30 PM
AV-01300,20243,FA-045,Friday,Morning,7:30 AM,12:30 PM
AV-01301,20243,FA-046,Tuesday,Morning,7:30 AM,12:30 PM
AV-01302,20243,FA-046,Tuesday,Afternoon,12:30 PM,5:30 PM
AV-01303,20243,FA-046,Thursday,Afternoon,12:30 PM,5:30 PM
AV-01304,20243,FA-046,Friday,Afternoon,12:30 PM,5:30 PM
AV-01305,20243,FA-047,Monday,Morning,7:30 AM,12:30 PM
AV-01306,20243,FA-047,Tuesday,Afternoon,12:30 PM,5:30 PM
AV-01307,20243,FA-047,Wednesday,Evening,5:30 PM,10:30 PM
AV-01308,20243,FA-047,Friday,Morning,7:30 AM,12:30 PM
AV-01309,20243,FA-048,Tuesday,Evening,5:30 PM,10:30 PM
AV-01310,20243,FA-048,Wednesday,Evening,5:30 PM,10:30 PM
AV-01311,20243,FA-048,Thursday,Evening,5:30 PM,10:30 PM
AV-01312,20243,FA-048,Friday,Afternoon,12:30 PM,5:30 PM
AV-01313,20243,FA-049,Monday,Afternoon,12:30 PM,5:30 PM
AV-01314,20243,FA-049,Tuesday,Evening,5:30 PM,10:30 PM
AV-01315,20243,FA-049,Friday,Morning,7:30 AM,12:30 PM
AV-01316,20243,FA-049,Saturday,Afternoon,12:30 PM,5:30 PM
AV-01317,20243,FA-050,Monday,Afternoon,12:30 PM,5:30 PM
AV-01318,20243,FA-050,Wednesday,Morning,7:30 AM,12:30 PM
AV-01319,20243,FA-050,Thursday,Morning,7:30 AM,12:30 PM
AV-01320,20243,FA-050,Friday,Evening,5:30 PM,10:30 PM
AV-01321,20243,FA-051,Tuesday,Afternoon,12:30 PM,5:30 PM
AV-01322,20243,FA-051,Thursday,Afternoon,12:30 PM,5:30 PM
AV-01323,20243,FA-051,Friday,Evening,5:30 PM,10:30 PM
AV-01324,20243,FA-051,Saturday,Morning,7:30 AM,12:30 PM
AV-01325,20243,FA-052,Monday,Afternoon,12:30 PM,5:30 PM
AV-01326,20243,FA-052,Thursday,Afternoon,12:30 PM,5:30 PM
AV-01327,20243,FA-052,Friday,Evening,5:30 PM,10:30 PM
AV-01328,20243,FA-052,Saturday,Morning,7:30 AM,12:30 PM
AV-01329,20243,FA-053,Tuesday,Afternoon,12:30 PM,5:30 PM
AV-01330,20243,FA-053,Wednesday,Afternoon,12:30 PM,5:30 PM
AV-01331,20243,FA-053,Friday,Afternoon,12:30 PM,5:30 PM
AV-01332,20243,FA-053,Friday,Evening,5:30 PM,10:30 PM
AV-01333,20243,FA-054,Monday,Morning,7:30 AM,12:30 PM
AV-01334,20243,FA-054,Wednesday,Afternoon,12:30 PM,5:30 PM
AV-01335,20243,FA-054,Wednesday,Evening,5:30 PM,10:30 PM
AV-01336,20243,FA-054,Thursday,Evening,5:30 PM,10:30 PM
AV-01337,20251,FA-000,Monday,Morning,7:30 AM,12:30 PM
AV-01338,20251,FA-000,Monday,Afternoon,12:30 PM,5:30 PM
AV-01339,20251,FA-000,Monday,Evening,5:30 PM,10:30 PM
AV-01340,20251,FA-000,Tuesday,Afternoon,12:30 PM,5:30 PM
AV-01341,20251,FA-000,Tuesday,Evening,5:30 PM,10:30 PM
AV-01342,20251,FA-000,Wednesday,Evening,5:30 PM,10:30 PM
AV-01343,20251,FA-000,Friday,Morning,7:30 AM,12:30 PM
AV-01344,20251,FA-000,Friday,Afternoon,12:30 PM,5:30 PM
AV-01345,20251,FA-000,Friday,Evening,5:30 PM,10:30 PM
AV-01346,20251,FA-000,Saturday,Morning,7:30 AM,12:30 PM
AV-01347,20251,FA-000,Saturday,Afternoon,12:30 PM,5:30 PM
AV-01348,20251,FA-000,Saturday,Evening,5:30 PM,10:30 PM
AV-01349,20251,FA-001,Monday,Morning,7:30 AM,12:30 PM
AV-01350,20251,FA-001,Monday,Afternoon,12:30 PM,5:30 PM
AV-01351,20251,FA-001,Monday,Evening,5:30 PM,10:30 PM
AV-01352,20251,FA-001,Tuesday,Morning,7:30 AM,12:30 PM
AV-01353,20251,FA-001,Tuesday,Afternoon,12:30 PM,5:30 PM
AV-01354,20251,FA-001,Wednesday,Morning,7:30 AM,12:30 PM
AV-01355,20251,FA-001,Wednesday,Afternoon,12:30 PM,5:30 PM
AV-01356,20251,FA-001,Thursday,Morning,7:30 AM,12:30 PM
AV-01357,20251,FA-001,Thursday,Evening,5:30 PM,10:30 PM
AV-01358,20251,FA-001,Friday,Afternoon,12:30 PM,5:30 PM
AV-01359,20251,FA-001,Friday,Evening,5:30 PM,10:30 PM
AV-01360,20251,FA-001,Saturday,Morning,7:30 AM,12:30 PM
AV-01361,20251,FA-001,Saturday,Evening,5:30 PM,10:30 PM
AV-01362,20251,FA-002,Monday,Morning,7:30 AM,12:30 PM
AV-01363,20251,FA-002,Monday,Afternoon,12:30 PM,5:30 PM
AV-01364,20251,FA-002,Monday,Evening,5:30 PM,10:30 PM
AV-01365,20251,FA-002,Tuesday,Evening,5:30 PM,10:30 PM
AV-01366,20251,FA-002,Friday,Morning,7:30 AM,12:30 PM
AV-01367,20251,FA-002,Friday,Afternoon,12:30 PM,5:30 PM
AV-01368,20251,FA-003,Monday,Morning,7:30 AM,12:30 PM
AV-01369,20251,FA-003,Monday,Evening,5:30 PM,10:30 PM
AV-01370,20251,FA-003,Tuesday,Morning,7:30 AM,12:30 PM
AV-01371,20251,FA-003,Tuesday,Afternoon,12:30 PM,5:30 PM
AV-01372,20251,FA-003,Wednesday,Evening,5:30 PM,10:30 PM
AV-01373,20251,FA-003,Thursday,Morning,7:30 AM,12:30 PM
AV-01374,20251,FA-003,Friday,Afternoon,12:30 PM,5:30 PM
AV-01375,20251,FA-003,Friday,Evening,5:30 PM,10:30 PM
AV-01376,20251,FA-003,Saturday,Evening,5:30 PM,10:30 PM
AV-01377,20251,FA-004,Monday,Morning,7:30 AM,12:30 PM
AV-01378,20251,FA-004,Monday,Afternoon,12:30 PM,5:30 PM
AV-01379,20251,FA-004,Monday,Evening,5:30 PM,10:30 PM
AV-01380,20251,FA-004,Tuesday,Afternoon,12:30 PM,5:30 PM
AV-01381,20251,FA-004,Tuesday,Evening,5:30 PM,10:30 PM
AV-01382,20251,FA-004,Wednesday,Morning,7:30 AM,12:30 PM
AV-01383,20251,FA-004,Wednesday,Afternoon,12:30 PM,5:30 PM
AV-01384,20251,FA-004,Thursday,Morning,7:30 AM,12:30 PM
AV-01385,20251,FA-004,Thursday,Afternoon,12:30 PM,5:30 PM
AV-01386,20251,FA-004,Thursday,Evening,5:30 PM,10:30 PM
AV-01387,20251,FA-004,Friday,Morning,7:30 AM,12:30 PM
AV-01388,20251,FA-004,Friday,Afternoon,12:30 PM,5:30 PM
AV-01389,20251,FA-004,Friday,Evening,5:30 PM,10:30 PM
AV-01390,20251,FA-004,Saturday,Morning,7:30 AM,12:30 PM
AV-01391,20251,FA-004,Saturday,Afternoon,12:30 PM,5:30 PM
AV-01392,20251,FA-005,Monday,Morning,7:30 AM,12:30 PM
AV-01393,20251,FA-005,Tuesday,Morning,7:30 AM,12:30 PM
AV-01394,20251,FA-005,Tuesday,Afternoon,12:30 PM,5:30 PM
AV-01395,20251,FA-005,Tuesday,Evening,5:30 PM,10:30 PM
AV-01396,20251,FA-005,Wednesday,Morning,7:30 AM,12:30 PM
AV-01397,20251,FA-005,Wednesday,Afternoon,12:30 PM,5:30 PM
AV-01398,20251,FA-005,Wednesday,Evening,5:30 PM,10:30 PM
AV-01399,20251,FA-005,Thursday,Afternoon,12:30 PM,5:30 PM
AV-01400,20251,FA-005,Friday,Afternoon,12:30 PM,5:30 PM
AV-01401,20251,FA-005,Friday,Evening,5:30 PM,10:30 PM
AV-01402,20251,FA-005,Saturday,Morning,7:30 AM,12:30 PM
AV-01403,20251,FA-005,Saturday,Afternoon,12:30 PM,5:30 PM
AV-01404,20251,FA-005,Saturday,Evening,5:30 PM,10:30 PM
AV-01405,20251,FA-006,Monday,Morning,7:30 AM,12:30 PM
AV-01406,20251,FA-006,Monday,Afternoon,12:30 PM,5:30 PM
AV-01407,20251,FA-006,Monday,Evening,5:30 PM,10:30 PM
AV-01408,20251,FA-006,Tuesday,Morning,7:30 AM,12:30 PM
AV-01409,20251,FA-006,Tuesday,Afternoon,12:30 PM,5:30 PM
AV-01410,20251,FA-006,Wednesday,Morning,7:30 AM,12:30 PM
AV-01411,20251,FA-006,Wednesday,Evening,5:30 PM,10:30 PM
AV-01412,20251,FA-006,Thursday,Morning,7:30 AM,12:30 PM
AV-01413,20251,FA-006,Thursday,Afternoon,12:30 PM,5:30 PM
AV-01414,20251,FA-006,Thursday,Evening,5:30 PM,10:30 PM
AV-01415,20251,FA-006,Friday,Afternoon,12:30 PM,5:30 PM
AV-01416,20251,FA-006,Friday,Evening,5:30 PM,10:30 PM
AV-01417,20251,FA-006,Saturday,Morning,7:30 AM,12:30 PM
AV-01418,20251,FA-006,Saturday,Afternoon,12:30 PM,5:30 PM
AV-01419,20251,FA-006,Saturday,Evening,5:30 PM,10:30 PM
AV-01420,20251,FA-007,Monday,Evening,5:30 PM,10:30 PM
AV-01421,20251,FA-007,Tuesday,Afternoon,12:30 PM,5:30 PM
AV-01422,20251,FA-007,Wednesday,Morning,7:30 AM,12:30 PM
AV-01423,20251,FA-007,Wednesday,Afternoon,12:30 PM,5:30 PM
AV-01424,20251,FA-007,Wednesday,Evening,5:30 PM,10:30 PM
AV-01425,20251,FA-007,Thursday,Morning,7:30 AM,12:30 PM
AV-01426,20251,FA-007,Thursday,Evening,5:30 PM,10:30 PM
AV-01427,20251,FA-007,Saturday,Morning,7:30 AM,12:30 PM
AV-01428,20251,FA-007,Saturday,Afternoon,12:30 PM,5:30 PM
AV-01429,20251,FA-007,Saturday,Evening,5:30 PM,10:30 PM
AV-01430,20251,FA-008,Monday,Afternoon,12:30 PM,5:30 PM
AV-01431,20251,FA-008,Monday,Evening,5:30 PM,10:30 PM
AV-01432,20251,FA-008,Tuesday,Morning,7:30 AM,12:30 PM
AV-01433,20251,FA-008,Tuesday,Afternoon,12:30 PM,5:30 PM
AV-01434,20251,FA-008,Thursday,Morning,7:30 AM,12:30 PM
AV-01435,20251,FA-008,Friday,Morning,7:30 AM,12:30 PM
AV-01436,20251,FA-008,Friday,Afternoon,12:30 PM,5:30 PM
AV-01437,20251,FA-008,Saturday,Morning,7:30 AM,12:30 PM
AV-01438,20251,FA-008,Saturday,Afternoon,12:30 PM,5:30 PM
AV-01439,20251,FA-009,Monday,Evening,5:30 PM,10:30 PM
AV-01440,20251,FA-009,Tuesday,Morning,7:30 AM,12:30 PM
AV-01441,20251,FA-009,Tuesday,Afternoon,12:30 PM,5:30 PM
AV-01442,20251,FA-009,Tuesday,Evening,5:30 PM,10:30 PM
AV-01443,20251,FA-009,Wednesday,Morning,7:30 AM,12:30 PM
AV-01444,20251,FA-009,Wednesday,Afternoon,12:30 PM,5:30 PM
AV-01445,20251,FA-009,Wednesday,Evening,5:30 PM,10:30 PM
AV-01446,20251,FA-009,Thursday,Evening,5:30 PM,10:30 PM
AV-01447,20251,FA-009,Friday,Morning,7:30 AM,12:30 PM
AV-01448,20251,FA-009,Friday,Afternoon,12:30 PM,5:30 PM
AV-01449,20251,FA-009,Friday,Evening,5:30 PM,10:30 PM
AV-01450,20251,FA-009,Saturday,Morning,7:30 AM,12:30 PM
AV-01451,20251,FA-009,Saturday,Afternoon,12:30 PM,5:30 PM
AV-01452,20251,FA-010,Monday,Morning,7:30 AM,12:30 PM
AV-01453,20251,FA-010,Tuesday,Afternoon,12:30 PM,5:30 PM
AV-01454,20251,FA-010,Thursday,Morning,7:30 AM,12:30 PM
AV-01455,20251,FA-010,Thursday,Afternoon,12:30 PM,5:30 PM
AV-01456,20251,FA-010,Friday,Morning,7:30 AM,12:30 PM
AV-01457,20251,FA-010,Friday,Afternoon,12:30 PM,5:30 PM
AV-01458,20251,FA-010,Saturday,Morning,7:30 AM,12:30 PM
AV-01459,20251,FA-010,Saturday,Afternoon,12:30 PM,5:30 PM
AV-01460,20251,FA-010,Saturday,Evening,5:30 PM,10:30 PM
AV-01461,20251,FA-011,Monday,Morning,7:30 AM,12:30 PM
AV-01462,20251,FA-011,Wednesday,Morning,7:30 AM,12:30 PM
AV-01463,20251,FA-011,Wednesday,Afternoon,12:30 PM,5:30 PM
AV-01464,20251,FA-011,Wednesday,Evening,5:30 PM,10:30 PM
AV-01465,20251,FA-011,Thursday,Morning,7:30 AM,12:30 PM
AV-01466,20251,FA-011,Thursday,Afternoon,12:30 PM,5:30 PM
AV-01467,20251,FA-011,Friday,Morning,7:30 AM,12:30 PM
AV-01468,20251,FA-011,Friday,Evening,5:30 PM,10:30 PM
AV-01469,20251,FA-011,Saturday,Morning,7:30 AM,12:30 PM
AV-01470,20251,FA-012,Monday,Afternoon,12:30 PM,5:30 PM
AV-01471,20251,FA-012,Tuesday,Morning,7:30 AM,12:30 PM
AV-01472,20251,FA-012,Tuesday,Afternoon,12:30 PM,5:30 PM
AV-01473,20251,FA-012,Wednesday,Morning,7:30 AM,12:30 PM
AV-01474,20251,FA-012,Wednesday,Afternoon,12:30 PM,5:30 PM
AV-01475,20251,FA-012,Wednesday,Evening,5:30 PM,10:30 PM
AV-01476,20251,FA-012,Thursday,Morning,7:30 AM,12:30 PM
AV-01477,20251,FA-012,Thursday,Evening,5:30 PM,10:30 PM
AV-01478,20251,FA-012,Friday,Morning,7:30 AM,12:30 PM
AV-01479,20251,FA-013,Monday,Afternoon,12:30 PM,5:30 PM
AV-01480,20251,FA-013,Wednesday,Morning,7:30 AM,12:30 PM
AV-01481,20251,FA-013,Wednesday,Afternoon,12:30 PM,5:30 PM
AV-01482,20251,FA-013,Wednesday,Evening,5:30 PM,10:30 PM
AV-01483,20251,FA-013,Thursday,Afternoon,12:30 PM,5:30 PM
AV-01484,20251,FA-013,Friday,Afternoon,12:30 PM,5:30 PM
AV-01485,20251,FA-013,Saturday,Morning,7:30 AM,12:30 PM
AV-01486,20251,FA-013,Saturday,Afternoon,12:30 PM,5:30 PM
AV-01487,20251,FA-013,Saturday,Evening,5:30 PM,10:30 PM
AV-01488,20251,FA-014,Monday,Afternoon,12:30 PM,5:30 PM
AV-01489,20251,FA-014,Monday,Evening,5:30 PM,10:30 PM
AV-01490,20251,FA-014,Tuesday,Evening,5:30 PM,10:30 PM
AV-01491,20251,FA-014,Wednesday,Evening,5:30 PM,10:30 PM
AV-01492,20251,FA-014,Thursday,Morning,7:30 AM,12:30 PM
AV-01493,20251,FA-014,Thursday,Afternoon,12:30 PM,5:30 PM
AV-01494,20251,FA-014,Thursday,Evening,5:30 PM,10:30 PM
AV-01495,20251,FA-014,Friday,Evening,5:30 PM,10:30 PM
AV-01496,20251,FA-014,Saturday,Morning,7:30 AM,12:30 PM
AV-01497,20251,FA-014,Saturday,Afternoon,12:30 PM,5:30 PM
AV-01498,20251,FA-015,Monday,Morning,7:30 AM,12:30 PM
AV-01499,20251,FA-015,Monday,Evening,5:30 PM,10:30 PM
AV-01500,20251,FA-015,Tuesday,Morning,7:30 AM,12:30 PM
AV-01501,20251,FA-015,Tuesday,Afternoon,12:30 PM,5:30 PM
AV-01502,20251,FA-015,Tuesday,Evening,5:30 PM,10:30 PM
AV-01503,20251,FA-015,Thursday,Morning,7:30 AM,12:30 PM
AV-01504,20251,FA-015,Thursday,Afternoon,12:30 PM,5:30 PM
AV-01505,20251,FA-015,Thursday,Evening,5:30 PM,10:30 PM
AV-01506,20251,FA-015,Friday,Morning,7:30 AM,12:30 PM
AV-01507,20251,FA-015,Friday,Afternoon,12:30 PM,5:30 PM
AV-01508,20251,FA-015,Friday,Evening,5:30 PM,10:30 PM
AV-01509,20251,FA-015,Saturday,Morning,7:30 AM,12:30 PM
AV-01510,20251,FA-015,Saturday,Evening,5:30 PM,10:30 PM
AV-01511,20251,FA-016,Monday,Morning,7:30 AM,12:30 PM
AV-01512,20251,FA-016,Monday,Afternoon,12:30 PM,5:30 PM
AV-01513,20251,FA-016,Monday,Evening,5:30 PM,10:30 PM
AV-01514,20251,FA-016,Tuesday,Morning,7:30 AM,12:30 PM
AV-01515,20251,FA-016,Tuesday,Evening,5:30 PM,10:30 PM
AV-01516,20251,FA-016,Wednesday,Morning,7:30 AM,12:30 PM
AV-01517,20251,FA-016,Wednesday,Afternoon,12:30 PM,5:30 PM
AV-01518,20251,FA-016,Wednesday,Evening,5:30 PM,10:30 PM
AV-01519,20251,FA-016,Thursday,Afternoon,12:30 PM,5:30 PM
AV-01520,20251,FA-016,Friday,Morning,7:30 AM,12:30 PM
AV-01521,20251,FA-016,Friday,Afternoon,12:30 PM,5:30 PM
AV-01522,20251,FA-016,Saturday,Morning,7:30 AM,12:30 PM
AV-01523,20251,FA-017,Monday,Morning,7:30 AM,12:30 PM
AV-01524,20251,FA-017,Monday,Afternoon,12:30 PM,5:30 PM
AV-01525,20251,FA-017,Monday,Evening,5:30 PM,10:30 PM
AV-01526,20251,FA-017,Tuesday,Morning,7:30 AM,12:30 PM
AV-01527,20251,FA-017,Tuesday,Afternoon,12:30 PM,5:30 PM
AV-01528,20251,FA-017,Tuesday,Evening,5:30 PM,10:30 PM
AV-01529,20251,FA-017,Wednesday,Morning,7:30 AM,12:30 PM
AV-01530,20251,FA-017,Wednesday,Evening,5:30 PM,10:30 PM
AV-01531,20251,FA-017,Thursday,Morning,7:30 AM,12:30 PM
AV-01532,20251,FA-017,Friday,Morning,7:30 AM,12:30 PM
AV-01533,20251,FA-017,Friday,Afternoon,12:30 PM,5:30 PM
AV-01534,20251,FA-017,Saturday,Morning,7:30 AM,12:30 PM
AV-01535,20251,FA-017,Saturday,Afternoon,12:30 PM,5:30 PM
AV-01536,20251,FA-018,Monday,Morning,7:30 AM,12:30 PM
AV-01537,20251,FA-018,Monday,Afternoon,12:30 PM,5:30 PM
AV-01538,20251,FA-018,Tuesday,Morning,7:30 AM,12:30 PM
AV-01539,20251,FA-018,Tuesday,Evening,5:30 PM,10:30 PM
AV-01540,20251,FA-018,Wednesday,Evening,5:30 PM,10:30 PM
AV-01541,20251,FA-018,Thursday,Afternoon,12:30 PM,5:30 PM
AV-01542,20251,FA-018,Thursday,Evening,5:30 PM,10:30 PM
AV-01543,20251,FA-018,Friday,Morning,7:30 AM,12:30 PM
AV-01544,20251,FA-018,Friday,Afternoon,12:30 PM,5:30 PM
AV-01545,20251,FA-018,Friday,Evening,5:30 PM,10:30 PM
AV-01546,20251,FA-018,Saturday,Morning,7:30 AM,12:30 PM
AV-01547,20251,FA-018,Saturday,Afternoon,12:30 PM,5:30 PM
AV-01548,20251,FA-019,Monday,Morning,7:30 AM,12:30 PM
AV-01549,20251,FA-019,Monday,Evening,5:30 PM,10:30 PM
AV-01550,20251,FA-019,Tuesday,Morning,7:30 AM,12:30 PM
AV-01551,20251,FA-019,Tuesday,Afternoon,12:30 PM,5:30 PM
AV-01552,20251,FA-019,Wednesday,Afternoon,12:30 PM,5:30 PM
AV-01553,20251,FA-019,Wednesday,Evening,5:30 PM,10:30 PM
AV-01554,20251,FA-019,Thursday,Afternoon,12:30 PM,5:30 PM
AV-01555,20251,FA-019,Thursday,Evening,5:30 PM,10:30 PM
AV-01556,20251,FA-019,Friday,Morning,7:30 AM,12:30 PM
AV-01557,20251,FA-019,Friday,Afternoon,12:30 PM,5:30 PM
AV-01558,20251,FA-019,Friday,Evening,5:30 PM,10:30 PM
AV-01559,20251,FA-019,Saturday,Evening,5:30 PM,10:30 PM
AV-01560,20251,FA-020,Monday,Morning,7:30 AM,12:30 PM
AV-01561,20251,FA-020,Monday,Afternoon,12:30 PM,5:30 PM
AV-01562,20251,FA-020,Tuesday,Evening,5:30 PM,10:30 PM
AV-01563,20251,FA-020,Wednesday,Afternoon,12:30 PM,5:30 PM
AV-01564,20251,FA-020,Wednesday,Evening,5:30 PM,10:30 PM
AV-01565,20251,FA-020,Thursday,Evening,5:30 PM,10:30 PM
AV-01566,20251,FA-020,Friday,Morning,7:30 AM,12:30 PM
AV-01567,20251,FA-020,Saturday,Morning,7:30 AM,12:30 PM
AV-01568,20251,FA-020,Saturday,Afternoon,12:30 PM,5:30 PM
AV-01569,20251,FA-020,Saturday,Evening,5:30 PM,10:30 PM
AV-01570,20251,FA-021,Monday,Evening,5:30 PM,10:30 PM
AV-01571,20251,FA-021,Tuesday,Afternoon,12:30 PM,5:30 PM
AV-01572,20251,FA-021,Tuesday,Evening,5:30 PM,10:30 PM
AV-01573,20251,FA-021,Wednesday,Morning,7:30 AM,12:30 PM
AV-01574,20251,FA-021,Wednesday,Afternoon,12:30 PM,5:30 PM
AV-01575,20251,FA-021,Wednesday,Evening,5:30 PM,10:30 PM
AV-01576,20251,FA-021,Thursday,Evening,5:30 PM,10:30 PM
AV-01577,20251,FA-021,Friday,Morning,7:30 AM,12:30 PM
AV-01578,20251,FA-021,Friday,Afternoon,12:30 PM,5:30 PM
AV-01579,20251,FA-021,Friday,Evening,5:30 PM,10:30 PM
AV-01580,20251,FA-022,Tuesday,Morning,7:30 AM,12:30 PM
AV-01581,20251,FA-022,Tuesday,Afternoon,12:30 PM,5:30 PM
AV-01582,20251,FA-022,Tuesday,Evening,5:30 PM,10:30 PM
AV-01583,20251,FA-022,Wednesday,Morning,7:30 AM,12:30 PM
AV-01584,20251,FA-022,Wednesday,Afternoon,12:30 PM,5:30 PM
AV-01585,20251,FA-022,Thursday,Morning,7:30 AM,12:30 PM
AV-01586,20251,FA-022,Thursday,Afternoon,12:30 PM,5:30 PM
AV-01587,20251,FA-022,Thursday,Evening,5:30 PM,10:30 PM
AV-01588,20251,FA-022,Friday,Morning,7:30 AM,12:30 PM
AV-01589,20251,FA-022,Saturday,Evening,5:30 PM,10:30 PM
AV-01590,20251,FA-023,Monday,Morning,7:30 AM,12:30 PM
AV-01591,20251,FA-023,Monday,Evening,5:30 PM,10:30 PM
AV-01592,20251,FA-023,Tuesday,Afternoon,12:30 PM,5:30 PM
AV-01593,20251,FA-023,Wednesday,Morning,7:30 AM,12:30 PM
AV-01594,20251,FA-023,Wednesday,Afternoon,12:30 PM,5:30 PM
AV-01595,20251,FA-023,Wednesday,Evening,5:30 PM,10:30 PM
AV-01596,20251,FA-023,Thursday,Morning,7:30 AM,12:30 PM
AV-01597,20251,FA-023,Friday,Morning,7:30 AM,12:30 PM
AV-01598,20251,FA-023,Friday,Evening,5:30 PM,10:30 PM
AV-01599,20251,FA-024,Monday,Morning,7:30 AM,12:30 PM
AV-01600,20251,FA-024,Monday,Evening,5:30 PM,10:30 PM
AV-01601,20251,FA-024,Tuesday,Afternoon,12:30 PM,5:30 PM
AV-01602,20251,FA-024,Tuesday,Evening,5:30 PM,10:30 PM
AV-01603,20251,FA-024,Thursday,Afternoon,12:30 PM,5:30 PM
AV-01604,20251,FA-024,Thursday,Evening,5:30 PM,10:30 PM
AV-01605,20251,FA-024,Friday,Morning,7:30 AM,12:30 PM
AV-01606,20251,FA-024,Friday,Afternoon,12:30 PM,5:30 PM
AV-01607,20251,FA-024,Friday,Evening,5:30 PM,10:30 PM
AV-01608,20251,FA-025,Monday,Morning,7:30 AM,12:30 PM
AV-01609,20251,FA-025,Monday,Evening,5:30 PM,10:30 PM
AV-01610,20251,FA-025,Tuesday,Afternoon,12:30 PM,5:30 PM
AV-01611,20251,FA-025,Wednesday,Morning,7:30 AM,12:30 PM
AV-01612,20251,FA-025,Wednesday,Afternoon,12:30 PM,5:30 PM
AV-01613,20251,FA-025,Wednesday,Evening,5:30 PM,10:30 PM
AV-01614,20251,FA-025,Thursday,Morning,7:30 AM,12:30 PM
AV-01615,20251,FA-025,Thursday,Afternoon,12:30 PM,5:30 PM
AV-01616,20251,FA-025,Friday,Morning,7:30 AM,12:30 PM
AV-01617,20251,FA-025,Friday,Evening,5:30 PM,10:30 PM
AV-01618,20251,FA-025,Saturday,Morning,7:30 AM,12:30 PM
AV-01619,20251,FA-025,Saturday,Afternoon,12:30 PM,5:30 PM
AV-01620,20251,FA-026,Monday,Evening,5:30 PM,10:30 PM
AV-01621,20251,FA-026,Tuesday,Morning,7:30 AM,12:30 PM
AV-01622,20251,FA-026,Tuesday,Afternoon,12:30 PM,5:30 PM
AV-01623,20251,FA-026,Tuesday,Evening,5:30 PM,10:30 PM
AV-01624,20251,FA-026,Wednesday,Evening,5:30 PM,10:30 PM
AV-01625,20251,FA-026,Thursday,Morning,7:30 AM,12:30 PM
AV-01626,20251,FA-026,Thursday,Afternoon,12:30 PM,5:30 PM
AV-01627,20251,FA-026,Friday,Afternoon,12:30 PM,5:30 PM
AV-01628,20251,FA-026,Saturday,Morning,7:30 AM,12:30 PM
AV-01629,20251,FA-026,Saturday,Evening,5:30 PM,10:30 PM
AV-01630,20251,FA-027,Monday,Afternoon,12:30 PM,5:30 PM
AV-01631,20251,FA-027,Monday,Evening,5:30 PM,10:30 PM
AV-01632,20251,FA-027,Tuesday,Morning,7:30 AM,12:30 PM
AV-01633,20251,FA-027,Wednesday,Morning,7:30 AM,12:30 PM
AV-01634,20251,FA-027,Wednesday,Evening,5:30 PM,10:30 PM
AV-01635,20251,FA-027,Thursday,Morning,7:30 AM,12:30 PM
AV-01636,20251,FA-027,Friday,Evening,5:30 PM,10:30 PM
AV-01637,20251,FA-027,Saturday,Morning,7:30 AM,12:30 PM
AV-01638,20251,FA-027,Saturday,Afternoon,12:30 PM,5:30 PM
AV-01639,20251,FA-027,Saturday,Evening,5:30 PM,10:30 PM
AV-01640,20251,FA-028,Tuesday,Afternoon,12:30 PM,5:30 PM
AV-01641,20251,FA-028,Wednesday,Morning,7:30 AM,12:30 PM
AV-01642,20251,FA-028,Wednesday,Afternoon,12:30 PM,5:30 PM
AV-01643,20251,FA-028,Thursday,Morning,7:30 AM,12:30 PM
AV-01644,20251,FA-028,Thursday,Afternoon,12:30 PM,5:30 PM
AV-01645,20251,FA-028,Thursday,Evening,5:30 PM,10:30 PM
AV-01646,20251,FA-028,Friday,Afternoon,12:30 PM,5:30 PM
AV-01647,20251,FA-028,Saturday,Morning,7:30 AM,12:30 PM
AV-01648,20251,FA-028,Saturday,Afternoon,12:30 PM,5:30 PM
AV-01649,20251,FA-028,Saturday,Evening,5:30 PM,10:30 PM
AV-01650,20251,FA-029,Monday,Afternoon,12:30 PM,5:30 PM
AV-01651,20251,FA-029,Monday,Evening,5:30 PM,10:30 PM
AV-01652,20251,FA-029,Tuesday,Morning,7:30 AM,12:30 PM
AV-01653,20251,FA-029,Tuesday,Evening,5:30 PM,10:30 PM
AV-01654,20251,FA-029,Wednesday,Morning,7:30 AM,12:30 PM
AV-01655,20251,FA-029,Thursday,Morning,7:30 AM,12:30 PM
AV-01656,20251,FA-029,Thursday,Evening,5:30 PM,10:30 PM
AV-01657,20251,FA-029,Friday,Morning,7:30 AM,12:30 PM
AV-01658,20251,FA-029,Friday,Afternoon,12:30 PM,5:30 PM
AV-01659,20251,FA-029,Saturday,Morning,7:30 AM,12:30 PM
AV-01660,20251,FA-029,Saturday,Afternoon,12:30 PM,5:30 PM
AV-01661,20251,FA-029,Saturday,Evening,5:30 PM,10:30 PM
AV-01662,20251,FA-030,Monday,Morning,7:30 AM,12:30 PM
AV-01663,20251,FA-030,Monday,Afternoon,12:30 PM,5:30 PM
AV-01664,20251,FA-030,Monday,Evening,5:30 PM,10:30 PM
AV-01665,20251,FA-030,Tuesday,Morning,7:30 AM,12:30 PM
AV-01666,20251,FA-030,Wednesday,Morning,7:30 AM,12:30 PM
AV-01667,20251,FA-030,Wednesday,Afternoon,12:30 PM,5:30 PM
AV-01668,20251,FA-030,Thursday,Morning,7:30 AM,12:30 PM
AV-01669,20251,FA-030,Thursday,Afternoon,12:30 PM,5:30 PM
AV-01670,20251,FA-030,Thursday,Evening,5:30 PM,10:30 PM
AV-01671,20251,FA-030,Friday,Afternoon,12:30 PM,5:30 PM
AV-01672,20251,FA-030,Friday,Evening,5:30 PM,10:30 PM
AV-01673,20251,FA-030,Saturday,Morning,7:30 AM,12:30 PM
AV-01674,20251,FA-031,Tuesday,Evening,5:30 PM,10:30 PM
AV-01675,20251,FA-031,Wednesday,Afternoon,12:30 PM,5:30 PM
AV-01676,20251,FA-031,Wednesday,Evening,5:30 PM,10:30 PM
AV-01677,20251,FA-031,Thursday,Morning,7:30 AM,12:30 PM
AV-01678,20251,FA-031,Thursday,Afternoon,12:30 PM,5:30 PM
AV-01679,20251,FA-031,Friday,Morning,7:30 AM,12:30 PM
AV-01680,20251,FA-031,Saturday,Morning,7:30 AM,12:30 PM
AV-01681,20251,FA-032,Monday,Morning,7:30 AM,12:30 PM
AV-01682,20251,FA-032,Monday,Afternoon,12:30 PM,5:30 PM
AV-01683,20251,FA-032,Monday,Evening,5:30 PM,10:30 PM
AV-01684,20251,FA-032,Tuesday,Morning,7:30 AM,12:30 PM
AV-01685,20251,FA-032,Saturday,Morning,7:30 AM,12:30 PM
AV-01686,20251,FA-032,Saturday,Afternoon,12:30 PM,5:30 PM
AV-01687,20251,FA-032,Saturday,Evening,5:30 PM,10:30 PM
AV-01688,20251,FA-033,Monday,Morning,7:30 AM,12:30 PM
AV-01689,20251,FA-033,Monday,Afternoon,12:30 PM,5:30 PM
AV-01690,20251,FA-033,Tuesday,Morning,7:30 AM,12:30 PM
AV-01691,20251,FA-033,Tuesday,Afternoon,12:30 PM,5:30 PM
AV-01692,20251,FA-033,Tuesday,Evening,5:30 PM,10:30 PM
AV-01693,20251,FA-033,Wednesday,Morning,7:30 AM,12:30 PM
AV-01694,20251,FA-033,Wednesday,Afternoon,12:30 PM,5:30 PM
AV-01695,20251,FA-033,Thursday,Morning,7:30 AM,12:30 PM
AV-01696,20251,FA-033,Thursday,Afternoon,12:30 PM,5:30 PM
AV-01697,20251,FA-033,Thursday,Evening,5:30 PM,10:30 PM
AV-01698,20251,FA-033,Friday,Evening,5:30 PM,10:30 PM
AV-01699,20251,FA-033,Saturday,Afternoon,12:30 PM,5:30 PM
AV-01700,20251,FA-034,Monday,Morning,7:30 AM,12:30 PM
AV-01701,20251,FA-034,Tuesday,Evening,5:30 PM,10:30 PM
AV-01702,20251,FA-034,Wednesday,Afternoon,12:30 PM,5:30 PM
AV-01703,20251,FA-034,Friday,Morning,7:30 AM,12:30 PM
AV-01704,20251,FA-034,Friday,Afternoon,12:30 PM,5:30 PM
AV-01705,20251,FA-034,Friday,Evening,5:30 PM,10:30 PM
AV-01706,20251,FA-034,Saturday,Morning,7:30 AM,12:30 PM
AV-01707,20251,FA-035,Monday,Afternoon,12:30 PM,5:30 PM
AV-01708,20251,FA-035,Tuesday,Afternoon,12:30 PM,5:30 PM
AV-01709,20251,FA-035,Tuesday,Evening,5:30 PM,10:30 PM
AV-01710,20251,FA-035,Wednesday,Morning,7:30 AM,12:30 PM
AV-01711,20251,FA-035,Thursday,Evening,5:30 PM,10:30 PM
AV-01712,20251,FA-035,Friday,Afternoon,12:30 PM,5:30 PM
AV-01713,20251,FA-036,Monday,Afternoon,12:30 PM,5:30 PM
AV-01714,20251,FA-036,Wednesday,Evening,5:30 PM,10:30 PM
AV-01715,20251,FA-036,Thursday,Afternoon,12:30 PM,5:30 PM
AV-01716,20251,FA-036,Thursday,Evening,5:30 PM,10:30 PM
AV-01717,20251,FA-036,Friday,Morning,7:30 AM,12:30 PM
AV-01718,20251,FA-036,Friday,Afternoon,12:30 PM,5:30 PM
AV-01719,20251,FA-036,Friday,Evening,5:30 PM,10:30 PM
AV-01720,20251,FA-037,Monday,Morning,7:30 AM,12:30 PM
AV-01721,20251,FA-037,Monday,Afternoon,12:30 PM,5:30 PM
AV-01722,20251,FA-037,Tuesday,Morning,7:30 AM,12:30 PM
AV-01723,20251,FA-037,Tuesday,Afternoon,12:30 PM,5:30 PM
AV-01724,20251,FA-037,Tuesday,Evening,5:30 PM,10:30 PM
AV-01725,20251,FA-037,Wednesday,Morning,7:30 AM,12:30 PM
AV-01726,20251,FA-037,Wednesday,Evening,5:30 PM,10:30 PM
AV-01727,20251,FA-037,Thursday,Morning,7:30 AM,12:30 PM
AV-01728,20251,FA-037,Thursday,Afternoon,12:30 PM,5:30 PM
AV-01729,20251,FA-037,Friday,Afternoon,12:30 PM,5:30 PM
AV-01730,20251,FA-037,Saturday,Morning,7:30 AM,12:30 PM
AV-01731,20251,FA-037,Saturday,Afternoon,12:30 PM,5:30 PM
AV-01732,20251,FA-038,Wednesday,Evening,5:30 PM,10:30 PM
AV-01733,20251,FA-038,Thursday,Morning,7:30 AM,12:30 PM
AV-01734,20251,FA-038,Thursday,Afternoon,12:30 PM,5:30 PM
AV-01735,20251,FA-038,Saturday,Evening,5:30 PM,10:30 PM
AV-01736,20251,FA-039,Monday,Morning,7:30 AM,12:30 PM
AV-01737,20251,FA-039,Monday,Afternoon,12:30 PM,5:30 PM
AV-01738,20251,FA-039,Monday,Evening,5:30 PM,10:30 PM
AV-01739,20251,FA-039,Tuesday,Morning,7:30 AM,12:30 PM
AV-01740,20251,FA-039,Wednesday,Morning,7:30 AM,12:30 PM
AV-01741,20251,FA-039,Wednesday,Afternoon,12:30 PM,5:30 PM
AV-01742,20251,FA-039,Wednesday,Evening,5:30 PM,10:30 PM
AV-01743,20251,FA-039,Thursday,Morning,7:30 AM,12:30 PM
AV-01744,20251,FA-039,Thursday,Afternoon,12:30 PM,5:30 PM
AV-01745,20251,FA-039,Thursday,Evening,5:30 PM,10:30 PM
AV-01746,20251,FA-039,Friday,Morning,7:30 AM,12:30 PM
AV-01747,20251,FA-039,Friday,Afternoon,12:30 PM,5:30 PM
AV-01748,20251,FA-039,Saturday,Morning,7:30 AM,12:30 PM
AV-01749,20251,FA-039,Saturday,Afternoon,12:30 PM,5:30 PM
AV-01750,20251,FA-039,Saturday,Evening,5:30 PM,10:30 PM
AV-01751,20251,FA-040,Monday,Evening,5:30 PM,10:30 PM
AV-01752,20251,FA-040,Wednesday,Morning,7:30 AM,12:30 PM
AV-01753,20251,FA-040,Wednesday,Afternoon,12:30 PM,5:30 PM
AV-01754,20251,FA-040,Wednesday,Evening,5:30 PM,10:30 PM
AV-01755,20251,FA-040,Thursday,Morning,7:30 AM,12:30 PM
AV-01756,20251,FA-040,Thursday,Afternoon,12:30 PM,5:30 PM
AV-01757,20251,FA-040,Thursday,Evening,5:30 PM,10:30 PM
AV-01758,20251,FA-040,Friday,Morning,7:30 AM,12:30 PM
AV-01759,20251,FA-040,Friday,Afternoon,12:30 PM,5:30 PM
AV-01760,20251,FA-040,Friday,Evening,5:30 PM,10:30 PM
AV-01761,20251,FA-040,Saturday,Morning,7:30 AM,12:30 PM
AV-01762,20251,FA-040,Saturday,Afternoon,12:30 PM,5:30 PM
AV-01763,20251,FA-040,Saturday,Evening,5:30 PM,10:30 PM
AV-01764,20251,FA-041,Monday,Morning,7:30 AM,12:30 PM
AV-01765,20251,FA-041,Tuesday,Morning,7:30 AM,12:30 PM
AV-01766,20251,FA-041,Tuesday,Afternoon,12:30 PM,5:30 PM
AV-01767,20251,FA-041,Tuesday,Evening,5:30 PM,10:30 PM
AV-01768,20251,FA-041,Wednesday,Afternoon,12:30 PM,5:30 PM
AV-01769,20251,FA-041,Wednesday,Evening,5:30 PM,10:30 PM
AV-01770,20251,FA-041,Thursday,Morning,7:30 AM,12:30 PM
AV-01771,20251,FA-041,Thursday,Afternoon,12:30 PM,5:30 PM
AV-01772,20251,FA-041,Thursday,Evening,5:30 PM,10:30 PM
AV-01773,20251,FA-041,Friday,Morning,7:30 AM,12:30 PM
AV-01774,20251,FA-041,Saturday,Afternoon,12:30 PM,5:30 PM
AV-01775,20251,FA-041,Saturday,Evening,5:30 PM,10:30 PM
AV-01776,20251,FA-042,Monday,Morning,7:30 AM,12:30 PM
AV-01777,20251,FA-042,Tuesday,Afternoon,12:30 PM,5:30 PM
AV-01778,20251,FA-042,Wednesday,Morning,7:30 AM,12:30 PM
AV-01779,20251,FA-042,Thursday,Morning,7:30 AM,12:30 PM
AV-01780,20251,FA-042,Thursday,Afternoon,12:30 PM,5:30 PM
AV-01781,20251,FA-042,Friday,Morning,7:30 AM,12:30 PM
AV-01782,20251,FA-042,Friday,Afternoon,12:30 PM,5:30 PM
AV-01783,20251,FA-042,Friday,Evening,5:30 PM,10:30 PM
AV-01784,20251,FA-042,Saturday,Afternoon,12:30 PM,5:30 PM
AV-01785,20251,FA-042,Saturday,Evening,5:30 PM,10:30 PM
AV-01786,20251,FA-043,Monday,Morning,7:30 AM,12:30 PM
AV-01787,20251,FA-043,Monday,Afternoon,12:30 PM,5:30 PM
AV-01788,20251,FA-043,Tuesday,Afternoon,12:30 PM,5:30 PM
AV-01789,20251,FA-043,Tuesday,Evening,5:30 PM,10:30 PM
AV-01790,20251,FA-043,Wednesday,Morning,7:30 AM,12:30 PM
AV-01791,20251,FA-043,Wednesday,Evening,5:30 PM,10:30 PM
AV-01792,20251,FA-043,Thursday,Evening,5:30 PM,10:30 PM
AV-01793,20251,FA-043,Friday,Morning,7:30 AM,12:30 PM
AV-01794,20251,FA-043,Friday,Evening,5:30 PM,10:30 PM
AV-01795,20251,FA-043,Saturday,Morning,7:30 AM,12:30 PM
AV-01796,20251,FA-044,Monday,Morning,7:30 AM,12:30 PM
AV-01797,20251,FA-044,Monday,Afternoon,12:30 PM,5:30 PM
AV-01798,20251,FA-044,Tuesday,Morning,7:30 AM,12:30 PM
AV-01799,20251,FA-044,Tuesday,Afternoon,12:30 PM,5:30 PM
AV-01800,20251,FA-044,Wednesday,Morning,7:30 AM,12:30 PM
AV-01801,20251,FA-044,Wednesday,Afternoon,12:30 PM,5:30 PM
AV-01802,20251,FA-044,Wednesday,Evening,5:30 PM,10:30 PM
AV-01803,20251,FA-044,Thursday,Afternoon,12:30 PM,5:30 PM
AV-01804,20251,FA-044,Thursday,Evening,5:30 PM,10:30 PM
AV-01805,20251,FA-044,Friday,Afternoon,12:30 PM,5:30 PM
AV-01806,20251,FA-044,Friday,Evening,5:30 PM,10:30 PM
AV-01807,20251,FA-044,Saturday,Morning,7:30 AM,12:30 PM
AV-01808,20251,FA-045,Monday,Morning,7:30 AM,12:30 PM
AV-01809,20251,FA-045,Tuesday,Morning,7:30 AM,12:30 PM
AV-01810,20251,FA-045,Tuesday,Afternoon,12:30 PM,5:30 PM
AV-01811,20251,FA-045,Wednesday,Morning,7:30 AM,12:30 PM
AV-01812,20251,FA-045,Wednesday,Evening,5:30 PM,10:30 PM
AV-01813,20251,FA-045,Thursday,Evening,5:30 PM,10:30 PM
AV-01814,20251,FA-045,Friday,Evening,5:30 PM,10:30 PM
AV-01815,20251,FA-045,Saturday,Morning,7:30 AM,12:30 PM
AV-01816,20251,FA-045,Saturday,Afternoon,12:30 PM,5:30 PM
AV-01817,20251,FA-045,Saturday,Evening,5:30 PM,10:30 PM
AV-01818,20251,FA-046,Monday,Afternoon,12:30 PM,5:30 PM
AV-01819,20251,FA-046,Monday,Evening,5:30 PM,10:30 PM
AV-01820,20251,FA-046,Tuesday,Morning,7:30 AM,12:30 PM
AV-01821,20251,FA-046,Wednesday,Morning,7:30 AM,12:30 PM
AV-01822,20251,FA-046,Wednesday,Afternoon,12:30 PM,5:30 PM
AV-01823,20251,FA-046,Wednesday,Evening,5:30 PM,10:30 PM
AV-01824,20251,FA-046,Thursday,Morning,7:30 AM,12:30 PM
AV-01825,20251,FA-046,Friday,Afternoon,12:30 PM,5:30 PM
AV-01826,20251,FA-046,Saturday,Afternoon,12:30 PM,5:30 PM
AV-01827,20251,FA-047,Monday,Morning,7:30 AM,12:30 PM
AV-01828,20251,FA-047,Monday,Afternoon,12:30 PM,5:30 PM
AV-01829,20251,FA-047,Tuesday,Morning,7:30 AM,12:30 PM
AV-01830,20251,FA-047,Tuesday,Evening,5:30 PM,10:30 PM
AV-01831,20251,FA-047,Wednesday,Afternoon,12:30 PM,5:30 PM
AV-01832,20251,FA-047,Wednesday,Evening,5:30 PM,10:30 PM
AV-01833,20251,FA-047,Thursday,Morning,7:30 AM,12:30 PM
AV-01834,20251,FA-047,Thursday,Evening,5:30 PM,10:30 PM
AV-01835,20251,FA-047,Friday,Afternoon,12:30 PM,5:30 PM
AV-01836,20251,FA-047,Friday,Evening,5:30 PM,10:30 PM
AV-01837,20251,FA-047,Saturday,Morning,7:30 AM,12:30 PM
AV-01838,20251,FA-047,Saturday,Afternoon,12:30 PM,5:30 PM
AV-01839,20251,FA-047,Saturday,Evening,5:30 PM,10:30 PM
AV-01840,20251,FA-048,Monday,Afternoon,12:30 PM,5:30 PM
AV-01841,20251,FA-048,Monday,Evening,5:30 PM,10:30 PM
AV-01842,20251,FA-048,Tuesday,Evening,5:30 PM,10:30 PM
AV-01843,20251,FA-048,Wednesday,Morning,7:30 AM,12:30 PM
AV-01844,20251,FA-048,Wednesday,Afternoon,12:30 PM,5:30 PM
AV-01845,20251,FA-048,Wednesday,Evening,5:30 PM,10:30 PM
AV-01846,20251,FA-048,Thursday,Morning,7:30 AM,12:30 PM
AV-01847,20251,FA-048,Thursday,Afternoon,12:30 PM,5:30 PM
AV-01848,20251,FA-048,Thursday,Evening,5:30 PM,10:30 PM
AV-01849,20251,FA-048,Friday,Afternoon,12:30 PM,5:30 PM
AV-01850,20251,FA-048,Friday,Evening,5:30 PM,10:30 PM
AV-01851,20251,FA-048,Saturday,Morning,7:30 AM,12:30 PM
AV-01852,20251,FA-049,Monday,Morning,7:30 AM,12:30 PM
AV-01853,20251,FA-049,Monday,Afternoon,12:30 PM,5:30 PM
AV-01854,20251,FA-049,Monday,Evening,5:30 PM,10:30 PM
AV-01855,20251,FA-049,Tuesday,Morning,7:30 AM,12:30 PM
AV-01856,20251,FA-049,Tuesday,Afternoon,12:30 PM,5:30 PM
AV-01857,20251,FA-049,Tuesday,Evening,5:30 PM,10:30 PM
AV-01858,20251,FA-049,Wednesday,Morning,7:30 AM,12:30 PM
AV-01859,20251,FA-049,Wednesday,Afternoon,12:30 PM,5:30 PM
AV-01860,20251,FA-049,Wednesday,Evening,5:30 PM,10:30 PM
AV-01861,20251,FA-049,Thursday,Morning,7:30 AM,12:30 PM
AV-01862,20251,FA-049,Thursday,Afternoon,12:30 PM,5:30 PM
AV-01863,20251,FA-049,Thursday,Evening,5:30 PM,10:30 PM
AV-01864,20251,FA-049,Friday,Afternoon,12:30 PM,5:30 PM
AV-01865,20251,FA-050,Monday,Afternoon,12:30 PM,5:30 PM
AV-01866,20251,FA-050,Monday,Evening,5:30 PM,10:30 PM
AV-01867,20251,FA-050,Tuesday,Morning,7:30 AM,12:30 PM
AV-01868,20251,FA-050,Tuesday,Afternoon,12:30 PM,5:30 PM
AV-01869,20251,FA-050,Wednesday,Morning,7:30 AM,12:30 PM
AV-01870,20251,FA-050,Wednesday,Afternoon,12:30 PM,5:30 PM
AV-01871,20251,FA-050,Wednesday,Evening,5:30 PM,10:30 PM
AV-01872,20251,FA-050,Thursday,Afternoon,12:30 PM,5:30 PM
AV-01873,20251,FA-050,Thursday,Evening,5:30 PM,10:30 PM
AV-01874,20251,FA-050,Friday,Morning,7:30 AM,12:30 PM
AV-01875,20251,FA-050,Friday,Afternoon,12:30 PM,5:30 PM
AV-01876,20251,FA-050,Friday,Evening,5:30 PM,10:30 PM
AV-01877,20251,FA-051,Tuesday,Morning,7:30 AM,12:30 PM
AV-01878,20251,FA-051,Tuesday,Afternoon,12:30 PM,5:30 PM
AV-01879,20251,FA-051,Tuesday,Evening,5:30 PM,10:30 PM
AV-01880,20251,FA-051,Wednesday,Morning,7:30 AM,12:30 PM
AV-01881,20251,FA-051,Wednesday,Afternoon,12:30 PM,5:30 PM
AV-01882,20251,FA-051,Thursday,Afternoon,12:30 PM,5:30 PM
AV-01883,20251,FA-051,Friday,Morning,7:30 AM,12:30 PM
AV-01884,20251,FA-051,Friday,Afternoon,12:30 PM,5:30 PM
AV-01885,20251,FA-051,Friday,Evening,5:30 PM,10:30 PM
AV-01886,20251,FA-051,Saturday,Morning,7:30 AM,12:30 PM
AV-01887,20251,FA-051,Saturday,Afternoon,12:30 PM,5:30 PM
AV-01888,20251,FA-051,Saturday,Evening,5:30 PM,10:30 PM
AV-01889,20251,FA-052,Monday,Afternoon,12:30 PM,5:30 PM
AV-01890,20251,FA-052,Monday,Evening,5:30 PM,10:30 PM
AV-01891,20251,FA-052,Tuesday,Evening,5:30 PM,10:30 PM
AV-01892,20251,FA-052,Wednesday,Evening,5:30 PM,10:30 PM
AV-01893,20251,FA-052,Thursday,Evening,5:30 PM,10:30 PM
AV-01894,20251,FA-052,Friday,Morning,7:30 AM,12:30 PM
AV-01895,20251,FA-052,Saturday,Morning,7:30 AM,12:30 PM
AV-01896,20251,FA-052,Saturday,Afternoon,12:30 PM,5:30 PM
AV-01897,20251,FA-052,Saturday,Evening,5:30 PM,10:30 PM
AV-01898,20251,FA-053,Monday,Morning,7:30 AM,12:30 PM
AV-01899,20251,FA-053,Monday,Afternoon,12:30 PM,5:30 PM
AV-01900,20251,FA-053,Monday,Evening,5:30 PM,10:30 PM
AV-01901,20251,FA-053,Wednesday,Morning,7:30 AM,12:30 PM
AV-01902,20251,FA-053,Wednesday,Afternoon,12:30 PM,5:30 PM
AV-01903,20251,FA-053,Wednesday,Evening,5:30 PM,10:30 PM
AV-01904,20251,FA-053,Friday,Morning,7:30 AM,12:30 PM
AV-01905,20251,FA-053,Friday,Afternoon,12:30 PM,5:30 PM
AV-01906,20251,FA-053,Saturday,Afternoon,12:30 PM,5:30 PM
AV-01907,20251,FA-053,Saturday,Evening,5:30 PM,10:30 PM
AV-01908,20251,FA-054,Tuesday,Afternoon,12:30 PM,5:30 PM
AV-01909,20251,FA-054,Tuesday,Evening,5:30 PM,10:30 PM
AV-01910,20251,FA-054,Wednesday,Afternoon,12:30 PM,5:30 PM
AV-01911,20251,FA-054,Wednesday,Evening,5:30 PM,10:30 PM
AV-01912,20251,FA-054,Thursday,Morning,7:30 AM,12:30 PM
AV-01913,20251,FA-054,Thursday,Evening,5:30 PM,10:30 PM
AV-01914,20251,FA-054,Friday,Afternoon,12:30 PM,5:30 PM
AV-01915,20251,FA-054,Saturday,Morning,7:30 AM,12:30 PM
AV-01916,20251,FA-054,Saturday,Afternoon,12:30 PM,5:30 PM
AV-01917,20251,FA-054,Saturday,Evening,5:30 PM,10:30 PM
AV-01918,20252,FA-000,Monday,Morning,7:30 AM,12:30 PM
AV-01919,20252,FA-000,Monday,Afternoon,12:30 PM,5:30 PM
AV-01920,20252,FA-000,Monday,Evening,5:30 PM,10:30 PM
AV-01921,20252,FA-000,Tuesday,Morning,7:30 AM,12:30 PM
AV-01922,20252,FA-000,Tuesday,Afternoon,12:30 PM,5:30 PM
AV-01923,20252,FA-000,Wednesday,Morning,7:30 AM,12:30 PM
AV-01924,20252,FA-000,Wednesday,Afternoon,12:30 PM,5:30 PM
AV-01925,20252,FA-000,Wednesday,Evening,5:30 PM,10:30 PM
AV-01926,20252,FA-000,Thursday,Morning,7:30 AM,12:30 PM
AV-01927,20252,FA-000,Thursday,Afternoon,12:30 PM,5:30 PM
AV-01928,20252,FA-000,Thursday,Evening,5:30 PM,10:30 PM
AV-01929,20252,FA-000,Friday,Afternoon,12:30 PM,5:30 PM
AV-01930,20252,FA-000,Friday,Evening,5:30 PM,10:30 PM
AV-01931,20252,FA-000,Saturday,Morning,7:30 AM,12:30 PM
AV-01932,20252,FA-000,Saturday,Afternoon,12:30 PM,5:30 PM
AV-01933,20252,FA-000,Saturday,Evening,5:30 PM,10:30 PM
AV-01934,20252,FA-001,Monday,Morning,7:30 AM,12:30 PM
AV-01935,20252,FA-001,Monday,Afternoon,12:30 PM,5:30 PM
AV-01936,20252,FA-001,Tuesday,Morning,7:30 AM,12:30 PM
AV-01937,20252,FA-001,Tuesday,Afternoon,12:30 PM,5:30 PM
AV-01938,20252,FA-001,Tuesday,Evening,5:30 PM,10:30 PM
AV-01939,20252,FA-001,Wednesday,Morning,7:30 AM,12:30 PM
AV-01940,20252,FA-001,Thursday,Morning,7:30 AM,12:30 PM
AV-01941,20252,FA-001,Thursday,Afternoon,12:30 PM,5:30 PM
AV-01942,20252,FA-001,Thursday,Evening,5:30 PM,10:30 PM
AV-01943,20252,FA-001,Friday,Afternoon,12:30 PM,5:30 PM
AV-01944,20252,FA-001,Friday,Evening,5:30 PM,10:30 PM
AV-01945,20252,FA-001,Saturday,Morning,7:30 AM,12:30 PM
AV-01946,20252,FA-001,Saturday,Afternoon,12:30 PM,5:30 PM
AV-01947,20252,FA-002,Monday,Afternoon,12:30 PM,5:30 PM
AV-01948,20252,FA-002,Wednesday,Morning,7:30 AM,12:30 PM
AV-01949,20252,FA-002,Wednesday,Evening,5:30 PM,10:30 PM
AV-01950,20252,FA-002,Thursday,Morning,7:30 AM,12:30 PM
AV-01951,20252,FA-002,Friday,Afternoon,12:30 PM,5:30 PM
AV-01952,20252,FA-002,Saturday,Evening,5:30 PM,10:30 PM
AV-01953,20252,FA-003,Monday,Morning,7:30 AM,12:30 PM
AV-01954,20252,FA-003,Tuesday,Morning,7:30 AM,12:30 PM
AV-01955,20252,FA-003,Wednesday,Afternoon,12:30 PM,5:30 PM
AV-01956,20252,FA-003,Thursday,Morning,7:30 AM,12:30 PM
AV-01957,20252,FA-003,Thursday,Evening,5:30 PM,10:30 PM
AV-01958,20252,FA-003,Friday,Morning,7:30 AM,12:30 PM
AV-01959,20252,FA-004,Monday,Morning,7:30 AM,12:30 PM
AV-01960,20252,FA-004,Monday,Afternoon,12:30 PM,5:30 PM
AV-01961,20252,FA-004,Tuesday,Morning,7:30 AM,12:30 PM
AV-01962,20252,FA-004,Wednesday,Morning,7:30 AM,12:30 PM
AV-01963,20252,FA-004,Wednesday,Afternoon,12:30 PM,5:30 PM
AV-01964,20252,FA-004,Wednesday,Evening,5:30 PM,10:30 PM
AV-01965,20252,FA-004,Thursday,Evening,5:30 PM,10:30 PM
AV-01966,20252,FA-004,Friday,Afternoon,12:30 PM,5:30 PM
AV-01967,20252,FA-004,Saturday,Afternoon,12:30 PM,5:30 PM
AV-01968,20252,FA-004,Saturday,Evening,5:30 PM,10:30 PM
AV-01969,20252,FA-005,Monday,Afternoon,12:30 PM,5:30 PM
AV-01970,20252,FA-005,Monday,Evening,5:30 PM,10:30 PM
AV-01971,20252,FA-005,Tuesday,Afternoon,12:30 PM,5:30 PM
AV-01972,20252,FA-005,Tuesday,Evening,5:30 PM,10:30 PM
AV-01973,20252,FA-005,Wednesday,Afternoon,12:30 PM,5:30 PM
AV-01974,20252,FA-005,Wednesday,Evening,5:30 PM,10:30 PM
AV-01975,20252,FA-005,Thursday,Morning,7:30 AM,12:30 PM
AV-01976,20252,FA-005,Friday,Morning,7:30 AM,12:30 PM
AV-01977,20252,FA-005,Friday,Evening,5:30 PM,10:30 PM
AV-01978,20252,FA-005,Saturday,Morning,7:30 AM,12:30 PM
AV-01979,20252,FA-005,Saturday,Afternoon,12:30 PM,5:30 PM
AV-01980,20252,FA-005,Saturday,Evening,5:30 PM,10:30 PM
AV-01981,20252,FA-006,Monday,Morning,7:30 AM,12:30 PM
AV-01982,20252,FA-006,Monday,Afternoon,12:30 PM,5:30 PM
AV-01983,20252,FA-006,Monday,Evening,5:30 PM,10:30 PM
AV-01984,20252,FA-006,Tuesday,Evening,5:30 PM,10:30 PM
AV-01985,20252,FA-006,Wednesday,Morning,7:30 AM,12:30 PM
AV-01986,20252,FA-006,Wednesday,Afternoon,12:30 PM,5:30 PM
AV-01987,20252,FA-006,Wednesday,Evening,5:30 PM,10:30 PM
AV-01988,20252,FA-006,Thursday,Afternoon,12:30 PM,5:30 PM
AV-01989,20252,FA-006,Thursday,Evening,5:30 PM,10:30 PM
AV-01990,20252,FA-006,Friday,Morning,7:30 AM,12:30 PM
AV-01991,20252,FA-006,Friday,Afternoon,12:30 PM,5:30 PM
AV-01992,20252,FA-006,Friday,Evening,5:30 PM,10:30 PM
AV-01993,20252,FA-006,Saturday,Afternoon,12:30 PM,5:30 PM
AV-01994,20252,FA-007,Monday,Morning,7:30 AM,12:30 PM
AV-01995,20252,FA-007,Monday,Afternoon,12:30 PM,5:30 PM
AV-01996,20252,FA-007,Monday,Evening,5:30 PM,10:30 PM
AV-01997,20252,FA-007,Tuesday,Morning,7:30 AM,12:30 PM
AV-01998,20252,FA-007,Tuesday,Afternoon,12:30 PM,5:30 PM
AV-01999,20252,FA-007,Wednesday,Morning,7:30 AM,12:30 PM
AV-02000,20252,FA-007,Thursday,Morning,7:30 AM,12:30 PM
AV-02001,20252,FA-007,Thursday,Afternoon,12:30 PM,5:30 PM
AV-02002,20252,FA-007,Friday,Afternoon,12:30 PM,5:30 PM
AV-02003,20252,FA-007,Saturday,Evening,5:30 PM,10:30 PM
AV-02004,20252,FA-008,Monday,Morning,7:30 AM,12:30 PM
AV-02005,20252,FA-008,Monday,Afternoon,12:30 PM,5:30 PM
AV-02006,20252,FA-008,Monday,Evening,5:30 PM,10:30 PM
AV-02007,20252,FA-008,Tuesday,Morning,7:30 AM,12:30 PM
AV-02008,20252,FA-008,Wednesday,Morning,7:30 AM,12:30 PM
AV-02009,20252,FA-008,Thursday,Morning,7:30 AM,12:30 PM
AV-02010,20252,FA-008,Thursday,Afternoon,12:30 PM,5:30 PM
AV-02011,20252,FA-008,Friday,Evening,5:30 PM,10:30 PM
AV-02012,20252,FA-008,Saturday,Evening,5:30 PM,10:30 PM
AV-02013,20252,FA-009,Monday,Morning,7:30 AM,12:30 PM
AV-02014,20252,FA-009,Monday,Afternoon,12:30 PM,5:30 PM
AV-02015,20252,FA-009,Monday,Evening,5:30 PM,10:30 PM
AV-02016,20252,FA-009,Tuesday,Morning,7:30 AM,12:30 PM
AV-02017,20252,FA-009,Tuesday,Afternoon,12:30 PM,5:30 PM
AV-02018,20252,FA-009,Wednesday,Afternoon,12:30 PM,5:30 PM
AV-02019,20252,FA-009,Thursday,Morning,7:30 AM,12:30 PM
AV-02020,20252,FA-009,Thursday,Afternoon,12:30 PM,5:30 PM
AV-02021,20252,FA-009,Friday,Morning,7:30 AM,12:30 PM
AV-02022,20252,FA-009,Friday,Afternoon,12:30 PM,5:30 PM
AV-02023,20252,FA-009,Friday,Evening,5:30 PM,10:30 PM
AV-02024,20252,FA-009,Saturday,Morning,7:30 AM,12:30 PM
AV-02025,20252,FA-010,Monday,Afternoon,12:30 PM,5:30 PM
AV-02026,20252,FA-010,Monday,Evening,5:30 PM,10:30 PM
AV-02027,20252,FA-010,Tuesday,Afternoon,12:30 PM,5:30 PM
AV-02028,20252,FA-010,Tuesday,Evening,5:30 PM,10:30 PM
AV-02029,20252,FA-010,Wednesday,Evening,5:30 PM,10:30 PM
AV-02030,20252,FA-010,Thursday,Morning,7:30 AM,12:30 PM
AV-02031,20252,FA-010,Saturday,Morning,7:30 AM,12:30 PM
AV-02032,20252,FA-010,Saturday,Afternoon,12:30 PM,5:30 PM
AV-02033,20252,FA-010,Saturday,Evening,5:30 PM,10:30 PM
AV-02034,20252,FA-011,Monday,Morning,7:30 AM,12:30 PM
AV-02035,20252,FA-011,Monday,Afternoon,12:30 PM,5:30 PM
AV-02036,20252,FA-011,Tuesday,Afternoon,12:30 PM,5:30 PM
AV-02037,20252,FA-011,Tuesday,Evening,5:30 PM,10:30 PM
AV-02038,20252,FA-011,Thursday,Morning,7:30 AM,12:30 PM
AV-02039,20252,FA-011,Thursday,Evening,5:30 PM,10:30 PM
AV-02040,20252,FA-011,Friday,Morning,7:30 AM,12:30 PM
AV-02041,20252,FA-011,Saturday,Morning,7:30 AM,12:30 PM
AV-02042,20252,FA-011,Saturday,Afternoon,12:30 PM,5:30 PM
AV-02043,20252,FA-012,Tuesday,Morning,7:30 AM,12:30 PM
AV-02044,20252,FA-012,Tuesday,Afternoon,12:30 PM,5:30 PM
AV-02045,20252,FA-012,Tuesday,Evening,5:30 PM,10:30 PM
AV-02046,20252,FA-012,Thursday,Afternoon,12:30 PM,5:30 PM
AV-02047,20252,FA-012,Saturday,Morning,7:30 AM,12:30 PM
AV-02048,20252,FA-012,Saturday,Afternoon,12:30 PM,5:30 PM
AV-02049,20252,FA-012,Saturday,Evening,5:30 PM,10:30 PM
AV-02050,20252,FA-013,Monday,Afternoon,12:30 PM,5:30 PM
AV-02051,20252,FA-013,Tuesday,Morning,7:30 AM,12:30 PM
AV-02052,20252,FA-013,Tuesday,Evening,5:30 PM,10:30 PM
AV-02053,20252,FA-013,Wednesday,Morning,7:30 AM,12:30 PM
AV-02054,20252,FA-013,Wednesday,Afternoon,12:30 PM,5:30 PM
AV-02055,20252,FA-013,Saturday,Evening,5:30 PM,10:30 PM
AV-02056,20252,FA-014,Monday,Morning,7:30 AM,12:30 PM
AV-02057,20252,FA-014,Monday,Afternoon,12:30 PM,5:30 PM
AV-02058,20252,FA-014,Monday,Evening,5:30 PM,10:30 PM
AV-02059,20252,FA-014,Tuesday,Morning,7:30 AM,12:30 PM
AV-02060,20252,FA-014,Tuesday,Afternoon,12:30 PM,5:30 PM
AV-02061,20252,FA-014,Wednesday,Morning,7:30 AM,12:30 PM
AV-02062,20252,FA-014,Wednesday,Afternoon,12:30 PM,5:30 PM
AV-02063,20252,FA-014,Thursday,Morning,7:30 AM,12:30 PM
AV-02064,20252,FA-014,Thursday,Evening,5:30 PM,10:30 PM
AV-02065,20252,FA-014,Friday,Morning,7:30 AM,12:30 PM
AV-02066,20252,FA-014,Friday,Evening,5:30 PM,10:30 PM
AV-02067,20252,FA-014,Saturday,Morning,7:30 AM,12:30 PM
AV-02068,20252,FA-015,Monday,Evening,5:30 PM,10:30 PM
AV-02069,20252,FA-015,Tuesday,Morning,7:30 AM,12:30 PM
AV-02070,20252,FA-015,Tuesday,Afternoon,12:30 PM,5:30 PM
AV-02071,20252,FA-015,Wednesday,Evening,5:30 PM,10:30 PM
AV-02072,20252,FA-015,Thursday,Afternoon,12:30 PM,5:30 PM
AV-02073,20252,FA-015,Friday,Morning,7:30 AM,12:30 PM
AV-02074,20252,FA-015,Friday,Afternoon,12:30 PM,5:30 PM
AV-02075,20252,FA-015,Friday,Evening,5:30 PM,10:30 PM
AV-02076,20252,FA-015,Saturday,Afternoon,12:30 PM,5:30 PM
AV-02077,20252,FA-016,Monday,Morning,7:30 AM,12:30 PM
AV-02078,20252,FA-016,Tuesday,Morning,7:30 AM,12:30 PM
AV-02079,20252,FA-016,Tuesday,Evening,5:30 PM,10:30 PM
AV-02080,20252,FA-016,Wednesday,Morning,7:30 AM,12:30 PM
AV-02081,20252,FA-016,Thursday,Morning,7:30 AM,12:30 PM
AV-02082,20252,FA-016,Thursday,Afternoon,12:30 PM,5:30 PM
AV-02083,20252,FA-016,Thursday,Evening,5:30 PM,10:30 PM
AV-02084,20252,FA-016,Friday,Morning,7:30 AM,12:30 PM
AV-02085,20252,FA-016,Friday,Afternoon,12:30 PM,5:30 PM
AV-02086,20252,FA-016,Friday,Evening,5:30 PM,10:30 PM
AV-02087,20252,FA-016,Saturday,Afternoon,12:30 PM,5:30 PM
AV-02088,20252,FA-016,Saturday,Evening,5:30 PM,10:30 PM
AV-02089,20252,FA-017,Tuesday,Afternoon,12:30 PM,5:30 PM
AV-02090,20252,FA-017,Tuesday,Evening,5:30 PM,10:30 PM
AV-02091,20252,FA-017,Wednesday,Morning,7:30 AM,12:30 PM
AV-02092,20252,FA-017,Thursday,Morning,7:30 AM,12:30 PM
AV-02093,20252,FA-017,Thursday,Evening,5:30 PM,10:30 PM
AV-02094,20252,FA-017,Friday,Morning,7:30 AM,12:30 PM
AV-02095,20252,FA-017,Friday,Afternoon,12:30 PM,5:30 PM
AV-02096,20252,FA-017,Saturday,Morning,7:30 AM,12:30 PM
AV-02097,20252,FA-017,Saturday,Afternoon,12:30 PM,5:30 PM
AV-02098,20252,FA-017,Saturday,Evening,5:30 PM,10:30 PM
AV-02099,20252,FA-018,Monday,Morning,7:30 AM,12:30 PM
AV-02100,20252,FA-018,Monday,Afternoon,12:30 PM,5:30 PM
AV-02101,20252,FA-018,Tuesday,Morning,7:30 AM,12:30 PM
AV-02102,20252,FA-018,Tuesday,Afternoon,12:30 PM,5:30 PM
AV-02103,20252,FA-018,Tuesday,Evening,5:30 PM,10:30 PM
AV-02104,20252,FA-018,Wednesday,Afternoon,12:30 PM,5:30 PM
AV-02105,20252,FA-018,Thursday,Morning,7:30 AM,12:30 PM
AV-02106,20252,FA-018,Thursday,Afternoon,12:30 PM,5:30 PM
AV-02107,20252,FA-018,Thursday,Evening,5:30 PM,10:30 PM
AV-02108,20252,FA-018,Friday,Morning,7:30 AM,12:30 PM
AV-02109,20252,FA-018,Friday,Afternoon,12:30 PM,5:30 PM
AV-02110,20252,FA-018,Friday,Evening,5:30 PM,10:30 PM
AV-02111,20252,FA-018,Saturday,Morning,7:30 AM,12:30 PM
AV-02112,20252,FA-019,Monday,Morning,7:30 AM,12:30 PM
AV-02113,20252,FA-019,Monday,Evening,5:30 PM,10:30 PM
AV-02114,20252,FA-019,Tuesday,Morning,7:30 AM,12:30 PM
AV-02115,20252,FA-019,Tuesday,Afternoon,12:30 PM,5:30 PM
AV-02116,20252,FA-019,Tuesday,Evening,5:30 PM,10:30 PM
AV-02117,20252,FA-019,Wednesday,Afternoon,12:30 PM,5:30 PM
AV-02118,20252,FA-019,Thursday,Evening,5:30 PM,10:30 PM
AV-02119,20252,FA-019,Friday,Morning,7:30 AM,12:30 PM
AV-02120,20252,FA-019,Friday,Afternoon,12:30 PM,5:30 PM
AV-02121,20252,FA-019,Friday,Evening,5:30 PM,10:30 PM
AV-02122,20252,FA-020,Monday,Morning,7:30 AM,12:30 PM
AV-02123,20252,FA-020,Monday,Evening,5:30 PM,10:30 PM
AV-02124,20252,FA-020,Wednesday,Afternoon,12:30 PM,5:30 PM
AV-02125,20252,FA-020,Thursday,Morning,7:30 AM,12:30 PM
AV-02126,20252,FA-020,Thursday,Afternoon,12:30 PM,5:30 PM
AV-02127,20252,FA-020,Thursday,Evening,5:30 PM,10:30 PM
AV-02128,20252,FA-020,Friday,Morning,7:30 AM,12:30 PM
AV-02129,20252,FA-020,Friday,Afternoon,12:30 PM,5:30 PM
AV-02130,20252,FA-020,Friday,Evening,5:30 PM,10:30 PM
AV-02131,20252,FA-021,Monday,Morning,7:30 AM,12:30 PM
AV-02132,20252,FA-021,Monday,Afternoon,12:30 PM,5:30 PM
AV-02133,20252,FA-021,Monday,Evening,5:30 PM,10:30 PM
AV-02134,20252,FA-021,Tuesday,Morning,7:30 AM,12:30 PM
AV-02135,20252,FA-021,Tuesday,Afternoon,12:30 PM,5:30 PM
AV-02136,20252,FA-021,Wednesday,Morning,7:30 AM,12:30 PM
AV-02137,20252,FA-021,Wednesday,Evening,5:30 PM,10:30 PM
AV-02138,20252,FA-021,Thursday,Morning,7:30 AM,12:30 PM
AV-02139,20252,FA-021,Friday,Afternoon,12:30 PM,5:30 PM
AV-02140,20252,FA-021,Saturday,Morning,7:30 AM,12:30 PM
AV-02141,20252,FA-021,Saturday,Afternoon,12:30 PM,5:30 PM
AV-02142,20252,FA-021,Saturday,Evening,5:30 PM,10:30 PM
AV-02143,20252,FA-022,Monday,Morning,7:30 AM,12:30 PM
AV-02144,20252,FA-022,Tuesday,Morning,7:30 AM,12:30 PM
AV-02145,20252,FA-022,Tuesday,Afternoon,12:30 PM,5:30 PM
AV-02146,20252,FA-022,Tuesday,Evening,5:30 PM,10:30 PM
AV-02147,20252,FA-022,Wednesday,Morning,7:30 AM,12:30 PM
AV-02148,20252,FA-022,Wednesday,Afternoon,12:30 PM,5:30 PM
AV-02149,20252,FA-022,Wednesday,Evening,5:30 PM,10:30 PM
AV-02150,20252,FA-022,Thursday,Morning,7:30 AM,12:30 PM
AV-02151,20252,FA-022,Thursday,Afternoon,12:30 PM,5:30 PM
AV-02152,20252,FA-022,Friday,Morning,7:30 AM,12:30 PM
AV-02153,20252,FA-022,Friday,Afternoon,12:30 PM,5:30 PM
AV-02154,20252,FA-022,Saturday,Morning,7:30 AM,12:30 PM
AV-02155,20252,FA-022,Saturday,Afternoon,12:30 PM,5:30 PM
AV-02156,20252,FA-023,Tuesday,Morning,7:30 AM,12:30 PM
AV-02157,20252,FA-023,Tuesday,Afternoon,12:30 PM,5:30 PM
AV-02158,20252,FA-023,Tuesday,Evening,5:30 PM,10:30 PM
AV-02159,20252,FA-023,Wednesday,Evening,5:30 PM,10:30 PM
AV-02160,20252,FA-023,Thursday,Morning,7:30 AM,12:30 PM
AV-02161,20252,FA-023,Thursday,Evening,5:30 PM,10:30 PM
AV-02162,20252,FA-023,Friday,Morning,7:30 AM,12:30 PM
AV-02163,20252,FA-023,Friday,Afternoon,12:30 PM,5:30 PM
AV-02164,20252,FA-023,Friday,Evening,5:30 PM,10:30 PM
AV-02165,20252,FA-023,Saturday,Morning,7:30 AM,12:30 PM
AV-02166,20252,FA-024,Monday,Afternoon,12:30 PM,5:30 PM
AV-02167,20252,FA-024,Monday,Evening,5:30 PM,10:30 PM
AV-02168,20252,FA-024,Tuesday,Morning,7:30 AM,12:30 PM
AV-02169,20252,FA-024,Tuesday,Afternoon,12:30 PM,5:30 PM
AV-02170,20252,FA-024,Wednesday,Morning,7:30 AM,12:30 PM
AV-02171,20252,FA-024,Wednesday,Afternoon,12:30 PM,5:30 PM
AV-02172,20252,FA-024,Wednesday,Evening,5:30 PM,10:30 PM
AV-02173,20252,FA-024,Thursday,Afternoon,12:30 PM,5:30 PM
AV-02174,20252,FA-024,Friday,Morning,7:30 AM,12:30 PM
AV-02175,20252,FA-024,Saturday,Morning,7:30 AM,12:30 PM
AV-02176,20252,FA-024,Saturday,Afternoon,12:30 PM,5:30 PM
AV-02177,20252,FA-024,Saturday,Evening,5:30 PM,10:30 PM
AV-02178,20252,FA-025,Monday,Morning,7:30 AM,12:30 PM
AV-02179,20252,FA-025,Monday,Afternoon,12:30 PM,5:30 PM
AV-02180,20252,FA-025,Monday,Evening,5:30 PM,10:30 PM
AV-02181,20252,FA-025,Tuesday,Morning,7:30 AM,12:30 PM
AV-02182,20252,FA-025,Tuesday,Afternoon,12:30 PM,5:30 PM
AV-02183,20252,FA-025,Thursday,Morning,7:30 AM,12:30 PM
AV-02184,20252,FA-025,Thursday,Evening,5:30 PM,10:30 PM
AV-02185,20252,FA-025,Friday,Morning,7:30 AM,12:30 PM
AV-02186,20252,FA-025,Saturday,Afternoon,12:30 PM,5:30 PM
AV-02187,20252,FA-025,Saturday,Evening,5:30 PM,10:30 PM
AV-02188,20252,FA-026,Monday,Morning,7:30 AM,12:30 PM
AV-02189,20252,FA-026,Tuesday,Morning,7:30 AM,12:30 PM
AV-02190,20252,FA-026,Tuesday,Afternoon,12:30 PM,5:30 PM
AV-02191,20252,FA-026,Tuesday,Evening,5:30 PM,10:30 PM
AV-02192,20252,FA-026,Wednesday,Morning,7:30 AM,12:30 PM
AV-02193,20252,FA-026,Wednesday,Evening,5:30 PM,10:30 PM
AV-02194,20252,FA-026,Thursday,Morning,7:30 AM,12:30 PM
AV-02195,20252,FA-026,Thursday,Afternoon,12:30 PM,5:30 PM
AV-02196,20252,FA-026,Thursday,Evening,5:30 PM,10:30 PM
AV-02197,20252,FA-026,Friday,Afternoon,12:30 PM,5:30 PM
AV-02198,20252,FA-026,Friday,Evening,5:30 PM,10:30 PM
AV-02199,20252,FA-026,Saturday,Afternoon,12:30 PM,5:30 PM
AV-02200,20252,FA-027,Monday,Morning,7:30 AM,12:30 PM
AV-02201,20252,FA-027,Monday,Afternoon,12:30 PM,5:30 PM
AV-02202,20252,FA-027,Monday,Evening,5:30 PM,10:30 PM
AV-02203,20252,FA-027,Tuesday,Morning,7:30 AM,12:30 PM
AV-02204,20252,FA-027,Tuesday,Afternoon,12:30 PM,5:30 PM
AV-02205,20252,FA-027,Wednesday,Morning,7:30 AM,12:30 PM
AV-02206,20252,FA-027,Wednesday,Evening,5:30 PM,10:30 PM
AV-02207,20252,FA-027,Thursday,Morning,7:30 AM,12:30 PM
AV-02208,20252,FA-027,Thursday,Afternoon,12:30 PM,5:30 PM
AV-02209,20252,FA-027,Friday,Evening,5:30 PM,10:30 PM
AV-02210,20252,FA-027,Saturday,Morning,7:30 AM,12:30 PM
AV-02211,20252,FA-027,Saturday,Afternoon,12:30 PM,5:30 PM
AV-02212,20252,FA-028,Tuesday,Afternoon,12:30 PM,5:30 PM
AV-02213,20252,FA-028,Tuesday,Evening,5:30 PM,10:30 PM
AV-02214,20252,FA-028,Wednesday,Morning,7:30 AM,12:30 PM
AV-02215,20252,FA-028,Wednesday,Afternoon,12:30 PM,5:30 PM
AV-02216,20252,FA-028,Wednesday,Evening,5:30 PM,10:30 PM
AV-02217,20252,FA-028,Thursday,Morning,7:30 AM,12:30 PM
AV-02218,20252,FA-028,Friday,Morning,7:30 AM,12:30 PM
AV-02219,20252,FA-028,Friday,Afternoon,12:30 PM,5:30 PM
AV-02220,20252,FA-028,Friday,Evening,5:30 PM,10:30 PM
AV-02221,20252,FA-029,Tuesday,Morning,7:30 AM,12:30 PM
AV-02222,20252,FA-029,Wednesday,Afternoon,12:30 PM,5:30 PM
AV-02223,20252,FA-029,Wednesday,Evening,5:30 PM,10:30 PM
AV-02224,20252,FA-029,Thursday,Evening,5:30 PM,10:30 PM
AV-02225,20252,FA-029,Friday,Morning,7:30 AM,12:30 PM
AV-02226,20252,FA-029,Friday,Afternoon,12:30 PM,5:30 PM
AV-02227,20252,FA-029,Friday,Evening,5:30 PM,10:30 PM
AV-02228,20252,FA-029,Saturday,Morning,7:30 AM,12:30 PM
AV-02229,20252,FA-029,Saturday,Afternoon,12:30 PM,5:30 PM
AV-02230,20252,FA-030,Tuesday,Afternoon,12:30 PM,5:30 PM
AV-02231,20252,FA-030,Tuesday,Evening,5:30 PM,10:30 PM
AV-02232,20252,FA-030,Wednesday,Afternoon,12:30 PM,5:30 PM
AV-02233,20252,FA-030,Wednesday,Evening,5:30 PM,10:30 PM
AV-02234,20252,FA-030,Thursday,Afternoon,12:30 PM,5:30 PM
AV-02235,20252,FA-030,Thursday,Evening,5:30 PM,10:30 PM
AV-02236,20252,FA-030,Friday,Morning,7:30 AM,12:30 PM
AV-02237,20252,FA-030,Friday,Evening,5:30 PM,10:30 PM
AV-02238,20252,FA-030,Saturday,Evening,5:30 PM,10:30 PM
AV-02239,20252,FA-031,Tuesday,Morning,7:30 AM,12:30 PM
AV-02240,20252,FA-031,Tuesday,Afternoon,12:30 PM,5:30 PM
AV-02241,20252,FA-031,Tuesday,Evening,5:30 PM,10:30 PM
AV-02242,20252,FA-031,Wednesday,Morning,7:30 AM,12:30 PM
AV-02243,20252,FA-031,Friday,Morning,7:30 AM,12:30 PM
AV-02244,20252,FA-031,Saturday,Morning,7:30 AM,12:30 PM
AV-02245,20252,FA-031,Saturday,Afternoon,12:30 PM,5:30 PM
AV-02246,20252,FA-032,Monday,Morning,7:30 AM,12:30 PM
AV-02247,20252,FA-032,Wednesday,Morning,7:30 AM,12:30 PM
AV-02248,20252,FA-032,Wednesday,Afternoon,12:30 PM,5:30 PM
AV-02249,20252,FA-032,Thursday,Morning,7:30 AM,12:30 PM
AV-02250,20252,FA-032,Friday,Afternoon,12:30 PM,5:30 PM
AV-02251,20252,FA-032,Friday,Evening,5:30 PM,10:30 PM
AV-02252,20252,FA-032,Saturday,Morning,7:30 AM,12:30 PM
AV-02253,20252,FA-033,Monday,Morning,7:30 AM,12:30 PM
AV-02254,20252,FA-033,Monday,Afternoon,12:30 PM,5:30 PM
AV-02255,20252,FA-033,Monday,Evening,5:30 PM,10:30 PM
AV-02256,20252,FA-033,Tuesday,Afternoon,12:30 PM,5:30 PM
AV-02257,20252,FA-033,Tuesday,Evening,5:30 PM,10:30 PM
AV-02258,20252,FA-033,Wednesday,Morning,7:30 AM,12:30 PM
AV-02259,20252,FA-033,Thursday,Afternoon,12:30 PM,5:30 PM
AV-02260,20252,FA-033,Thursday,Evening,5:30 PM,10:30 PM
AV-02261,20252,FA-033,Friday,Afternoon,12:30 PM,5:30 PM
AV-02262,20252,FA-033,Saturday,Morning,7:30 AM,12:30 PM
AV-02263,20252,FA-034,Monday,Morning,7:30 AM,12:30 PM
AV-02264,20252,FA-034,Monday,Afternoon,12:30 PM,5:30 PM
AV-02265,20252,FA-034,Monday,Evening,5:30 PM,10:30 PM
AV-02266,20252,FA-034,Wednesday,Morning,7:30 AM,12:30 PM
AV-02267,20252,FA-034,Thursday,Evening,5:30 PM,10:30 PM
AV-02268,20252,FA-034,Friday,Afternoon,12:30 PM,5:30 PM
AV-02269,20252,FA-034,Saturday,Morning,7:30 AM,12:30 PM
AV-02270,20252,FA-035,Monday,Morning,7:30 AM,12:30 PM
AV-02271,20252,FA-035,Monday,Evening,5:30 PM,10:30 PM
AV-02272,20252,FA-035,Wednesday,Afternoon,12:30 PM,5:30 PM
AV-02273,20252,FA-035,Wednesday,Evening,5:30 PM,10:30 PM
AV-02274,20252,FA-035,Friday,Morning,7:30 AM,12:30 PM
AV-02275,20252,FA-035,Friday,Afternoon,12:30 PM,5:30 PM
AV-02276,20252,FA-035,Friday,Evening,5:30 PM,10:30 PM
AV-02277,20252,FA-035,Saturday,Morning,7:30 AM,12:30 PM
AV-02278,20252,FA-035,Saturday,Afternoon,12:30 PM,5:30 PM
AV-02279,20252,FA-036,Monday,Morning,7:30 AM,12:30 PM
AV-02280,20252,FA-036,Monday,Afternoon,12:30 PM,5:30 PM
AV-02281,20252,FA-036,Monday,Evening,5:30 PM,10:30 PM
AV-02282,20252,FA-036,Tuesday,Evening,5:30 PM,10:30 PM
AV-02283,20252,FA-036,Wednesday,Afternoon,12:30 PM,5:30 PM
AV-02284,20252,FA-036,Thursday,Morning,7:30 AM,12:30 PM
AV-02285,20252,FA-036,Friday,Morning,7:30 AM,12:30 PM
AV-02286,20252,FA-037,Monday,Morning,7:30 AM,12:30 PM
AV-02287,20252,FA-037,Monday,Afternoon,12:30 PM,5:30 PM
AV-02288,20252,FA-037,Monday,Evening,5:30 PM,10:30 PM
AV-02289,20252,FA-037,Tuesday,Afternoon,12:30 PM,5:30 PM
AV-02290,20252,FA-037,Tuesday,Evening,5:30 PM,10:30 PM
AV-02291,20252,FA-037,Wednesday,Morning,7:30 AM,12:30 PM
AV-02292,20252,FA-037,Thursday,Morning,7:30 AM,12:30 PM
AV-02293,20252,FA-037,Thursday,Afternoon,12:30 PM,5:30 PM
AV-02294,20252,FA-037,Thursday,Evening,5:30 PM,10:30 PM
AV-02295,20252,FA-037,Friday,Morning,7:30 AM,12:30 PM
AV-02296,20252,FA-037,Friday,Afternoon,12:30 PM,5:30 PM
AV-02297,20252,FA-037,Friday,Evening,5:30 PM,10:30 PM
AV-02298,20252,FA-037,Saturday,Morning,7:30 AM,12:30 PM
AV-02299,20252,FA-037,Saturday,Afternoon,12:30 PM,5:30 PM
AV-02300,20252,FA-037,Saturday,Evening,5:30 PM,10:30 PM
AV-02301,20252,FA-038,Monday,Morning,7:30 AM,12:30 PM
AV-02302,20252,FA-038,Tuesday,Afternoon,12:30 PM,5:30 PM
AV-02303,20252,FA-038,Friday,Morning,7:30 AM,12:30 PM
AV-02304,20252,FA-038,Saturday,Evening,5:30 PM,10:30 PM
AV-02305,20252,FA-039,Monday,Morning,7:30 AM,12:30 PM
AV-02306,20252,FA-039,Monday,Afternoon,12:30 PM,5:30 PM
AV-02307,20252,FA-039,Monday,Evening,5:30 PM,10:30 PM
AV-02308,20252,FA-039,Tuesday,Afternoon,12:30 PM,5:30 PM
AV-02309,20252,FA-039,Tuesday,Evening,5:30 PM,10:30 PM
AV-02310,20252,FA-039,Wednesday,Morning,7:30 AM,12:30 PM
AV-02311,20252,FA-039,Wednesday,Afternoon,12:30 PM,5:30 PM
AV-02312,20252,FA-039,Thursday,Evening,5:30 PM,10:30 PM
AV-02313,20252,FA-039,Friday,Morning,7:30 AM,12:30 PM
AV-02314,20252,FA-039,Friday,Afternoon,12:30 PM,5:30 PM
AV-02315,20252,FA-039,Friday,Evening,5:30 PM,10:30 PM
AV-02316,20252,FA-039,Saturday,Afternoon,12:30 PM,5:30 PM
AV-02317,20252,FA-039,Saturday,Evening,5:30 PM,10:30 PM
AV-02318,20252,FA-040,Monday,Afternoon,12:30 PM,5:30 PM
AV-02319,20252,FA-040,Monday,Evening,5:30 PM,10:30 PM
AV-02320,20252,FA-040,Tuesday,Morning,7:30 AM,12:30 PM
AV-02321,20252,FA-040,Tuesday,Afternoon,12:30 PM,5:30 PM
AV-02322,20252,FA-040,Tuesday,Evening,5:30 PM,10:30 PM
AV-02323,20252,FA-040,Wednesday,Morning,7:30 AM,12:30 PM
AV-02324,20252,FA-040,Wednesday,Afternoon,12:30 PM,5:30 PM
AV-02325,20252,FA-040,Wednesday,Evening,5:30 PM,10:30 PM
AV-02326,20252,FA-040,Thursday,Morning,7:30 AM,12:30 PM
AV-02327,20252,FA-040,Thursday,Afternoon,12:30 PM,5:30 PM
AV-02328,20252,FA-040,Saturday,Morning,7:30 AM,12:30 PM
AV-02329,20252,FA-040,Saturday,Afternoon,12:30 PM,5:30 PM
AV-02330,20252,FA-040,Saturday,Evening,5:30 PM,10:30 PM
AV-02331,20252,FA-041,Monday,Afternoon,12:30 PM,5:30 PM
AV-02332,20252,FA-041,Monday,Evening,5:30 PM,10:30 PM
AV-02333,20252,FA-041,Tuesday,Afternoon,12:30 PM,5:30 PM
AV-02334,20252,FA-041,Wednesday,Afternoon,12:30 PM,5:30 PM
AV-02335,20252,FA-041,Wednesday,Evening,5:30 PM,10:30 PM
AV-02336,20252,FA-041,Friday,Evening,5:30 PM,10:30 PM
AV-02337,20252,FA-041,Saturday,Morning,7:30 AM,12:30 PM
AV-02338,20252,FA-041,Saturday,Afternoon,12:30 PM,5:30 PM
AV-02339,20252,FA-041,Saturday,Evening,5:30 PM,10:30 PM
AV-02340,20252,FA-042,Monday,Morning,7:30 AM,12:30 PM
AV-02341,20252,FA-042,Wednesday,Morning,7:30 AM,12:30 PM
AV-02342,20252,FA-042,Wednesday,Afternoon,12:30 PM,5:30 PM
AV-02343,20252,FA-042,Thursday,Morning,7:30 AM,12:30 PM
AV-02344,20252,FA-042,Thursday,Afternoon,12:30 PM,5:30 PM
AV-02345,20252,FA-042,Thursday,Evening,5:30 PM,10:30 PM
AV-02346,20252,FA-042,Friday,Morning,7:30 AM,12:30 PM
AV-02347,20252,FA-042,Friday,Evening,5:30 PM,10:30 PM
AV-02348,20252,FA-042,Saturday,Afternoon,12:30 PM,5:30 PM
AV-02349,20252,FA-042,Saturday,Evening,5:30 PM,10:30 PM
AV-02350,20252,FA-043,Tuesday,Afternoon,12:30 PM,5:30 PM
AV-02351,20252,FA-043,Wednesday,Morning,7:30 AM,12:30 PM
AV-02352,20252,FA-043,Wednesday,Afternoon,12:30 PM,5:30 PM
AV-02353,20252,FA-043,Wednesday,Evening,5:30 PM,10:30 PM
AV-02354,20252,FA-043,Thursday,Morning,7:30 AM,12:30 PM
AV-02355,20252,FA-043,Thursday,Afternoon,12:30 PM,5:30 PM
AV-02356,20252,FA-043,Friday,Afternoon,12:30 PM,5:30 PM
AV-02357,20252,FA-043,Friday,Evening,5:30 PM,10:30 PM
AV-02358,20252,FA-043,Saturday,Morning,7:30 AM,12:30 PM
AV-02359,20252,FA-043,Saturday,Afternoon,12:30 PM,5:30 PM
AV-02360,20252,FA-044,Monday,Morning,7:30 AM,12:30 PM
AV-02361,20252,FA-044,Tuesday,Morning,7:30 AM,12:30 PM
AV-02362,20252,FA-044,Tuesday,Afternoon,12:30 PM,5:30 PM
AV-02363,20252,FA-044,Tuesday,Evening,5:30 PM,10:30 PM
AV-02364,20252,FA-044,Wednesday,Morning,7:30 AM,12:30 PM
AV-02365,20252,FA-044,Wednesday,Afternoon,12:30 PM,5:30 PM
AV-02366,20252,FA-044,Wednesday,Evening,5:30 PM,10:30 PM
AV-02367,20252,FA-044,Thursday,Morning,7:30 AM,12:30 PM
AV-02368,20252,FA-044,Thursday,Afternoon,12:30 PM,5:30 PM
AV-02369,20252,FA-044,Friday,Afternoon,12:30 PM,5:30 PM
AV-02370,20252,FA-044,Saturday,Morning,7:30 AM,12:30 PM
AV-02371,20252,FA-044,Saturday,Afternoon,12:30 PM,5:30 PM
AV-02372,20252,FA-045,Monday,Evening,5:30 PM,10:30 PM
AV-02373,20252,FA-045,Tuesday,Morning,7:30 AM,12:30 PM
AV-02374,20252,FA-045,Tuesday,Evening,5:30 PM,10:30 PM
AV-02375,20252,FA-045,Wednesday,Evening,5:30 PM,10:30 PM
AV-02376,20252,FA-045,Thursday,Morning,7:30 AM,12:30 PM
AV-02377,20252,FA-045,Friday,Morning,7:30 AM,12:30 PM
AV-02378,20252,FA-045,Saturday,Morning,7:30 AM,12:30 PM
AV-02379,20252,FA-045,Saturday,Afternoon,12:30 PM,5:30 PM
AV-02380,20252,FA-045,Saturday,Evening,5:30 PM,10:30 PM
AV-02381,20252,FA-046,Monday,Afternoon,12:30 PM,5:30 PM
AV-02382,20252,FA-046,Monday,Evening,5:30 PM,10:30 PM
AV-02383,20252,FA-046,Wednesday,Morning,7:30 AM,12:30 PM
AV-02384,20252,FA-046,Wednesday,Evening,5:30 PM,10:30 PM
AV-02385,20252,FA-046,Thursday,Morning,7:30 AM,12:30 PM
AV-02386,20252,FA-046,Thursday,Evening,5:30 PM,10:30 PM
AV-02387,20252,FA-046,Friday,Morning,7:30 AM,12:30 PM
AV-02388,20252,FA-046,Friday,Evening,5:30 PM,10:30 PM
AV-02389,20252,FA-046,Saturday,Morning,7:30 AM,12:30 PM
AV-02390,20252,FA-047,Monday,Morning,7:30 AM,12:30 PM
AV-02391,20252,FA-047,Monday,Afternoon,12:30 PM,5:30 PM
AV-02392,20252,FA-047,Monday,Evening,5:30 PM,10:30 PM
AV-02393,20252,FA-047,Tuesday,Morning,7:30 AM,12:30 PM
AV-02394,20252,FA-047,Wednesday,Evening,5:30 PM,10:30 PM
AV-02395,20252,FA-047,Thursday,Morning,7:30 AM,12:30 PM
AV-02396,20252,FA-047,Thursday,Afternoon,12:30 PM,5:30 PM
AV-02397,20252,FA-047,Thursday,Evening,5:30 PM,10:30 PM
AV-02398,20252,FA-047,Friday,Evening,5:30 PM,10:30 PM
AV-02399,20252,FA-048,Tuesday,Afternoon,12:30 PM,5:30 PM
AV-02400,20252,FA-048,Tuesday,Evening,5:30 PM,10:30 PM
AV-02401,20252,FA-048,Wednesday,Morning,7:30 AM,12:30 PM
AV-02402,20252,FA-048,Wednesday,Afternoon,12:30 PM,5:30 PM
AV-02403,20252,FA-048,Wednesday,Evening,5:30 PM,10:30 PM
AV-02404,20252,FA-048,Thursday,Morning,7:30 AM,12:30 PM
AV-02405,20252,FA-048,Thursday,Afternoon,12:30 PM,5:30 PM
AV-02406,20252,FA-048,Friday,Afternoon,12:30 PM,5:30 PM
AV-02407,20252,FA-048,Friday,Evening,5:30 PM,10:30 PM
AV-02408,20252,FA-048,Saturday,Morning,7:30 AM,12:30 PM
AV-02409,20252,FA-048,Saturday,Afternoon,12:30 PM,5:30 PM
AV-02410,20252,FA-048,Saturday,Evening,5:30 PM,10:30 PM
AV-02411,20252,FA-049,Monday,Morning,7:30 AM,12:30 PM
AV-02412,20252,FA-049,Monday,Afternoon,12:30 PM,5:30 PM
AV-02413,20252,FA-049,Monday,Evening,5:30 PM,10:30 PM
AV-02414,20252,FA-049,Tuesday,Morning,7:30 AM,12:30 PM
AV-02415,20252,FA-049,Tuesday,Afternoon,12:30 PM,5:30 PM
AV-02416,20252,FA-049,Tuesday,Evening,5:30 PM,10:30 PM
AV-02417,20252,FA-049,Wednesday,Morning,7:30 AM,12:30 PM
AV-02418,20252,FA-049,Wednesday,Afternoon,12:30 PM,5:30 PM
AV-02419,20252,FA-049,Wednesday,Evening,5:30 PM,10:30 PM
AV-02420,20252,FA-049,Thursday,Morning,7:30 AM,12:30 PM
AV-02421,20252,FA-049,Friday,Morning,7:30 AM,12:30 PM
AV-02422,20252,FA-049,Friday,Afternoon,12:30 PM,5:30 PM
AV-02423,20252,FA-050,Monday,Morning,7:30 AM,12:30 PM
AV-02424,20252,FA-050,Monday,Evening,5:30 PM,10:30 PM
AV-02425,20252,FA-050,Thursday,Morning,7:30 AM,12:30 PM
AV-02426,20252,FA-050,Thursday,Evening,5:30 PM,10:30 PM
AV-02427,20252,FA-050,Friday,Morning,7:30 AM,12:30 PM
AV-02428,20252,FA-050,Friday,Afternoon,12:30 PM,5:30 PM
AV-02429,20252,FA-050,Friday,Evening,5:30 PM,10:30 PM
AV-02430,20252,FA-050,Saturday,Morning,7:30 AM,12:30 PM
AV-02431,20252,FA-050,Saturday,Afternoon,12:30 PM,5:30 PM
AV-02432,20252,FA-051,Tuesday,Morning,7:30 AM,12:30 PM
AV-02433,20252,FA-051,Wednesday,Morning,7:30 AM,12:30 PM
AV-02434,20252,FA-051,Wednesday,Afternoon,12:30 PM,5:30 PM
AV-02435,20252,FA-051,Wednesday,Evening,5:30 PM,10:30 PM
AV-02436,20252,FA-051,Thursday,Morning,7:30 AM,12:30 PM
AV-02437,20252,FA-051,Thursday,Afternoon,12:30 PM,5:30 PM
AV-02438,20252,FA-051,Thursday,Evening,5:30 PM,10:30 PM
AV-02439,20252,FA-051,Friday,Morning,7:30 AM,12:30 PM
AV-02440,20252,FA-051,Friday,Afternoon,12:30 PM,5:30 PM
AV-02441,20252,FA-051,Friday,Evening,5:30 PM,10:30 PM
AV-02442,20252,FA-051,Saturday,Afternoon,12:30 PM,5:30 PM
AV-02443,20252,FA-051,Saturday,Evening,5:30 PM,10:30 PM
AV-02444,20252,FA-052,Tuesday,Morning,7:30 AM,12:30 PM
AV-02445,20252,FA-052,Tuesday,Afternoon,12:30 PM,5:30 PM
AV-02446,20252,FA-052,Tuesday,Evening,5:30 PM,10:30 PM
AV-02447,20252,FA-052,Wednesday,Morning,7:30 AM,12:30 PM
AV-02448,20252,FA-052,Thursday,Morning,7:30 AM,12:30 PM
AV-02449,20252,FA-052,Thursday,Afternoon,12:30 PM,5:30 PM
AV-02450,20252,FA-052,Thursday,Evening,5:30 PM,10:30 PM
AV-02451,20252,FA-052,Friday,Morning,7:30 AM,12:30 PM
AV-02452,20252,FA-052,Saturday,Evening,5:30 PM,10:30 PM
AV-02453,20252,FA-053,Monday,Afternoon,12:30 PM,5:30 PM
AV-02454,20252,FA-053,Monday,Evening,5:30 PM,10:30 PM
AV-02455,20252,FA-053,Wednesday,Morning,7:30 AM,12:30 PM
AV-02456,20252,FA-053,Wednesday,Evening,5:30 PM,10:30 PM
AV-02457,20252,FA-053,Thursday,Morning,7:30 AM,12:30 PM
AV-02458,20252,FA-053,Thursday,Afternoon,12:30 PM,5:30 PM
AV-02459,20252,FA-053,Friday,Evening,5:30 PM,10:30 PM
AV-02460,20252,FA-053,Saturday,Morning,7:30 AM,12:30 PM
AV-02461,20252,FA-053,Saturday,Afternoon,12:30 PM,5:30 PM
AV-02462,20252,FA-054,Monday,Morning,7:30 AM,12:30 PM
AV-02463,20252,FA-054,Monday,Afternoon,12:30 PM,5:30 PM
AV-02464,20252,FA-054,Monday,Evening,5:30 PM,10:30 PM
AV-02465,20252,FA-054,Tuesday,Evening,5:30 PM,10:30 PM
AV-02466,20252,FA-054,Wednesday,Evening,5:30 PM,10:30 PM
AV-02467,20252,FA-054,Thursday,Afternoon,12:30 PM,5:30 PM
AV-02468,20252,FA-054,Thursday,Evening,5:30 PM,10:30 PM
AV-02469,20252,FA-054,Friday,Afternoon,12:30 PM,5:30 PM
AV-02470,20252,FA-054,Friday,Evening,5:30 PM,10:30 PM
AV-02471,20252,FA-054,Saturday,Morning,7:30 AM,12:30 PM
AV-02472,20252,FA-054,Saturday,Afternoon,12:30 PM,5:30 PM
AV-02473,20252,FA-054,Saturday,Evening,5:30 PM,10:30 PM
AV-02474,20253,FA-000,Tuesday,Evening,5:30 PM,10:30 PM
AV-02475,20253,FA-000,Wednesday,Morning,7:30 AM,12:30 PM
AV-02476,20253,FA-000,Wednesday,Afternoon,12:30 PM,5:30 PM
AV-02477,20253,FA-000,Thursday,Afternoon,12:30 PM,5:30 PM
AV-02478,20253,FA-001,Monday,Morning,7:30 AM,12:30 PM
AV-02479,20253,FA-001,Monday,Afternoon,12:30 PM,5:30 PM
AV-02480,20253,FA-001,Monday,Evening,5:30 PM,10:30 PM
AV-02481,20253,FA-001,Wednesday,Morning,7:30 AM,12:30 PM
AV-02482,20253,FA-002,Monday,Morning,7:30 AM,12:30 PM
AV-02483,20253,FA-002,Thursday,Morning,7:30 AM,12:30 PM
AV-02484,20253,FA-002,Saturday,Morning,7:30 AM,12:30 PM
AV-02485,20253,FA-002,Saturday,Afternoon,12:30 PM,5:30 PM
AV-02486,20253,FA-003,Tuesday,Morning,7:30 AM,12:30 PM
AV-02487,20253,FA-003,Wednesday,Afternoon,12:30 PM,5:30 PM
AV-02488,20253,FA-003,Saturday,Morning,7:30 AM,12:30 PM
AV-02489,20253,FA-003,Saturday,Afternoon,12:30 PM,5:30 PM
AV-02490,20253,FA-004,Monday,Morning,7:30 AM,12:30 PM
AV-02491,20253,FA-004,Monday,Afternoon,12:30 PM,5:30 PM
AV-02492,20253,FA-004,Tuesday,Morning,7:30 AM,12:30 PM
AV-02493,20253,FA-004,Friday,Evening,5:30 PM,10:30 PM
AV-02494,20253,FA-005,Tuesday,Evening,5:30 PM,10:30 PM
AV-02495,20253,FA-005,Wednesday,Evening,5:30 PM,10:30 PM
AV-02496,20253,FA-005,Friday,Morning,7:30 AM,12:30 PM
AV-02497,20253,FA-005,Friday,Evening,5:30 PM,10:30 PM
AV-02498,20253,FA-006,Monday,Morning,7:30 AM,12:30 PM
AV-02499,20253,FA-006,Monday,Evening,5:30 PM,10:30 PM
AV-02500,20253,FA-006,Wednesday,Morning,7:30 AM,12:30 PM
AV-02501,20253,FA-006,Saturday,Afternoon,12:30 PM,5:30 PM
AV-02502,20253,FA-007,Tuesday,Evening,5:30 PM,10:30 PM
AV-02503,20253,FA-007,Wednesday,Evening,5:30 PM,10:30 PM
AV-02504,20253,FA-007,Friday,Morning,7:30 AM,12:30 PM
AV-02505,20253,FA-007,Saturday,Evening,5:30 PM,10:30 PM
AV-02506,20253,FA-008,Monday,Afternoon,12:30 PM,5:30 PM
AV-02507,20253,FA-008,Wednesday,Afternoon,12:30 PM,5:30 PM
AV-02508,20253,FA-008,Wednesday,Evening,5:30 PM,10:30 PM
AV-02509,20253,FA-008,Thursday,Evening,5:30 PM,10:30 PM
AV-02510,20253,FA-009,Monday,Evening,5:30 PM,10:30 PM
AV-02511,20253,FA-009,Thursday,Evening,5:30 PM,10:30 PM
AV-02512,20253,FA-009,Friday,Morning,7:30 AM,12:30 PM
AV-02513,20253,FA-009,Friday,Afternoon,12:30 PM,5:30 PM
AV-02514,20253,FA-010,Monday,Morning,7:30 AM,12:30 PM
AV-02515,20253,FA-010,Tuesday,Morning,7:30 AM,12:30 PM
AV-02516,20253,FA-010,Thursday,Afternoon,12:30 PM,5:30 PM
AV-02517,20253,FA-010,Friday,Evening,5:30 PM,10:30 PM
AV-02518,20253,FA-011,Monday,Morning,7:30 AM,12:30 PM
AV-02519,20253,FA-011,Monday,Evening,5:30 PM,10:30 PM
AV-02520,20253,FA-011,Tuesday,Afternoon,12:30 PM,5:30 PM
AV-02521,20253,FA-011,Saturday,Morning,7:30 AM,12:30 PM
AV-02522,20253,FA-012,Tuesday,Morning,7:30 AM,12:30 PM
AV-02523,20253,FA-012,Thursday,Evening,5:30 PM,10:30 PM
AV-02524,20253,FA-012,Friday,Afternoon,12:30 PM,5:30 PM
AV-02525,20253,FA-012,Saturday,Evening,5:30 PM,10:30 PM
AV-02526,20253,FA-013,Tuesday,Afternoon,12:30 PM,5:30 PM
AV-02527,20253,FA-013,Wednesday,Morning,7:30 AM,12:30 PM
AV-02528,20253,FA-013,Friday,Afternoon,12:30 PM,5:30 PM
AV-02529,20253,FA-013,Saturday,Evening,5:30 PM,10:30 PM
AV-02530,20253,FA-014,Monday,Morning,7:30 AM,12:30 PM
AV-02531,20253,FA-014,Monday,Evening,5:30 PM,10:30 PM
AV-02532,20253,FA-014,Tuesday,Afternoon,12:30 PM,5:30 PM
AV-02533,20253,FA-014,Thursday,Morning,7:30 AM,12:30 PM
AV-02534,20253,FA-015,Wednesday,Afternoon,12:30 PM,5:30 PM
AV-02535,20253,FA-015,Wednesday,Evening,5:30 PM,10:30 PM
AV-02536,20253,FA-015,Friday,Morning,7:30 AM,12:30 PM
AV-02537,20253,FA-015,Saturday,Morning,7:30 AM,12:30 PM
AV-02538,20253,FA-016,Wednesday,Afternoon,12:30 PM,5:30 PM
AV-02539,20253,FA-016,Thursday,Evening,5:30 PM,10:30 PM
AV-02540,20253,FA-016,Friday,Morning,7:30 AM,12:30 PM
AV-02541,20253,FA-016,Saturday,Morning,7:30 AM,12:30 PM
AV-02542,20253,FA-017,Monday,Afternoon,12:30 PM,5:30 PM
AV-02543,20253,FA-017,Tuesday,Evening,5:30 PM,10:30 PM
AV-02544,20253,FA-017,Wednesday,Morning,7:30 AM,12:30 PM
AV-02545,20253,FA-017,Thursday,Evening,5:30 PM,10:30 PM
AV-02546,20253,FA-018,Monday,Evening,5:30 PM,10:30 PM
AV-02547,20253,FA-018,Wednesday,Morning,7:30 AM,12:30 PM
AV-02548,20253,FA-018,Saturday,Afternoon,12:30 PM,5:30 PM
AV-02549,20253,FA-018,Saturday,Evening,5:30 PM,10:30 PM
AV-02550,20253,FA-019,Thursday,Morning,7:30 AM,12:30 PM
AV-02551,20253,FA-019,Thursday,Evening,5:30 PM,10:30 PM
AV-02552,20253,FA-019,Friday,Afternoon,12:30 PM,5:30 PM
AV-02553,20253,FA-019,Saturday,Evening,5:30 PM,10:30 PM
AV-02554,20253,FA-020,Monday,Evening,5:30 PM,10:30 PM
AV-02555,20253,FA-020,Tuesday,Afternoon,12:30 PM,5:30 PM
AV-02556,20253,FA-020,Thursday,Afternoon,12:30 PM,5:30 PM
AV-02557,20253,FA-020,Saturday,Afternoon,12:30 PM,5:30 PM
AV-02558,20253,FA-021,Monday,Morning,7:30 AM,12:30 PM
AV-02559,20253,FA-021,Monday,Evening,5:30 PM,10:30 PM
AV-02560,20253,FA-021,Friday,Evening,5:30 PM,10:30 PM
AV-02561,20253,FA-021,Saturday,Morning,7:30 AM,12:30 PM
AV-02562,20253,FA-022,Tuesday,Morning,7:30 AM,12:30 PM
AV-02563,20253,FA-022,Wednesday,Morning,7:30 AM,12:30 PM
AV-02564,20253,FA-022,Wednesday,Evening,5:30 PM,10:30 PM
AV-02565,20253,FA-022,Friday,Morning,7:30 AM,12:30 PM
AV-02566,20253,FA-023,Monday,Evening,5:30 PM,10:30 PM
AV-02567,20253,FA-023,Tuesday,Morning,7:30 AM,12:30 PM
AV-02568,20253,FA-023,Wednesday,Morning,7:30 AM,12:30 PM
AV-02569,20253,FA-023,Saturday,Morning,7:30 AM,12:30 PM
AV-02570,20253,FA-024,Tuesday,Morning,7:30 AM,12:30 PM
AV-02571,20253,FA-024,Tuesday,Afternoon,12:30 PM,5:30 PM
AV-02572,20253,FA-024,Friday,Morning,7:30 AM,12:30 PM
AV-02573,20253,FA-024,Friday,Evening,5:30 PM,10:30 PM
AV-02574,20253,FA-025,Wednesday,Afternoon,12:30 PM,5:30 PM
AV-02575,20253,FA-025,Thursday,Evening,5:30 PM,10:30 PM
AV-02576,20253,FA-025,Friday,Afternoon,12:30 PM,5:30 PM
AV-02577,20253,FA-025,Saturday,Morning,7:30 AM,12:30 PM
AV-02578,20253,FA-026,Tuesday,Morning,7:30 AM,12:30 PM
AV-02579,20253,FA-026,Wednesday,Evening,5:30 PM,10:30 PM
AV-02580,20253,FA-026,Friday,Afternoon,12:30 PM,5:30 PM
AV-02581,20253,FA-026,Saturday,Evening,5:30 PM,10:30 PM
AV-02582,20253,FA-027,Tuesday,Evening,5:30 PM,10:30 PM
AV-02583,20253,FA-027,Thursday,Afternoon,12:30 PM,5:30 PM
AV-02584,20253,FA-027,Thursday,Evening,5:30 PM,10:30 PM
AV-02585,20253,FA-027,Friday,Afternoon,12:30 PM,5:30 PM
AV-02586,20253,FA-028,Monday,Morning,7:30 AM,12:30 PM
AV-02587,20253,FA-028,Thursday,Afternoon,12:30 PM,5:30 PM
AV-02588,20253,FA-028,Friday,Evening,5:30 PM,10:30 PM
AV-02589,20253,FA-028,Saturday,Morning,7:30 AM,12:30 PM
AV-02590,20253,FA-029,Tuesday,Evening,5:30 PM,10:30 PM
AV-02591,20253,FA-029,Friday,Afternoon,12:30 PM,5:30 PM
AV-02592,20253,FA-029,Saturday,Afternoon,12:30 PM,5:30 PM
AV-02593,20253,FA-029,Saturday,Evening,5:30 PM,10:30 PM
AV-02594,20253,FA-030,Monday,Afternoon,12:30 PM,5:30 PM
AV-02595,20253,FA-030,Wednesday,Afternoon,12:30 PM,5:30 PM
AV-02596,20253,FA-030,Wednesday,Evening,5:30 PM,10:30 PM
AV-02597,20253,FA-030,Friday,Afternoon,12:30 PM,5:30 PM
AV-02598,20253,FA-031,Monday,Afternoon,12:30 PM,5:30 PM
AV-02599,20253,FA-031,Wednesday,Afternoon,12:30 PM,5:30 PM
AV-02600,20253,FA-031,Friday,Morning,7:30 AM,12:30 PM
AV-02601,20253,FA-031,Friday,Evening,5:30 PM,10:30 PM
AV-02602,20253,FA-032,Tuesday,Afternoon,12:30 PM,5:30 PM
AV-02603,20253,FA-032,Thursday,Morning,7:30 AM,12:30 PM
AV-02604,20253,FA-032,Friday,Morning,7:30 AM,12:30 PM
AV-02605,20253,FA-032,Saturday,Evening,5:30 PM,10:30 PM
AV-02606,20253,FA-033,Monday,Evening,5:30 PM,10:30 PM
AV-02607,20253,FA-033,Wednesday,Evening,5:30 PM,10:30 PM
AV-02608,20253,FA-033,Saturday,Morning,7:30 AM,12:30 PM
AV-02609,20253,FA-033,Saturday,Evening,5:30 PM,10:30 PM
AV-02610,20253,FA-034,Monday,Afternoon,12:30 PM,5:30 PM
AV-02611,20253,FA-034,Wednesday,Morning,7:30 AM,12:30 PM
AV-02612,20253,FA-034,Thursday,Afternoon,12:30 PM,5:30 PM
AV-02613,20253,FA-034,Friday,Evening,5:30 PM,10:30 PM
AV-02614,20253,FA-035,Monday,Afternoon,12:30 PM,5:30 PM
AV-02615,20253,FA-035,Tuesday,Morning,7:30 AM,12:30 PM
AV-02616,20253,FA-035,Friday,Afternoon,12:30 PM,5:30 PM
AV-02617,20253,FA-035,Saturday,Morning,7:30 AM,12:30 PM
AV-02618,20253,FA-036,Tuesday,Evening,5:30 PM,10:30 PM
AV-02619,20253,FA-036,Thursday,Afternoon,12:30 PM,5:30 PM
AV-02620,20253,FA-036,Friday,Evening,5:30 PM,10:30 PM
AV-02621,20253,FA-036,Saturday,Morning,7:30 AM,12:30 PM
AV-02622,20253,FA-037,Tuesday,Morning,7:30 AM,12:30 PM
AV-02623,20253,FA-037,Wednesday,Morning,7:30 AM,12:30 PM
AV-02624,20253,FA-037,Friday,Morning,7:30 AM,12:30 PM
AV-02625,20253,FA-037,Saturday,Morning,7:30 AM,12:30 PM
AV-02626,20253,FA-038,Monday,Morning,7:30 AM,12:30 PM
AV-02627,20253,FA-038,Thursday,Afternoon,12:30 PM,5:30 PM
AV-02628,20253,FA-038,Friday,Evening,5:30 PM,10:30 PM
AV-02629,20253,FA-038,Saturday,Morning,7:30 AM,12:30 PM
AV-02630,20253,FA-039,Monday,Afternoon,12:30 PM,5:30 PM
AV-02631,20253,FA-039,Monday,Evening,5:30 PM,10:30 PM
AV-02632,20253,FA-039,Tuesday,Afternoon,12:30 PM,5:30 PM
AV-02633,20253,FA-039,Wednesday,Evening,5:30 PM,10:30 PM
AV-02634,20253,FA-040,Wednesday,Morning,7:30 AM,12:30 PM
AV-02635,20253,FA-040,Thursday,Morning,7:30 AM,12:30 PM
AV-02636,20253,FA-040,Friday,Morning,7:30 AM,12:30 PM
AV-02637,20253,FA-040,Saturday,Evening,5:30 PM,10:30 PM
AV-02638,20253,FA-041,Thursday,Afternoon,12:30 PM,5:30 PM
AV-02639,20253,FA-041,Thursday,Evening,5:30 PM,10:30 PM
AV-02640,20253,FA-041,Friday,Evening,5:30 PM,10:30 PM
AV-02641,20253,FA-041,Saturday,Morning,7:30 AM,12:30 PM
AV-02642,20253,FA-042,Tuesday,Evening,5:30 PM,10:30 PM
AV-02643,20253,FA-042,Saturday,Morning,7:30 AM,12:30 PM
AV-02644,20253,FA-042,Saturday,Afternoon,12:30 PM,5:30 PM
AV-02645,20253,FA-042,Saturday,Evening,5:30 PM,10:30 PM
AV-02646,20253,FA-043,Monday,Afternoon,12:30 PM,5:30 PM
AV-02647,20253,FA-043,Wednesday,Morning,7:30 AM,12:30 PM
AV-02648,20253,FA-043,Thursday,Evening,5:30 PM,10:30 PM
AV-02649,20253,FA-043,Friday,Afternoon,12:30 PM,5:30 PM
AV-02650,20253,FA-044,Monday,Afternoon,12:30 PM,5:30 PM
AV-02651,20253,FA-044,Tuesday,Evening,5:30 PM,10:30 PM
AV-02652,20253,FA-044,Friday,Morning,7:30 AM,12:30 PM
AV-02653,20253,FA-044,Saturday,Morning,7:30 AM,12:30 PM
AV-02654,20253,FA-045,Monday,Afternoon,12:30 PM,5:30 PM
AV-02655,20253,FA-045,Thursday,Afternoon,12:30 PM,5:30 PM
AV-02656,20253,FA-045,Friday,Morning,7:30 AM,12:30 PM
AV-02657,20253,FA-045,Friday,Afternoon,12:30 PM,5:30 PM
AV-02658,20253,FA-046,Monday,Morning,7:30 AM,12:30 PM
AV-02659,20253,FA-046,Monday,Afternoon,12:30 PM,5:30 PM
AV-02660,20253,FA-046,Tuesday,Afternoon,12:30 PM,5:30 PM
AV-02661,20253,FA-046,Wednesday,Afternoon,12:30 PM,5:30 PM
AV-02662,20253,FA-047,Monday,Morning,7:30 AM,12:30 PM
AV-02663,20253,FA-047,Wednesday,Morning,7:30 AM,12:30 PM
AV-02664,20253,FA-047,Wednesday,Afternoon,12:30 PM,5:30 PM
AV-02665,20253,FA-047,Saturday,Evening,5:30 PM,10:30 PM
AV-02666,20253,FA-048,Wednesday,Evening,5:30 PM,10:30 PM
AV-02667,20253,FA-048,Friday,Morning,7:30 AM,12:30 PM
AV-02668,20253,FA-048,Friday,Afternoon,12:30 PM,5:30 PM
AV-02669,20253,FA-048,Saturday,Morning,7:30 AM,12:30 PM
AV-02670,20253,FA-049,Tuesday,Morning,7:30 AM,12:30 PM
AV-02671,20253,FA-049,Thursday,Evening,5:30 PM,10:30 PM
AV-02672,20253,FA-049,Friday,Evening,5:30 PM,10:30 PM
AV-02673,20253,FA-049,Saturday,Evening,5:30 PM,10:30 PM
AV-02674,20253,FA-050,Tuesday,Evening,5:30 PM,10:30 PM
AV-02675,20253,FA-050,Wednesday,Afternoon,12:30 PM,5:30 PM
AV-02676,20253,FA-050,Thursday,Evening,5:30 PM,10:30 PM
AV-02677,20253,FA-050,Saturday,Morning,7:30 AM,12:30 PM
AV-02678,20253,FA-051,Monday,Afternoon,12:30 PM,5:30 PM
AV-02679,20253,FA-051,Tuesday,Afternoon,12:30 PM,5:30 PM
AV-02680,20253,FA-051,Friday,Morning,7:30 AM,12:30 PM
AV-02681,20253,FA-051,Saturday,Morning,7:30 AM,12:30 PM
AV-02682,20253,FA-052,Monday,Afternoon,12:30 PM,5:30 PM
AV-02683,20253,FA-052,Monday,Evening,5:30 PM,10:30 PM
AV-02684,20253,FA-052,Wednesday,Morning,7:30 AM,12:30 PM
AV-02685,20253,FA-052,Saturday,Afternoon,12:30 PM,5:30 PM
AV-02686,20253,FA-053,Monday,Morning,7:30 AM,12:30 PM
AV-02687,20253,FA-053,Thursday,Afternoon,12:30 PM,5:30 PM
AV-02688,20253,FA-053,Friday,Afternoon,12:30 PM,5:30 PM
AV-02689,20253,FA-053,Friday,Evening,5:30 PM,10:30 PM
AV-02690,20253,FA-054,Wednesday,Morning,7:30 AM,12:30 PM
AV-02691,20253,FA-054,Friday,Morning,7:30 AM,12:30 PM
AV-02692,20253,FA-054,Friday,Afternoon,12:30 PM,5:30 PM
AV-02693,20253,FA-054,Friday,Evening,5:30 PM,10:30 PM
AV-02694,20261,FA-000,Monday,Morning,7:30 AM,12:30 PM
AV-02695,20261,FA-000,Monday,Evening,5:30 PM,10:30 PM
AV-02696,20261,FA-000,Tuesday,Morning,7:30 AM,12:30 PM
AV-02697,20261,FA-000,Tuesday,Evening,5:30 PM,10:30 PM
AV-02698,20261,FA-000,Wednesday,Morning,7:30 AM,12:30 PM
AV-02699,20261,FA-000,Wednesday,Evening,5:30 PM,10:30 PM
AV-02700,20261,FA-000,Thursday,Morning,7:30 AM,12:30 PM
AV-02701,20261,FA-000,Thursday,Afternoon,12:30 PM,5:30 PM
AV-02702,20261,FA-000,Thursday,Evening,5:30 PM,10:30 PM
AV-02703,20261,FA-000,Friday,Afternoon,12:30 PM,5:30 PM
AV-02704,20261,FA-000,Saturday,Afternoon,12:30 PM,5:30 PM
AV-02705,20261,FA-000,Saturday,Evening,5:30 PM,10:30 PM
AV-02706,20261,FA-001,Monday,Morning,7:30 AM,12:30 PM
AV-02707,20261,FA-001,Monday,Afternoon,12:30 PM,5:30 PM
AV-02708,20261,FA-001,Monday,Evening,5:30 PM,10:30 PM
AV-02709,20261,FA-001,Tuesday,Morning,7:30 AM,12:30 PM
AV-02710,20261,FA-001,Tuesday,Afternoon,12:30 PM,5:30 PM
AV-02711,20261,FA-001,Tuesday,Evening,5:30 PM,10:30 PM
AV-02712,20261,FA-001,Wednesday,Morning,7:30 AM,12:30 PM
AV-02713,20261,FA-001,Wednesday,Afternoon,12:30 PM,5:30 PM
AV-02714,20261,FA-001,Wednesday,Evening,5:30 PM,10:30 PM
AV-02715,20261,FA-001,Thursday,Morning,7:30 AM,12:30 PM
AV-02716,20261,FA-001,Thursday,Evening,5:30 PM,10:30 PM
AV-02717,20261,FA-001,Friday,Morning,7:30 AM,12:30 PM
AV-02718,20261,FA-001,Friday,Afternoon,12:30 PM,5:30 PM
AV-02719,20261,FA-001,Saturday,Morning,7:30 AM,12:30 PM
AV-02720,20261,FA-001,Saturday,Afternoon,12:30 PM,5:30 PM
AV-02721,20261,FA-001,Saturday,Evening,5:30 PM,10:30 PM
AV-02722,20261,FA-002,Monday,Morning,7:30 AM,12:30 PM
AV-02723,20261,FA-002,Monday,Afternoon,12:30 PM,5:30 PM
AV-02724,20261,FA-002,Tuesday,Morning,7:30 AM,12:30 PM
AV-02725,20261,FA-002,Tuesday,Afternoon,12:30 PM,5:30 PM
AV-02726,20261,FA-002,Wednesday,Evening,5:30 PM,10:30 PM
AV-02727,20261,FA-002,Thursday,Afternoon,12:30 PM,5:30 PM
AV-02728,20261,FA-002,Friday,Morning,7:30 AM,12:30 PM
AV-02729,20261,FA-002,Saturday,Morning,7:30 AM,12:30 PM
AV-02730,20261,FA-002,Saturday,Afternoon,12:30 PM,5:30 PM
AV-02731,20261,FA-002,Saturday,Evening,5:30 PM,10:30 PM
AV-02732,20261,FA-003,Monday,Afternoon,12:30 PM,5:30 PM
AV-02733,20261,FA-003,Monday,Evening,5:30 PM,10:30 PM
AV-02734,20261,FA-003,Tuesday,Afternoon,12:30 PM,5:30 PM
AV-02735,20261,FA-003,Wednesday,Afternoon,12:30 PM,5:30 PM
AV-02736,20261,FA-003,Wednesday,Evening,5:30 PM,10:30 PM
AV-02737,20261,FA-003,Thursday,Morning,7:30 AM,12:30 PM
AV-02738,20261,FA-003,Thursday,Evening,5:30 PM,10:30 PM
AV-02739,20261,FA-003,Saturday,Morning,7:30 AM,12:30 PM
AV-02740,20261,FA-003,Saturday,Afternoon,12:30 PM,5:30 PM
AV-02741,20261,FA-004,Monday,Morning,7:30 AM,12:30 PM
AV-02742,20261,FA-004,Monday,Afternoon,12:30 PM,5:30 PM
AV-02743,20261,FA-004,Tuesday,Afternoon,12:30 PM,5:30 PM
AV-02744,20261,FA-004,Tuesday,Evening,5:30 PM,10:30 PM
AV-02745,20261,FA-004,Wednesday,Morning,7:30 AM,12:30 PM
AV-02746,20261,FA-004,Thursday,Morning,7:30 AM,12:30 PM
AV-02747,20261,FA-004,Thursday,Afternoon,12:30 PM,5:30 PM
AV-02748,20261,FA-004,Friday,Morning,7:30 AM,12:30 PM
AV-02749,20261,FA-004,Friday,Afternoon,12:30 PM,5:30 PM
AV-02750,20261,FA-004,Friday,Evening,5:30 PM,10:30 PM
AV-02751,20261,FA-004,Saturday,Morning,7:30 AM,12:30 PM
AV-02752,20261,FA-004,Saturday,Afternoon,12:30 PM,5:30 PM
AV-02753,20261,FA-004,Saturday,Evening,5:30 PM,10:30 PM
AV-02754,20261,FA-005,Monday,Morning,7:30 AM,12:30 PM
AV-02755,20261,FA-005,Monday,Afternoon,12:30 PM,5:30 PM
AV-02756,20261,FA-005,Monday,Evening,5:30 PM,10:30 PM
AV-02757,20261,FA-005,Tuesday,Morning,7:30 AM,12:30 PM
AV-02758,20261,FA-005,Tuesday,Evening,5:30 PM,10:30 PM
AV-02759,20261,FA-005,Wednesday,Morning,7:30 AM,12:30 PM
AV-02760,20261,FA-005,Wednesday,Afternoon,12:30 PM,5:30 PM
AV-02761,20261,FA-005,Wednesday,Evening,5:30 PM,10:30 PM
AV-02762,20261,FA-005,Thursday,Morning,7:30 AM,12:30 PM
AV-02763,20261,FA-005,Thursday,Afternoon,12:30 PM,5:30 PM
AV-02764,20261,FA-005,Friday,Morning,7:30 AM,12:30 PM
AV-02765,20261,FA-005,Friday,Afternoon,12:30 PM,5:30 PM
AV-02766,20261,FA-005,Friday,Evening,5:30 PM,10:30 PM
AV-02767,20261,FA-005,Saturday,Morning,7:30 AM,12:30 PM
AV-02768,20261,FA-005,Saturday,Afternoon,12:30 PM,5:30 PM
AV-02769,20261,FA-005,Saturday,Evening,5:30 PM,10:30 PM
AV-02770,20261,FA-006,Monday,Afternoon,12:30 PM,5:30 PM
AV-02771,20261,FA-006,Monday,Evening,5:30 PM,10:30 PM
AV-02772,20261,FA-006,Tuesday,Morning,7:30 AM,12:30 PM
AV-02773,20261,FA-006,Tuesday,Afternoon,12:30 PM,5:30 PM
AV-02774,20261,FA-006,Tuesday,Evening,5:30 PM,10:30 PM
AV-02775,20261,FA-006,Wednesday,Morning,7:30 AM,12:30 PM
AV-02776,20261,FA-006,Wednesday,Afternoon,12:30 PM,5:30 PM
AV-02777,20261,FA-006,Thursday,Morning,7:30 AM,12:30 PM
AV-02778,20261,FA-006,Thursday,Afternoon,12:30 PM,5:30 PM
AV-02779,20261,FA-006,Friday,Morning,7:30 AM,12:30 PM
AV-02780,20261,FA-006,Friday,Afternoon,12:30 PM,5:30 PM
AV-02781,20261,FA-006,Friday,Evening,5:30 PM,10:30 PM
AV-02782,20261,FA-006,Saturday,Morning,7:30 AM,12:30 PM
AV-02783,20261,FA-006,Saturday,Afternoon,12:30 PM,5:30 PM
AV-02784,20261,FA-006,Saturday,Evening,5:30 PM,10:30 PM
AV-02785,20261,FA-007,Monday,Afternoon,12:30 PM,5:30 PM
AV-02786,20261,FA-007,Monday,Evening,5:30 PM,10:30 PM
AV-02787,20261,FA-007,Tuesday,Afternoon,12:30 PM,5:30 PM
AV-02788,20261,FA-007,Wednesday,Morning,7:30 AM,12:30 PM
AV-02789,20261,FA-007,Wednesday,Afternoon,12:30 PM,5:30 PM
AV-02790,20261,FA-007,Thursday,Afternoon,12:30 PM,5:30 PM
AV-02791,20261,FA-007,Friday,Morning,7:30 AM,12:30 PM
AV-02792,20261,FA-007,Friday,Afternoon,12:30 PM,5:30 PM
AV-02793,20261,FA-007,Saturday,Morning,7:30 AM,12:30 PM
AV-02794,20261,FA-007,Saturday,Afternoon,12:30 PM,5:30 PM
AV-02795,20261,FA-008,Monday,Evening,5:30 PM,10:30 PM
AV-02796,20261,FA-008,Tuesday,Morning,7:30 AM,12:30 PM
AV-02797,20261,FA-008,Tuesday,Afternoon,12:30 PM,5:30 PM
AV-02798,20261,FA-008,Tuesday,Evening,5:30 PM,10:30 PM
AV-02799,20261,FA-008,Wednesday,Morning,7:30 AM,12:30 PM
AV-02800,20261,FA-008,Wednesday,Afternoon,12:30 PM,5:30 PM
AV-02801,20261,FA-008,Wednesday,Evening,5:30 PM,10:30 PM
AV-02802,20261,FA-008,Thursday,Afternoon,12:30 PM,5:30 PM
AV-02803,20261,FA-008,Thursday,Evening,5:30 PM,10:30 PM
AV-02804,20261,FA-008,Friday,Morning,7:30 AM,12:30 PM
AV-02805,20261,FA-008,Friday,Afternoon,12:30 PM,5:30 PM
AV-02806,20261,FA-008,Friday,Evening,5:30 PM,10:30 PM
AV-02807,20261,FA-009,Monday,Morning,7:30 AM,12:30 PM
AV-02808,20261,FA-009,Monday,Evening,5:30 PM,10:30 PM
AV-02809,20261,FA-009,Tuesday,Afternoon,12:30 PM,5:30 PM
AV-02810,20261,FA-009,Tuesday,Evening,5:30 PM,10:30 PM
AV-02811,20261,FA-009,Wednesday,Morning,7:30 AM,12:30 PM
AV-02812,20261,FA-009,Wednesday,Evening,5:30 PM,10:30 PM
AV-02813,20261,FA-009,Thursday,Afternoon,12:30 PM,5:30 PM
AV-02814,20261,FA-009,Friday,Morning,7:30 AM,12:30 PM
AV-02815,20261,FA-009,Friday,Afternoon,12:30 PM,5:30 PM
AV-02816,20261,FA-009,Friday,Evening,5:30 PM,10:30 PM
AV-02817,20261,FA-009,Saturday,Morning,7:30 AM,12:30 PM
AV-02818,20261,FA-009,Saturday,Afternoon,12:30 PM,5:30 PM
AV-02819,20261,FA-009,Saturday,Evening,5:30 PM,10:30 PM
AV-02820,20261,FA-010,Monday,Evening,5:30 PM,10:30 PM
AV-02821,20261,FA-010,Tuesday,Morning,7:30 AM,12:30 PM
AV-02822,20261,FA-010,Tuesday,Afternoon,12:30 PM,5:30 PM
AV-02823,20261,FA-010,Tuesday,Evening,5:30 PM,10:30 PM
AV-02824,20261,FA-010,Thursday,Morning,7:30 AM,12:30 PM
AV-02825,20261,FA-010,Thursday,Afternoon,12:30 PM,5:30 PM
AV-02826,20261,FA-010,Thursday,Evening,5:30 PM,10:30 PM
AV-02827,20261,FA-010,Saturday,Morning,7:30 AM,12:30 PM
AV-02828,20261,FA-010,Saturday,Afternoon,12:30 PM,5:30 PM
AV-02829,20261,FA-011,Tuesday,Morning,7:30 AM,12:30 PM
AV-02830,20261,FA-011,Tuesday,Evening,5:30 PM,10:30 PM
AV-02831,20261,FA-011,Wednesday,Afternoon,12:30 PM,5:30 PM
AV-02832,20261,FA-011,Wednesday,Evening,5:30 PM,10:30 PM
AV-02833,20261,FA-011,Thursday,Morning,7:30 AM,12:30 PM
AV-02834,20261,FA-011,Thursday,Afternoon,12:30 PM,5:30 PM
AV-02835,20261,FA-011,Friday,Morning,7:30 AM,12:30 PM
AV-02836,20261,FA-011,Friday,Afternoon,12:30 PM,5:30 PM
AV-02837,20261,FA-011,Saturday,Morning,7:30 AM,12:30 PM
AV-02838,20261,FA-011,Saturday,Afternoon,12:30 PM,5:30 PM
AV-02839,20261,FA-012,Monday,Morning,7:30 AM,12:30 PM
AV-02840,20261,FA-012,Monday,Afternoon,12:30 PM,5:30 PM
AV-02841,20261,FA-012,Monday,Evening,5:30 PM,10:30 PM
AV-02842,20261,FA-012,Tuesday,Afternoon,12:30 PM,5:30 PM
AV-02843,20261,FA-012,Tuesday,Evening,5:30 PM,10:30 PM
AV-02844,20261,FA-012,Thursday,Morning,7:30 AM,12:30 PM
AV-02845,20261,FA-012,Friday,Morning,7:30 AM,12:30 PM
AV-02846,20261,FA-012,Friday,Afternoon,12:30 PM,5:30 PM
AV-02847,20261,FA-012,Saturday,Evening,5:30 PM,10:30 PM
AV-02848,20261,FA-013,Monday,Afternoon,12:30 PM,5:30 PM
AV-02849,20261,FA-013,Tuesday,Morning,7:30 AM,12:30 PM
AV-02850,20261,FA-013,Tuesday,Afternoon,12:30 PM,5:30 PM
AV-02851,20261,FA-013,Tuesday,Evening,5:30 PM,10:30 PM
AV-02852,20261,FA-013,Wednesday,Evening,5:30 PM,10:30 PM
AV-02853,20261,FA-013,Thursday,Morning,7:30 AM,12:30 PM
AV-02854,20261,FA-013,Thursday,Afternoon,12:30 PM,5:30 PM
AV-02855,20261,FA-013,Thursday,Evening,5:30 PM,10:30 PM
AV-02856,20261,FA-013,Friday,Afternoon,12:30 PM,5:30 PM
AV-02857,20261,FA-013,Saturday,Morning,7:30 AM,12:30 PM
AV-02858,20261,FA-013,Saturday,Afternoon,12:30 PM,5:30 PM
AV-02859,20261,FA-013,Saturday,Evening,5:30 PM,10:30 PM
AV-02860,20261,FA-014,Monday,Evening,5:30 PM,10:30 PM
AV-02861,20261,FA-014,Tuesday,Morning,7:30 AM,12:30 PM
AV-02862,20261,FA-014,Tuesday,Afternoon,12:30 PM,5:30 PM
AV-02863,20261,FA-014,Wednesday,Afternoon,12:30 PM,5:30 PM
AV-02864,20261,FA-014,Wednesday,Evening,5:30 PM,10:30 PM
AV-02865,20261,FA-014,Thursday,Afternoon,12:30 PM,5:30 PM
AV-02866,20261,FA-014,Friday,Morning,7:30 AM,12:30 PM
AV-02867,20261,FA-014,Friday,Afternoon,12:30 PM,5:30 PM
AV-02868,20261,FA-014,Saturday,Morning,7:30 AM,12:30 PM
AV-02869,20261,FA-014,Saturday,Evening,5:30 PM,10:30 PM
AV-02870,20261,FA-015,Tuesday,Morning,7:30 AM,12:30 PM
AV-02871,20261,FA-015,Tuesday,Afternoon,12:30 PM,5:30 PM
AV-02872,20261,FA-015,Tuesday,Evening,5:30 PM,10:30 PM
AV-02873,20261,FA-015,Wednesday,Morning,7:30 AM,12:30 PM
AV-02874,20261,FA-015,Wednesday,Afternoon,12:30 PM,5:30 PM
AV-02875,20261,FA-015,Thursday,Morning,7:30 AM,12:30 PM
AV-02876,20261,FA-015,Thursday,Evening,5:30 PM,10:30 PM
AV-02877,20261,FA-015,Friday,Morning,7:30 AM,12:30 PM
AV-02878,20261,FA-015,Friday,Evening,5:30 PM,10:30 PM
AV-02879,20261,FA-015,Saturday,Morning,7:30 AM,12:30 PM
AV-02880,20261,FA-015,Saturday,Afternoon,12:30 PM,5:30 PM
AV-02881,20261,FA-015,Saturday,Evening,5:30 PM,10:30 PM
AV-02882,20261,FA-016,Monday,Morning,7:30 AM,12:30 PM
AV-02883,20261,FA-016,Monday,Evening,5:30 PM,10:30 PM
AV-02884,20261,FA-016,Tuesday,Morning,7:30 AM,12:30 PM
AV-02885,20261,FA-016,Tuesday,Afternoon,12:30 PM,5:30 PM
AV-02886,20261,FA-016,Wednesday,Morning,7:30 AM,12:30 PM
AV-02887,20261,FA-016,Thursday,Morning,7:30 AM,12:30 PM
AV-02888,20261,FA-016,Thursday,Afternoon,12:30 PM,5:30 PM
AV-02889,20261,FA-016,Thursday,Evening,5:30 PM,10:30 PM
AV-02890,20261,FA-016,Friday,Morning,7:30 AM,12:30 PM
AV-02891,20261,FA-016,Saturday,Evening,5:30 PM,10:30 PM
AV-02892,20261,FA-017,Monday,Morning,7:30 AM,12:30 PM
AV-02893,20261,FA-017,Monday,Afternoon,12:30 PM,5:30 PM
AV-02894,20261,FA-017,Monday,Evening,5:30 PM,10:30 PM
AV-02895,20261,FA-017,Tuesday,Afternoon,12:30 PM,5:30 PM
AV-02896,20261,FA-017,Tuesday,Evening,5:30 PM,10:30 PM
AV-02897,20261,FA-017,Thursday,Morning,7:30 AM,12:30 PM
AV-02898,20261,FA-017,Thursday,Evening,5:30 PM,10:30 PM
AV-02899,20261,FA-017,Friday,Morning,7:30 AM,12:30 PM
AV-02900,20261,FA-017,Friday,Afternoon,12:30 PM,5:30 PM
AV-02901,20261,FA-017,Saturday,Morning,7:30 AM,12:30 PM
AV-02902,20261,FA-017,Saturday,Afternoon,12:30 PM,5:30 PM
AV-02903,20261,FA-017,Saturday,Evening,5:30 PM,10:30 PM
AV-02904,20261,FA-018,Monday,Afternoon,12:30 PM,5:30 PM
AV-02905,20261,FA-018,Monday,Evening,5:30 PM,10:30 PM
AV-02906,20261,FA-018,Tuesday,Afternoon,12:30 PM,5:30 PM
AV-02907,20261,FA-018,Tuesday,Evening,5:30 PM,10:30 PM
AV-02908,20261,FA-018,Wednesday,Morning,7:30 AM,12:30 PM
AV-02909,20261,FA-018,Wednesday,Afternoon,12:30 PM,5:30 PM
AV-02910,20261,FA-018,Thursday,Morning,7:30 AM,12:30 PM
AV-02911,20261,FA-018,Thursday,Afternoon,12:30 PM,5:30 PM
AV-02912,20261,FA-018,Friday,Morning,7:30 AM,12:30 PM
AV-02913,20261,FA-018,Friday,Afternoon,12:30 PM,5:30 PM
AV-02914,20261,FA-018,Friday,Evening,5:30 PM,10:30 PM
AV-02915,20261,FA-018,Saturday,Morning,7:30 AM,12:30 PM
AV-02916,20261,FA-018,Saturday,Evening,5:30 PM,10:30 PM
AV-02917,20261,FA-019,Monday,Afternoon,12:30 PM,5:30 PM
AV-02918,20261,FA-019,Monday,Evening,5:30 PM,10:30 PM
AV-02919,20261,FA-019,Tuesday,Afternoon,12:30 PM,5:30 PM
AV-02920,20261,FA-019,Tuesday,Evening,5:30 PM,10:30 PM
AV-02921,20261,FA-019,Wednesday,Morning,7:30 AM,12:30 PM
AV-02922,20261,FA-019,Wednesday,Afternoon,12:30 PM,5:30 PM
AV-02923,20261,FA-019,Wednesday,Evening,5:30 PM,10:30 PM
AV-02924,20261,FA-019,Thursday,Morning,7:30 AM,12:30 PM
AV-02925,20261,FA-019,Friday,Morning,7:30 AM,12:30 PM
AV-02926,20261,FA-019,Friday,Afternoon,12:30 PM,5:30 PM
AV-02927,20261,FA-019,Friday,Evening,5:30 PM,10:30 PM
AV-02928,20261,FA-019,Saturday,Morning,7:30 AM,12:30 PM
AV-02929,20261,FA-019,Saturday,Afternoon,12:30 PM,5:30 PM
AV-02930,20261,FA-020,Monday,Afternoon,12:30 PM,5:30 PM
AV-02931,20261,FA-020,Tuesday,Morning,7:30 AM,12:30 PM
AV-02932,20261,FA-020,Tuesday,Afternoon,12:30 PM,5:30 PM
AV-02933,20261,FA-020,Tuesday,Evening,5:30 PM,10:30 PM
AV-02934,20261,FA-020,Wednesday,Morning,7:30 AM,12:30 PM
AV-02935,20261,FA-020,Wednesday,Evening,5:30 PM,10:30 PM
AV-02936,20261,FA-020,Thursday,Afternoon,12:30 PM,5:30 PM
AV-02937,20261,FA-020,Thursday,Evening,5:30 PM,10:30 PM
AV-02938,20261,FA-020,Friday,Morning,7:30 AM,12:30 PM
AV-02939,20261,FA-020,Friday,Afternoon,12:30 PM,5:30 PM
AV-02940,20261,FA-021,Monday,Afternoon,12:30 PM,5:30 PM
AV-02941,20261,FA-021,Monday,Evening,5:30 PM,10:30 PM
AV-02942,20261,FA-021,Tuesday,Morning,7:30 AM,12:30 PM
AV-02943,20261,FA-021,Tuesday,Afternoon,12:30 PM,5:30 PM
AV-02944,20261,FA-021,Tuesday,Evening,5:30 PM,10:30 PM
AV-02945,20261,FA-021,Thursday,Morning,7:30 AM,12:30 PM
AV-02946,20261,FA-021,Thursday,Afternoon,12:30 PM,5:30 PM
AV-02947,20261,FA-021,Thursday,Evening,5:30 PM,10:30 PM
AV-02948,20261,FA-021,Friday,Afternoon,12:30 PM,5:30 PM
AV-02949,20261,FA-021,Friday,Evening,5:30 PM,10:30 PM
AV-02950,20261,FA-021,Saturday,Morning,7:30 AM,12:30 PM
AV-02951,20261,FA-021,Saturday,Afternoon,12:30 PM,5:30 PM
AV-02952,20261,FA-022,Monday,Evening,5:30 PM,10:30 PM
AV-02953,20261,FA-022,Tuesday,Afternoon,12:30 PM,5:30 PM
AV-02954,20261,FA-022,Thursday,Morning,7:30 AM,12:30 PM
AV-02955,20261,FA-022,Thursday,Afternoon,12:30 PM,5:30 PM
AV-02956,20261,FA-022,Friday,Morning,7:30 AM,12:30 PM
AV-02957,20261,FA-022,Friday,Afternoon,12:30 PM,5:30 PM
AV-02958,20261,FA-022,Friday,Evening,5:30 PM,10:30 PM
AV-02959,20261,FA-022,Saturday,Afternoon,12:30 PM,5:30 PM
AV-02960,20261,FA-022,Saturday,Evening,5:30 PM,10:30 PM
AV-02961,20261,FA-023,Monday,Morning,7:30 AM,12:30 PM
AV-02962,20261,FA-023,Monday,Afternoon,12:30 PM,5:30 PM
AV-02963,20261,FA-023,Monday,Evening,5:30 PM,10:30 PM
AV-02964,20261,FA-023,Tuesday,Evening,5:30 PM,10:30 PM
AV-02965,20261,FA-023,Wednesday,Morning,7:30 AM,12:30 PM
AV-02966,20261,FA-023,Wednesday,Evening,5:30 PM,10:30 PM
AV-02967,20261,FA-023,Thursday,Morning,7:30 AM,12:30 PM
AV-02968,20261,FA-023,Thursday,Afternoon,12:30 PM,5:30 PM
AV-02969,20261,FA-023,Thursday,Evening,5:30 PM,10:30 PM
AV-02970,20261,FA-023,Friday,Morning,7:30 AM,12:30 PM
AV-02971,20261,FA-023,Friday,Evening,5:30 PM,10:30 PM
AV-02972,20261,FA-023,Saturday,Morning,7:30 AM,12:30 PM
AV-02973,20261,FA-024,Monday,Morning,7:30 AM,12:30 PM
AV-02974,20261,FA-024,Monday,Afternoon,12:30 PM,5:30 PM
AV-02975,20261,FA-024,Tuesday,Morning,7:30 AM,12:30 PM
AV-02976,20261,FA-024,Tuesday,Afternoon,12:30 PM,5:30 PM
AV-02977,20261,FA-024,Tuesday,Evening,5:30 PM,10:30 PM
AV-02978,20261,FA-024,Wednesday,Morning,7:30 AM,12:30 PM
AV-02979,20261,FA-024,Wednesday,Afternoon,12:30 PM,5:30 PM
AV-02980,20261,FA-024,Thursday,Morning,7:30 AM,12:30 PM
AV-02981,20261,FA-024,Friday,Afternoon,12:30 PM,5:30 PM
AV-02982,20261,FA-024,Friday,Evening,5:30 PM,10:30 PM
AV-02983,20261,FA-024,Saturday,Morning,7:30 AM,12:30 PM
AV-02984,20261,FA-024,Saturday,Evening,5:30 PM,10:30 PM
AV-02985,20261,FA-025,Monday,Morning,7:30 AM,12:30 PM
AV-02986,20261,FA-025,Monday,Afternoon,12:30 PM,5:30 PM
AV-02987,20261,FA-025,Tuesday,Morning,7:30 AM,12:30 PM
AV-02988,20261,FA-025,Tuesday,Evening,5:30 PM,10:30 PM
AV-02989,20261,FA-025,Wednesday,Afternoon,12:30 PM,5:30 PM
AV-02990,20261,FA-025,Wednesday,Evening,5:30 PM,10:30 PM
AV-02991,20261,FA-025,Thursday,Morning,7:30 AM,12:30 PM
AV-02992,20261,FA-025,Thursday,Evening,5:30 PM,10:30 PM
AV-02993,20261,FA-025,Friday,Morning,7:30 AM,12:30 PM
AV-02994,20261,FA-025,Friday,Afternoon,12:30 PM,5:30 PM
AV-02995,20261,FA-025,Saturday,Afternoon,12:30 PM,5:30 PM
AV-02996,20261,FA-025,Saturday,Evening,5:30 PM,10:30 PM
AV-02997,20261,FA-026,Monday,Afternoon,12:30 PM,5:30 PM
AV-02998,20261,FA-026,Monday,Evening,5:30 PM,10:30 PM
AV-02999,20261,FA-026,Tuesday,Morning,7:30 AM,12:30 PM
AV-03000,20261,FA-026,Tuesday,Evening,5:30 PM,10:30 PM
AV-03001,20261,FA-026,Wednesday,Morning,7:30 AM,12:30 PM
AV-03002,20261,FA-026,Thursday,Afternoon,12:30 PM,5:30 PM
AV-03003,20261,FA-026,Thursday,Evening,5:30 PM,10:30 PM
AV-03004,20261,FA-026,Saturday,Morning,7:30 AM,12:30 PM
AV-03005,20261,FA-026,Saturday,Afternoon,12:30 PM,5:30 PM
AV-03006,20261,FA-026,Saturday,Evening,5:30 PM,10:30 PM
AV-03007,20261,FA-027,Wednesday,Morning,7:30 AM,12:30 PM
AV-03008,20261,FA-027,Thursday,Morning,7:30 AM,12:30 PM
AV-03009,20261,FA-027,Thursday,Evening,5:30 PM,10:30 PM
AV-03010,20261,FA-027,Friday,Morning,7:30 AM,12:30 PM
AV-03011,20261,FA-027,Friday,Afternoon,12:30 PM,5:30 PM
AV-03012,20261,FA-027,Friday,Evening,5:30 PM,10:30 PM
AV-03013,20261,FA-027,Saturday,Morning,7:30 AM,12:30 PM
AV-03014,20261,FA-027,Saturday,Afternoon,12:30 PM,5:30 PM
AV-03015,20261,FA-027,Saturday,Evening,5:30 PM,10:30 PM
AV-03016,20261,FA-028,Monday,Afternoon,12:30 PM,5:30 PM
AV-03017,20261,FA-028,Monday,Evening,5:30 PM,10:30 PM
AV-03018,20261,FA-028,Tuesday,Afternoon,12:30 PM,5:30 PM
AV-03019,20261,FA-028,Wednesday,Morning,7:30 AM,12:30 PM
AV-03020,20261,FA-028,Thursday,Morning,7:30 AM,12:30 PM
AV-03021,20261,FA-028,Thursday,Afternoon,12:30 PM,5:30 PM
AV-03022,20261,FA-028,Friday,Evening,5:30 PM,10:30 PM
AV-03023,20261,FA-028,Saturday,Morning,7:30 AM,12:30 PM
AV-03024,20261,FA-028,Saturday,Afternoon,12:30 PM,5:30 PM
AV-03025,20261,FA-028,Saturday,Evening,5:30 PM,10:30 PM
AV-03026,20261,FA-029,Monday,Morning,7:30 AM,12:30 PM
AV-03027,20261,FA-029,Monday,Afternoon,12:30 PM,5:30 PM
AV-03028,20261,FA-029,Monday,Evening,5:30 PM,10:30 PM
AV-03029,20261,FA-029,Tuesday,Morning,7:30 AM,12:30 PM
AV-03030,20261,FA-029,Tuesday,Afternoon,12:30 PM,5:30 PM
AV-03031,20261,FA-029,Tuesday,Evening,5:30 PM,10:30 PM
AV-03032,20261,FA-029,Wednesday,Afternoon,12:30 PM,5:30 PM
AV-03033,20261,FA-029,Wednesday,Evening,5:30 PM,10:30 PM
AV-03034,20261,FA-029,Thursday,Morning,7:30 AM,12:30 PM
AV-03035,20261,FA-029,Friday,Morning,7:30 AM,12:30 PM
AV-03036,20261,FA-029,Saturday,Morning,7:30 AM,12:30 PM
AV-03037,20261,FA-029,Saturday,Afternoon,12:30 PM,5:30 PM
AV-03038,20261,FA-029,Saturday,Evening,5:30 PM,10:30 PM
AV-03039,20261,FA-030,Monday,Morning,7:30 AM,12:30 PM
AV-03040,20261,FA-030,Monday,Afternoon,12:30 PM,5:30 PM
AV-03041,20261,FA-030,Tuesday,Afternoon,12:30 PM,5:30 PM
AV-03042,20261,FA-030,Tuesday,Evening,5:30 PM,10:30 PM
AV-03043,20261,FA-030,Wednesday,Evening,5:30 PM,10:30 PM
AV-03044,20261,FA-030,Thursday,Morning,7:30 AM,12:30 PM
AV-03045,20261,FA-030,Thursday,Evening,5:30 PM,10:30 PM
AV-03046,20261,FA-030,Saturday,Morning,7:30 AM,12:30 PM
AV-03047,20261,FA-030,Saturday,Afternoon,12:30 PM,5:30 PM
AV-03048,20261,FA-031,Monday,Afternoon,12:30 PM,5:30 PM
AV-03049,20261,FA-031,Monday,Evening,5:30 PM,10:30 PM
AV-03050,20261,FA-031,Tuesday,Morning,7:30 AM,12:30 PM
AV-03051,20261,FA-031,Tuesday,Afternoon,12:30 PM,5:30 PM
AV-03052,20261,FA-031,Tuesday,Evening,5:30 PM,10:30 PM
AV-03053,20261,FA-031,Wednesday,Afternoon,12:30 PM,5:30 PM
AV-03054,20261,FA-031,Friday,Afternoon,12:30 PM,5:30 PM
AV-03055,20261,FA-031,Friday,Evening,5:30 PM,10:30 PM
AV-03056,20261,FA-031,Saturday,Evening,5:30 PM,10:30 PM
AV-03057,20261,FA-032,Monday,Morning,7:30 AM,12:30 PM
AV-03058,20261,FA-032,Wednesday,Morning,7:30 AM,12:30 PM
AV-03059,20261,FA-032,Wednesday,Evening,5:30 PM,10:30 PM
AV-03060,20261,FA-032,Thursday,Morning,7:30 AM,12:30 PM
AV-03061,20261,FA-032,Thursday,Afternoon,12:30 PM,5:30 PM
AV-03062,20261,FA-032,Friday,Afternoon,12:30 PM,5:30 PM
AV-03063,20261,FA-032,Friday,Evening,5:30 PM,10:30 PM
AV-03064,20261,FA-032,Saturday,Morning,7:30 AM,12:30 PM
AV-03065,20261,FA-032,Saturday,Afternoon,12:30 PM,5:30 PM
AV-03066,20261,FA-033,Monday,Morning,7:30 AM,12:30 PM
AV-03067,20261,FA-033,Monday,Afternoon,12:30 PM,5:30 PM
AV-03068,20261,FA-033,Monday,Evening,5:30 PM,10:30 PM
AV-03069,20261,FA-033,Tuesday,Morning,7:30 AM,12:30 PM
AV-03070,20261,FA-033,Tuesday,Afternoon,12:30 PM,5:30 PM
AV-03071,20261,FA-033,Wednesday,Morning,7:30 AM,12:30 PM
AV-03072,20261,FA-033,Wednesday,Afternoon,12:30 PM,5:30 PM
AV-03073,20261,FA-033,Wednesday,Evening,5:30 PM,10:30 PM
AV-03074,20261,FA-033,Thursday,Morning,7:30 AM,12:30 PM
AV-03075,20261,FA-033,Thursday,Afternoon,12:30 PM,5:30 PM
AV-03076,20261,FA-033,Thursday,Evening,5:30 PM,10:30 PM
AV-03077,20261,FA-033,Friday,Morning,7:30 AM,12:30 PM
AV-03078,20261,FA-033,Friday,Afternoon,12:30 PM,5:30 PM
AV-03079,20261,FA-033,Saturday,Morning,7:30 AM,12:30 PM
AV-03080,20261,FA-033,Saturday,Afternoon,12:30 PM,5:30 PM
AV-03081,20261,FA-034,Monday,Morning,7:30 AM,12:30 PM
AV-03082,20261,FA-034,Monday,Afternoon,12:30 PM,5:30 PM
AV-03083,20261,FA-034,Monday,Evening,5:30 PM,10:30 PM
AV-03084,20261,FA-034,Tuesday,Morning,7:30 AM,12:30 PM
AV-03085,20261,FA-034,Thursday,Afternoon,12:30 PM,5:30 PM
AV-03086,20261,FA-034,Saturday,Morning,7:30 AM,12:30 PM
AV-03087,20261,FA-034,Saturday,Afternoon,12:30 PM,5:30 PM
AV-03088,20261,FA-035,Monday,Evening,5:30 PM,10:30 PM
AV-03089,20261,FA-035,Tuesday,Morning,7:30 AM,12:30 PM
AV-03090,20261,FA-035,Wednesday,Afternoon,12:30 PM,5:30 PM
AV-03091,20261,FA-035,Thursday,Afternoon,12:30 PM,5:30 PM
AV-03092,20261,FA-035,Thursday,Evening,5:30 PM,10:30 PM
AV-03093,20261,FA-035,Friday,Afternoon,12:30 PM,5:30 PM
AV-03094,20261,FA-035,Friday,Evening,5:30 PM,10:30 PM
AV-03095,20261,FA-035,Saturday,Morning,7:30 AM,12:30 PM
AV-03096,20261,FA-035,Saturday,Afternoon,12:30 PM,5:30 PM
AV-03097,20261,FA-036,Monday,Morning,7:30 AM,12:30 PM
AV-03098,20261,FA-036,Tuesday,Morning,7:30 AM,12:30 PM
AV-03099,20261,FA-036,Thursday,Evening,5:30 PM,10:30 PM
AV-03100,20261,FA-036,Friday,Evening,5:30 PM,10:30 PM
AV-03101,20261,FA-036,Saturday,Morning,7:30 AM,12:30 PM
AV-03102,20261,FA-036,Saturday,Afternoon,12:30 PM,5:30 PM
AV-03103,20261,FA-037,Monday,Morning,7:30 AM,12:30 PM
AV-03104,20261,FA-037,Monday,Afternoon,12:30 PM,5:30 PM
AV-03105,20261,FA-037,Tuesday,Morning,7:30 AM,12:30 PM
AV-03106,20261,FA-037,Tuesday,Afternoon,12:30 PM,5:30 PM
AV-03107,20261,FA-037,Tuesday,Evening,5:30 PM,10:30 PM
AV-03108,20261,FA-037,Wednesday,Morning,7:30 AM,12:30 PM
AV-03109,20261,FA-037,Wednesday,Afternoon,12:30 PM,5:30 PM
AV-03110,20261,FA-037,Wednesday,Evening,5:30 PM,10:30 PM
AV-03111,20261,FA-037,Thursday,Evening,5:30 PM,10:30 PM
AV-03112,20261,FA-037,Friday,Morning,7:30 AM,12:30 PM
AV-03113,20261,FA-037,Saturday,Morning,7:30 AM,12:30 PM
AV-03114,20261,FA-037,Saturday,Evening,5:30 PM,10:30 PM
AV-03115,20261,FA-038,Monday,Afternoon,12:30 PM,5:30 PM
AV-03116,20261,FA-038,Wednesday,Afternoon,12:30 PM,5:30 PM
AV-03117,20261,FA-038,Wednesday,Evening,5:30 PM,10:30 PM
AV-03118,20261,FA-038,Thursday,Evening,5:30 PM,10:30 PM
AV-03119,20261,FA-039,Monday,Morning,7:30 AM,12:30 PM
AV-03120,20261,FA-039,Monday,Afternoon,12:30 PM,5:30 PM
AV-03121,20261,FA-039,Monday,Evening,5:30 PM,10:30 PM
AV-03122,20261,FA-039,Tuesday,Morning,7:30 AM,12:30 PM
AV-03123,20261,FA-039,Tuesday,Afternoon,12:30 PM,5:30 PM
AV-03124,20261,FA-039,Wednesday,Morning,7:30 AM,12:30 PM
AV-03125,20261,FA-039,Wednesday,Afternoon,12:30 PM,5:30 PM
AV-03126,20261,FA-039,Wednesday,Evening,5:30 PM,10:30 PM
AV-03127,20261,FA-039,Thursday,Afternoon,12:30 PM,5:30 PM
AV-03128,20261,FA-039,Thursday,Evening,5:30 PM,10:30 PM
AV-03129,20261,FA-039,Friday,Evening,5:30 PM,10:30 PM
AV-03130,20261,FA-039,Saturday,Morning,7:30 AM,12:30 PM
AV-03131,20261,FA-039,Saturday,Afternoon,12:30 PM,5:30 PM
AV-03132,20261,FA-040,Monday,Morning,7:30 AM,12:30 PM
AV-03133,20261,FA-040,Monday,Afternoon,12:30 PM,5:30 PM
AV-03134,20261,FA-040,Monday,Evening,5:30 PM,10:30 PM
AV-03135,20261,FA-040,Tuesday,Morning,7:30 AM,12:30 PM
AV-03136,20261,FA-040,Tuesday,Evening,5:30 PM,10:30 PM
AV-03137,20261,FA-040,Wednesday,Morning,7:30 AM,12:30 PM
AV-03138,20261,FA-040,Wednesday,Evening,5:30 PM,10:30 PM
AV-03139,20261,FA-040,Thursday,Morning,7:30 AM,12:30 PM
AV-03140,20261,FA-040,Thursday,Evening,5:30 PM,10:30 PM
AV-03141,20261,FA-040,Friday,Evening,5:30 PM,10:30 PM
AV-03142,20261,FA-041,Monday,Morning,7:30 AM,12:30 PM
AV-03143,20261,FA-041,Monday,Afternoon,12:30 PM,5:30 PM
AV-03144,20261,FA-041,Monday,Evening,5:30 PM,10:30 PM
AV-03145,20261,FA-041,Tuesday,Morning,7:30 AM,12:30 PM
AV-03146,20261,FA-041,Tuesday,Afternoon,12:30 PM,5:30 PM
AV-03147,20261,FA-041,Tuesday,Evening,5:30 PM,10:30 PM
AV-03148,20261,FA-041,Wednesday,Afternoon,12:30 PM,5:30 PM
AV-03149,20261,FA-041,Wednesday,Evening,5:30 PM,10:30 PM
AV-03150,20261,FA-041,Thursday,Morning,7:30 AM,12:30 PM
AV-03151,20261,FA-041,Thursday,Afternoon,12:30 PM,5:30 PM
AV-03152,20261,FA-041,Saturday,Morning,7:30 AM,12:30 PM
AV-03153,20261,FA-041,Saturday,Afternoon,12:30 PM,5:30 PM
AV-03154,20261,FA-042,Monday,Afternoon,12:30 PM,5:30 PM
AV-03155,20261,FA-042,Monday,Evening,5:30 PM,10:30 PM
AV-03156,20261,FA-042,Wednesday,Afternoon,12:30 PM,5:30 PM
AV-03157,20261,FA-042,Wednesday,Evening,5:30 PM,10:30 PM
AV-03158,20261,FA-042,Thursday,Evening,5:30 PM,10:30 PM
AV-03159,20261,FA-042,Friday,Morning,7:30 AM,12:30 PM
AV-03160,20261,FA-042,Friday,Afternoon,12:30 PM,5:30 PM
AV-03161,20261,FA-042,Friday,Evening,5:30 PM,10:30 PM
AV-03162,20261,FA-042,Saturday,Afternoon,12:30 PM,5:30 PM
AV-03163,20261,FA-042,Saturday,Evening,5:30 PM,10:30 PM
AV-03164,20261,FA-043,Monday,Morning,7:30 AM,12:30 PM
AV-03165,20261,FA-043,Monday,Afternoon,12:30 PM,5:30 PM
AV-03166,20261,FA-043,Monday,Evening,5:30 PM,10:30 PM
AV-03167,20261,FA-043,Tuesday,Morning,7:30 AM,12:30 PM
AV-03168,20261,FA-043,Tuesday,Afternoon,12:30 PM,5:30 PM
AV-03169,20261,FA-043,Tuesday,Evening,5:30 PM,10:30 PM
AV-03170,20261,FA-043,Wednesday,Afternoon,12:30 PM,5:30 PM
AV-03171,20261,FA-043,Thursday,Afternoon,12:30 PM,5:30 PM
AV-03172,20261,FA-043,Thursday,Evening,5:30 PM,10:30 PM
AV-03173,20261,FA-043,Friday,Afternoon,12:30 PM,5:30 PM
AV-03174,20261,FA-043,Friday,Evening,5:30 PM,10:30 PM
AV-03175,20261,FA-043,Saturday,Morning,7:30 AM,12:30 PM
AV-03176,20261,FA-044,Monday,Morning,7:30 AM,12:30 PM
AV-03177,20261,FA-044,Monday,Afternoon,12:30 PM,5:30 PM
AV-03178,20261,FA-044,Tuesday,Morning,7:30 AM,12:30 PM
AV-03179,20261,FA-044,Tuesday,Afternoon,12:30 PM,5:30 PM
AV-03180,20261,FA-044,Tuesday,Evening,5:30 PM,10:30 PM
AV-03181,20261,FA-044,Wednesday,Morning,7:30 AM,12:30 PM
AV-03182,20261,FA-044,Wednesday,Afternoon,12:30 PM,5:30 PM
AV-03183,20261,FA-044,Thursday,Morning,7:30 AM,12:30 PM
AV-03184,20261,FA-044,Thursday,Afternoon,12:30 PM,5:30 PM
AV-03185,20261,FA-044,Friday,Morning,7:30 AM,12:30 PM
AV-03186,20261,FA-044,Friday,Afternoon,12:30 PM,5:30 PM
AV-03187,20261,FA-044,Friday,Evening,5:30 PM,10:30 PM
AV-03188,20261,FA-044,Saturday,Afternoon,12:30 PM,5:30 PM
AV-03189,20261,FA-045,Monday,Afternoon,12:30 PM,5:30 PM
AV-03190,20261,FA-045,Tuesday,Morning,7:30 AM,12:30 PM
AV-03191,20261,FA-045,Tuesday,Afternoon,12:30 PM,5:30 PM
AV-03192,20261,FA-045,Tuesday,Evening,5:30 PM,10:30 PM
AV-03193,20261,FA-045,Wednesday,Evening,5:30 PM,10:30 PM
AV-03194,20261,FA-045,Thursday,Evening,5:30 PM,10:30 PM
AV-03195,20261,FA-045,Friday,Morning,7:30 AM,12:30 PM
AV-03196,20261,FA-045,Friday,Afternoon,12:30 PM,5:30 PM
AV-03197,20261,FA-045,Saturday,Morning,7:30 AM,12:30 PM
AV-03198,20261,FA-045,Saturday,Afternoon,12:30 PM,5:30 PM
AV-03199,20261,FA-046,Monday,Evening,5:30 PM,10:30 PM
AV-03200,20261,FA-046,Tuesday,Afternoon,12:30 PM,5:30 PM
AV-03201,20261,FA-046,Wednesday,Evening,5:30 PM,10:30 PM
AV-03202,20261,FA-046,Thursday,Afternoon,12:30 PM,5:30 PM
AV-03203,20261,FA-046,Thursday,Evening,5:30 PM,10:30 PM
AV-03204,20261,FA-046,Friday,Morning,7:30 AM,12:30 PM
AV-03205,20261,FA-046,Friday,Afternoon,12:30 PM,5:30 PM
AV-03206,20261,FA-046,Friday,Evening,5:30 PM,10:30 PM
AV-03207,20261,FA-046,Saturday,Evening,5:30 PM,10:30 PM
AV-03208,20261,FA-047,Monday,Evening,5:30 PM,10:30 PM
AV-03209,20261,FA-047,Tuesday,Morning,7:30 AM,12:30 PM
AV-03210,20261,FA-047,Tuesday,Evening,5:30 PM,10:30 PM
AV-03211,20261,FA-047,Wednesday,Afternoon,12:30 PM,5:30 PM
AV-03212,20261,FA-047,Thursday,Evening,5:30 PM,10:30 PM
AV-03213,20261,FA-047,Friday,Afternoon,12:30 PM,5:30 PM
AV-03214,20261,FA-047,Friday,Evening,5:30 PM,10:30 PM
AV-03215,20261,FA-047,Saturday,Morning,7:30 AM,12:30 PM
AV-03216,20261,FA-047,Saturday,Evening,5:30 PM,10:30 PM
AV-03217,20261,FA-048,Monday,Afternoon,12:30 PM,5:30 PM
AV-03218,20261,FA-048,Monday,Evening,5:30 PM,10:30 PM
AV-03219,20261,FA-048,Tuesday,Morning,7:30 AM,12:30 PM
AV-03220,20261,FA-048,Tuesday,Afternoon,12:30 PM,5:30 PM
AV-03221,20261,FA-048,Wednesday,Afternoon,12:30 PM,5:30 PM
AV-03222,20261,FA-048,Wednesday,Evening,5:30 PM,10:30 PM
AV-03223,20261,FA-048,Thursday,Morning,7:30 AM,12:30 PM
AV-03224,20261,FA-048,Thursday,Evening,5:30 PM,10:30 PM
AV-03225,20261,FA-048,Friday,Morning,7:30 AM,12:30 PM
AV-03226,20261,FA-048,Saturday,Morning,7:30 AM,12:30 PM
AV-03227,20261,FA-049,Monday,Morning,7:30 AM,12:30 PM
AV-03228,20261,FA-049,Monday,Afternoon,12:30 PM,5:30 PM
AV-03229,20261,FA-049,Monday,Evening,5:30 PM,10:30 PM
AV-03230,20261,FA-049,Tuesday,Evening,5:30 PM,10:30 PM
AV-03231,20261,FA-049,Wednesday,Morning,7:30 AM,12:30 PM
AV-03232,20261,FA-049,Wednesday,Afternoon,12:30 PM,5:30 PM
AV-03233,20261,FA-049,Thursday,Afternoon,12:30 PM,5:30 PM
AV-03234,20261,FA-049,Thursday,Evening,5:30 PM,10:30 PM
AV-03235,20261,FA-049,Friday,Afternoon,12:30 PM,5:30 PM
AV-03236,20261,FA-049,Saturday,Morning,7:30 AM,12:30 PM
AV-03237,20261,FA-049,Saturday,Afternoon,12:30 PM,5:30 PM
AV-03238,20261,FA-049,Saturday,Evening,5:30 PM,10:30 PM
AV-03239,20261,FA-050,Monday,Evening,5:30 PM,10:30 PM
AV-03240,20261,FA-050,Tuesday,Morning,7:30 AM,12:30 PM
AV-03241,20261,FA-050,Tuesday,Afternoon,12:30 PM,5:30 PM
AV-03242,20261,FA-050,Tuesday,Evening,5:30 PM,10:30 PM
AV-03243,20261,FA-050,Wednesday,Afternoon,12:30 PM,5:30 PM
AV-03244,20261,FA-050,Wednesday,Evening,5:30 PM,10:30 PM
AV-03245,20261,FA-050,Thursday,Afternoon,12:30 PM,5:30 PM
AV-03246,20261,FA-050,Friday,Morning,7:30 AM,12:30 PM
AV-03247,20261,FA-050,Friday,Afternoon,12:30 PM,5:30 PM
AV-03248,20261,FA-050,Saturday,Morning,7:30 AM,12:30 PM
AV-03249,20261,FA-050,Saturday,Afternoon,12:30 PM,5:30 PM
AV-03250,20261,FA-050,Saturday,Evening,5:30 PM,10:30 PM
AV-03251,20261,FA-051,Tuesday,Morning,7:30 AM,12:30 PM
AV-03252,20261,FA-051,Tuesday,Afternoon,12:30 PM,5:30 PM
AV-03253,20261,FA-051,Tuesday,Evening,5:30 PM,10:30 PM
AV-03254,20261,FA-051,Wednesday,Morning,7:30 AM,12:30 PM
AV-03255,20261,FA-051,Wednesday,Afternoon,12:30 PM,5:30 PM
AV-03256,20261,FA-051,Thursday,Morning,7:30 AM,12:30 PM
AV-03257,20261,FA-051,Thursday,Afternoon,12:30 PM,5:30 PM
AV-03258,20261,FA-051,Thursday,Evening,5:30 PM,10:30 PM
AV-03259,20261,FA-051,Friday,Morning,7:30 AM,12:30 PM
AV-03260,20261,FA-051,Friday,Afternoon,12:30 PM,5:30 PM
AV-03261,20261,FA-051,Friday,Evening,5:30 PM,10:30 PM
AV-03262,20261,FA-051,Saturday,Evening,5:30 PM,10:30 PM
AV-03263,20261,FA-052,Monday,Morning,7:30 AM,12:30 PM
AV-03264,20261,FA-052,Tuesday,Afternoon,12:30 PM,5:30 PM
AV-03265,20261,FA-052,Tuesday,Evening,5:30 PM,10:30 PM
AV-03266,20261,FA-052,Wednesday,Morning,7:30 AM,12:30 PM
AV-03267,20261,FA-052,Wednesday,Afternoon,12:30 PM,5:30 PM
AV-03268,20261,FA-052,Thursday,Morning,7:30 AM,12:30 PM
AV-03269,20261,FA-052,Thursday,Evening,5:30 PM,10:30 PM
AV-03270,20261,FA-052,Friday,Morning,7:30 AM,12:30 PM
AV-03271,20261,FA-052,Friday,Evening,5:30 PM,10:30 PM
AV-03272,20261,FA-052,Saturday,Morning,7:30 AM,12:30 PM
AV-03273,20261,FA-052,Saturday,Afternoon,12:30 PM,5:30 PM
AV-03274,20261,FA-052,Saturday,Evening,5:30 PM,10:30 PM
AV-03275,20261,FA-053,Monday,Evening,5:30 PM,10:30 PM
AV-03276,20261,FA-053,Tuesday,Morning,7:30 AM,12:30 PM
AV-03277,20261,FA-053,Tuesday,Afternoon,12:30 PM,5:30 PM
AV-03278,20261,FA-053,Tuesday,Evening,5:30 PM,10:30 PM
AV-03279,20261,FA-053,Wednesday,Afternoon,12:30 PM,5:30 PM
AV-03280,20261,FA-053,Wednesday,Evening,5:30 PM,10:30 PM
AV-03281,20261,FA-053,Thursday,Morning,7:30 AM,12:30 PM
AV-03282,20261,FA-053,Thursday,Afternoon,12:30 PM,5:30 PM
AV-03283,20261,FA-053,Thursday,Evening,5:30 PM,10:30 PM
AV-03284,20261,FA-053,Friday,Evening,5:30 PM,10:30 PM
AV-03285,20261,FA-053,Saturday,Morning,7:30 AM,12:30 PM
AV-03286,20261,FA-053,Saturday,Afternoon,12:30 PM,5:30 PM
AV-03287,20261,FA-053,Saturday,Evening,5:30 PM,10:30 PM
AV-03288,20261,FA-054,Monday,Afternoon,12:30 PM,5:30 PM
AV-03289,20261,FA-054,Tuesday,Morning,7:30 AM,12:30 PM
AV-03290,20261,FA-054,Wednesday,Afternoon,12:30 PM,5:30 PM
AV-03291,20261,FA-054,Wednesday,Evening,5:30 PM,10:30 PM
AV-03292,20261,FA-054,Thursday,Morning,7:30 AM,12:30 PM
AV-03293,20261,FA-054,Thursday,Evening,5:30 PM,10:30 PM
AV-03294,20261,FA-054,Friday,Afternoon,12:30 PM,5:30 PM
AV-03295,20261,FA-054,Saturday,Morning,7:30 AM,12:30 PM
AV-03296,20261,FA-054,Saturday,Afternoon,12:30 PM,5:30 PM
AV-03297,20261,FA-054,Saturday,Evening,5:30 PM,10:30 PM
